customer_id,customer_name,age,employment_status,length_of_employment_years,annual_income,housing_status,city,state,join_date
CUST000001,Michael Jones,45,Unemployed,0.0,27118.02,Mortgage,San Diego,California,2021-06-12
CUST000002,Ramesh Shah,38,Employed,3.22,51883.1,Mortgage,Los Angeles,CA,2020-04-23
CUST000003,Thomas Rodriguez,47,Employed,1.95,,Own,Seattle,Washington,2015-04-20
CUST000004,Ramesh Patel,58,Employed,0.63,57858.94,Mortgage,Indianapolis,IN,2021-08-19
CUST000005,Rahul Gupta,37,retired,0.0,65183.23,Mortgage,Charlotte,NC,2020-03-04
CUST000006,Karen Mehta,37,Employed,5.55,79630.71,Rent,Dallas,TX,2018-04-23
CUST000007,Vikram Rao,58,Employed,0.26,120861.07,Rent,San Antonio,TX,2016-08-18
CUST000008,Jessica Wilson,49,Retired,0.0,22178.2,RENT,Fresno,CA,19/11/2017
CUST000009,Sneha Garcia,34,Self-Employed,0.22,85026.18,Own,Philadelphia,PA,12/07/2021
CUST000010,Rahul Singh,46,Unemployed,0.0,50976.32,mortgage,Raleigh,NC,2020-08-30
CUST000011,Sneha Rodriguez,34,Employed,0.46,66170.02,Rent,Las Vegas,NV,2019-03-23
CUST000012,Lisa Patel,34,Employed,2.07,113093.49,Own,Chicago,IL,2020-05-09
CUST000013,Neha Rao,42,Employed,9.1,29245.71,Mortgage,Los Angeles,CA,2017-09-17
CUST000014,Vikram Reddy,22,Self-Employed,4.75,32611.27,Mortgage,Philadelphia,PA,2018-08-23
CUST000015,William Mehta,22,Self-Employed,5.73,18746.12,Own,Columbus,OH,2018-07-02
CUST000016,Linda Reddy,33,Self-Employed,3.5,43066.67,Own,Charlotte,NC,2016-08-12
CUST000017,Joseph Anderson,27,Self-Employed,12.78,133020.62,Rent,Minneapolis,MN,2017-09-18
CUST000018,David Brown,43,employed,3.9,55695.11,Mortgage,Omaha,NE,2020-02-18
CUST000019,Jessica Kumar,29,Self-Employed,0.55,26793.78,Rent,Los Angeles,CA,23/11/2015
CUST000020,Vikram Hernandez,23,Employed,13.52,44738.64,RENT,Sacramento,CA,22/06/2018
CUST000021,Patricia Garcia,57,Employed,0.71,24520.95,Own,Fort Worth,TX,2015-01-01
CUST000022,Anjali Shah,37,Employed,35.47,30481.9,Own,Fresno,CA,2020-09-18
CUST000023,James Williams,40,Self-Employed,2.86,75606.03,Mortgage,Portland,OR,2021-11-10
CUST000024,Barbara Sharma,22,Unemployed,0.0,29604.33,Mortgage,Charlotte,North Carolina,19/12/2017
CUST000025,Ramesh Williams,33,Employed,9.98,116725.53,Rent,Baltimore,MD,2015-10-05
CUST000026,John Rodriguez,41,Employed,0.49,57372.93,Rent,Raleigh,NC,07/01/2018
CUST000027,Joseph Lopez,26,Employed,0.96,63029.42,Mortgage,Seattle,WA,2015-11-25
CUST000028,Jennifer Gupta,44,retired,0.0,50664.27,Own,New York,NY,2020-09-01
CUST000029,Robert Reddy,32,Self-Employed,5.64,95197.48,RENT,Austin,Texas,28/05/2020
CUST000030,Anjali Gonzalez,36,Retired,0.0,95788.31,Mortgage,Las Vegas,NV,2017-04-15
CUST000031,Amit Martinez,32,Unemployed,0.0,73206.0,Rent,El Paso,Texas,2020-09-06
CUST000032,Patricia Rao,62,Employed,7.58,84025.32,Mortgage,Seattle,WA,2017-03-30
CUST000033,Susan Shah,39,Employed,0.66,52719.79,Mortgage,San Jose,CA,2015-07-12
CUST000034,Kiran Anderson,27,EMPLOYED,5.21,82894.32,Mortgage,Columbus,OH,2019-01-15
CUST000035,James Miller,49,EMPLOYED,15.96,48887.32,Rent,El Paso,TX,2015-08-14
CUST000036,Amit Martinez,25,Employed,17.12,59954.37,Own,San Antonio,TX,2019-12-05
CUST000037,Richard Johnson,42,Employed,0.88,50777.76,Mortgage,Philadelphia,PA,2015-08-03
CUST000038,Pooja Kumar,22,Self-Employed,7.13,45509.16,Mortgage,Memphis,TN,2017-08-16
CUST000039,Joseph Gupta,24,Employed,9.37,39597.96,Own,San Antonio,TX,2016-04-22
CUST000040,David Mehta,42,Employed,10.99,79269.92,Rent,Washington,DC,2018-07-16
CUST000041,Robert Lopez,48,Employed,1.96,131447.6,Own,Washington,DC,2017-10-12
CUST000042,Sarah Shah,42,Employed,1.57,120893.01,Own,Omaha,NE,2020-04-09
CUST000043,James Garcia,38,Self-Employed,0.25,28171.35,Rent,San Francisco,CA,2021-01-29
CUST000044,Jennifer Rodriguez,36,self-employed,2.55,129770.38,Mortgage,Chicago,Illinois,2018-07-31
CUST000045,Vikram Lopez,22,Employed,0.66,49469.17,Own,Milwaukee,WI,2018-08-08
CUST000046,Vikram Gonzalez,31,Self-Employed,7.71,85857.12,Own,Fresno,CA,2019-06-05
CUST000047,Richard Kumar,34,Employed,0.77,34761.68,Rent,San Diego,CA,2020-08-13
CUST000048,James Reddy,52,Employed,8.54,65198.25,Rent,Memphis,TN,2021-01-29
CUST000049,John Williams,44,Employed,0.57,72275.02,Rent,Philadelphia,PA,2018-10-16
CUST000050,Charles Reddy,22,Retired,0.0,24568.91,Rent,Sacramento,CA,2016-12-20
CUST000051,Neha Lopez,43,Employed,2.43,86246.12,Rent,Denver,CO,2018-05-26
CUST000052,Karen Davis,35,Employed,4.6,134263.69,Mortgage,Arlington,TX,2017-03-07
CUST000053,Richard Anderson,31,Unemployed,0.0,53917.55,Rent,Boston,Massachusetts,2016-04-22
CUST000054,Vikram Patel,47,Employed,4.56,135415.2,Mortgage,Cleveland,OH,2020-12-22
CUST000055,James Rodriguez,52,Employed,0.0,53433.0,Rent,Fort Worth,TX,2016-03-23
CUST000056,Susan Wilson,51,Unemployed,0.0,99683.03,Rent,Phoenix,AZ,2021-02-28
CUST000057,Pooja Brown,29,Employed,3.64,15817.28,Rent,Chicago,IL,2018-03-13
CUST000058,John Kumar,36,SELF-EMPLOYED,1.3,255573.84,Mortgage,Charlotte,NC,2020-02-18
CUST000059,Charles Hernandez,43,Self-Employed,0.4,146865.86,Mortgage,Denver,CO,2019-08-30
CUST000060,Linda Kumar,51,Self-Employed,1.23,50474.56,Mortgage,Philadelphia,PA,2018-09-22
CUST000061,Thomas Singh,34,Retired,0.0,,Mortgage,Charlotte,NC,27/05/2018
CUST000062,Thomas Nair,37,unemployed,0.0,71169.31,Rent,San Antonio,TX,2021-06-03
CUST000063,Deepa Gonzalez,26,Self-Employed,1.05,25175.96,Mortgage,Memphis,TN,2016-04-10
CUST000064,Sneha Rao,25,Unemployed,0.0,78191.18,Own,Seattle,WA,2020-03-12
CUST000065,Sarah Rao,49,Retired,0.0,76644.98,Mortgage,Milwaukee,WI,2020-12-01
CUST000066,Arjun Rao,56,Retired,0.0,34035.46,Rent,Boston,MA,2020-06-20
CUST000067,Anil Mehta,39,Self-Employed,6.64,,RENT,Austin,TX,12/04/2017
CUST000068,Anil Patel,52,Employed,12.59,97085.26,Mortgage,Boston,MA,2017-10-08
CUST000069,Mary Sharma,44,Self-Employed,2.33,107526.65,OWN,Washington,DC,2020-11-02
CUST000070,Linda Rodriguez,32,Employed,5.83,,Own,Columbus,OH,2018-06-14
CUST000071,John Gonzalez,44,Employed,5.04,25608.65,Own,Seattle,WA,2021-06-19
CUST000072,Joseph Mehta,58,Employed,2.74,107658.92,Own,Phoenix,AZ,22/04/2016
CUST000073,Joseph Hernandez,39,Retired,0.0,50908.09,Rent,Omaha,NE,2019-04-12
CUST000074,Sunita Lopez,58,Employed,3.21,26007.28,Mortgage,Austin,TX,2018-08-10
CUST000075,Amit Singh,22,Self-Employed,2.19,134756.35,Mortgage,Fresno,CA,2019-01-30
CUST000076,James Nair,49,Employed,3.99,211006.56,Rent,Indianapolis,Indiana,2016-12-24
CUST000077,Thomas Davis,41,employed,0.67,58410.51,Mortgage,Austin,TX,2021-06-29
CUST000078,Charles Williams,36,Employed,6.44,218703.61,Own,Milwaukee,WI,2017-07-30
CUST000079,Vikram Mehta,41,Self-Employed,7.75,63246.11,Mortgage,Memphis,TN,2020-07-13
CUST000080,Arjun Williams,22,Unemployed,0.0,47654.22,Own,Seattle,Washington,2015-03-04
CUST000081,Susan Sharma,37,Employed,0.96,41016.3,MORTGAGE,Sacramento,CA,2017-09-24
CUST000082,Priya Lopez,44,EMPLOYED,4.89,159891.29,Rent,Charlotte,NC,2021-10-11
CUST000083,Jessica Patel,57,Self-Employed,15.6,37493.16,Rent,Oklahoma City,OK,30/07/2020
CUST000084,Karen Garcia,33,Employed,6.03,93075.06,Own,Houston,TX,2021-04-07
CUST000085,Richard Sharma,30,Employed,0.66,42808.92,mortgage,Charlotte,NC,2016-12-07
CUST000086,Richard Davis,33,EMPLOYED,2.53,45424.91,Rent,Chicago,IL,10/03/2015
CUST000087,Sarah Rodriguez,50,Self-Employed,12.35,111095.98,Mortgage,Oklahoma City,OK,2019-06-28
CUST000088,Jessica Davis,43,Employed,5.03,47666.2,Mortgage,Louisville,KY,2021-12-19
CUST000089,Richard Davis,33,Employed,0.8,46963.35,OWN,Seattle,WA,2019-01-31
CUST000090,Neha Jones,46,Retired,0.0,118146.76,Rent,Phoenix,AZ,2019-10-05
CUST000091,Michael Brown,41,Self-Employed,2.18,,Rent,Columbus,OH,2019-10-27
CUST000092,Jennifer Mehta,51,Employed,3.36,88151.65,Rent,Cleveland,OH,2021-12-23
CUST000093,Kiran Gupta,31,EMPLOYED,2.68,,RENT,Oklahoma City,OK,2015-03-31
CUST000094,James Rao,36,Employed,6.47,44074.42,Own,Columbus,OH,2019-06-22
CUST000095,Robert Sharma,35,Employed,1.23,62815.0,Rent,Miami,FL,2021-02-08
CUST000096,Rahul Gupta,22,Employed,2.46,72588.23,Mortgage,Louisville,KY,2020-02-24
CUST000097,Priya Sharma,43,Employed,6.82,33099.73,rent,Milwaukee,WI,2019-12-07
CUST000098,Karen Sharma,43,employed,6.1,92394.5,Rent,San Jose,California,2019-05-24
CUST000099,Susan Rao,40,Retired,0.0,63026.34,Rent,San Francisco,CA,2020-01-15
CUST000100,Pooja Rodriguez,37,Retired,0.0,21387.78,Rent,Dallas,TX,10/03/2021
CUST000101,Vikram Davis,23,Employed,0.07,34291.2,Mortgage,Indianapolis,IN,22/12/2016
CUST000102,William Johnson,34,Self-Employed,3.78,44246.11,Rent,Sacramento,CA,2018-07-27
CUST000103,Amit Wilson,35,Employed,1.65,57313.15,Rent,Fresno,CA,2020-09-09
CUST000104,Sneha Singh,30,Self-Employed,0.06,186012.15,Mortgage,San Francisco,California,2020-10-07
CUST000105,Robert Kumar,38,Employed,2.76,,Rent,Raleigh,NC,2019-06-01
CUST000106,Neha Gonzalez,44,Retired,0.0,36153.78,Rent,Las Vegas,NV,2021-03-06
CUST000107,Susan Anderson,62,Unemployed,0.0,68348.75,Mortgage,Raleigh,NC,2016-06-28
CUST000108,Linda Nair,42,EMPLOYED,2.33,48472.28,Own,Louisville,KY,2015-03-16
CUST000109,Amit Anderson,43,Self-Employed,2.98,72755.15,Own,Boston,MA,2017-10-05
CUST000110,Priya Nair,39,Self-Employed,1.39,84824.58,Own,Charlotte,North Carolina,2019-10-01
CUST000111,James Smith,22,Employed,0.35,123690.58,Mortgage,Dallas,TX,2019-03-05
CUST000112,Jessica Gonzalez,39,Self-Employed,5.92,59007.99,Mortgage,Minneapolis,MN,07/10/2019
CUST000113,Michael Hernandez,40,Self-Employed,8.05,160071.57,Mortgage,Miami,FL,2019-07-10
CUST000114,Rahul Gupta,69,Unemployed,0.0,,Mortgage,Philadelphia,PA,2019-10-27
CUST000115,Thomas Garcia,37,Self-Employed,13.69,39164.9,Rent,Houston,TX,06/04/2016
CUST000116,Thomas Davis,43,Employed,12.38,225463.46,Mortgage,San Diego,CA,2019-07-25
CUST000117,Karen Sharma,39,Unemployed,0.0,72852.83,Rent,San Jose,CA,2016-05-30
CUST000118,Arjun Lopez,25,Retired,0.0,36276.5,Own,Austin,TX,2017-04-01
CUST000119,Susan Sharma,53,Employed,2.39,161417.24,Mortgage,Las Vegas,NV,2018-12-01
CUST000120,Ramesh Miller,49,Employed,10.86,208285.82,Mortgage,Omaha,NE,2017-12-20
CUST000121,Sunita Nair,49,Self-Employed,2.91,58699.4,Rent,Phoenix,AZ,2021-09-19
CUST000122,Rahul Lopez,29,Retired,0.0,44258.82,Mortgage,Memphis,TN,2015-10-05
CUST000123,Vikram Rodriguez,56,Employed,0.06,53991.13,OWN,Memphis,TN,2019-04-13
CUST000124,Deepa Garcia,23,Employed,0.27,91935.18,Mortgage,Omaha,NE,2019-01-27
CUST000125,William Patel,47,Employed,5.56,128889.92,Mortgage,Milwaukee,WI,2015-10-24
CUST000126,Joseph Brown,66,Self-Employed,13.87,84313.09,Mortgage,Tucson,AZ,23/04/2017
CUST000127,Karen Davis,28,Retired,0.0,63642.32,Mortgage,San Francisco,CA,2020-07-26
CUST000128,Ramesh Gonzalez,33,Employed,0.49,147091.05,Mortgage,Sacramento,CA,2021-08-31
CUST000129,Richard Jones,41,Employed,1.2,49627.39,Rent,New York,NY,2020-03-25
CUST000130,Barbara Sharma,33,Retired,0.0,111140.63,Rent,San Diego,CA,2016-07-09
CUST000131,James Garcia,22,Employed,1.73,50370.57,Mortgage,Fresno,CA,2018-12-24
CUST000132,Sunita Sharma,40,Unemployed,0.0,77545.01,Own,Seattle,WA,2015-01-25
CUST000133,William Shah,27,Employed,1.34,55930.35,Rent,El Paso,TX,2020-10-07
CUST000134,Amit Singh,45,Employed,12.71,57900.93,mortgage,San Diego,CA,2016-04-01
CUST000135,Priya Sharma,28,employed,11.05,47742.06,mortgage,Denver,CO,2018-04-30
CUST000136,Lisa Rodriguez,58,Self-Employed,1.9,134176.64,Mortgage,Las Vegas,NV,17/03/2019
CUST000137,Patricia Gonzalez,30,Retired,0.0,38570.55,Rent,Austin,TX,2021-10-12
CUST000138,Michael Nair,36,Retired,0.0,38401.84,Rent,Milwaukee,WI,2017-10-27
CUST000139,David Johnson,49,Unemployed,0.0,213757.21,Rent,New York,NY,2015-04-02
CUST000140,Jessica Rodriguez,25,Employed,5.16,107657.32,Rent,San Francisco,CA,2020-08-05
CUST000141,Sneha Shah,42,EMPLOYED,0.33,15000.0,rent,Minneapolis,MN,2020-11-08
CUST000142,Michael Anderson,55,Employed,2.1,42652.65,Rent,Jacksonville,FL,2018-09-19
CUST000143,Arjun Rodriguez,22,Retired,0.0,20187.25,Own,Minneapolis,Minnesota,10/04/2016
CUST000144,Rahul Lopez,42,Employed,0.26,33846.32,Rent,San Antonio,TX,2016-12-27
CUST000145,Thomas Lopez,43,Retired,0.0,15000.0,Own,Nashville,TN,2020-06-10
CUST000146,Mary Wilson,49,RETIRED,0.0,55149.68,Rent,Minneapolis,MN,23/03/2017
CUST000147,Linda Lopez,25,Employed,0.2,30176.99,Own,Omaha,NE,03/03/2015
CUST000148,Richard Patel,24,Unemployed,0.0,62065.35,Mortgage,Fort Worth,TX,2018-05-01
CUST000149,Susan Rao,46,Retired,0.0,22582.43,Own,San Jose,CA,2021-12-27
CUST000150,Charles Lopez,43,Unemployed,0.0,,Mortgage,Boston,MA,2019-05-13
CUST000151,Priya Mehta,43,Self-Employed,19.39,46679.03,Mortgage,Austin,TX,2020-07-31
CUST000152,Pooja Sharma,44,Unemployed,0.0,147439.29,Own,Fresno,CA,2020-07-18
CUST000153,Deepa Williams,31,Employed,0.45,139638.77,Rent,Tucson,AZ,2015-02-01
CUST000154,Anjali Gupta,42,Self-Employed,7.41,95914.01,Rent,New York,NY,2021-11-23
CUST000155,Charles Anderson,43,Employed,6.17,49218.84,Rent,Omaha,NE,2019-05-22
CUST000156,Barbara Garcia,31,EMPLOYED,4.33,197053.05,Rent,Oklahoma City,OK,2016-10-28
CUST000157,Arjun Wilson,62,Unemployed,0.0,23580.58,Rent,Miami,FL,2015-09-07
CUST000158,Vikram Williams,45,Self-Employed,12.13,25793.17,Rent,Los Angeles,CA,2020-12-31
CUST000159,Jennifer Garcia,25,Employed,5.75,56938.68,Mortgage,San Diego,CA,2020-05-10
CUST000160,Arjun Davis,47,Employed,0.59,231520.31,mortgage,Boston,MA,2018-02-09
CUST000161,Priya Hernandez,28,RETIRED,0.0,53029.13,Rent,Nashville,TN,25/04/2021
CUST000162,Charles Nair,49,Unemployed,0.0,53640.13,Mortgage,Indianapolis,IN,2018-05-21
CUST000163,Karen Gupta,53,Employed,1.73,25206.41,Own,Houston,Texas,2021-07-14
CUST000164,Vikram Rodriguez,30,Retired,0.0,105615.22,rent,Indianapolis,Indiana,2015-08-06
CUST000165,Deepa Rao,51,Employed,4.72,106075.43,Mortgage,Cleveland,OH,01/06/2021
CUST000166,Rahul Reddy,44,self-employed,5.75,96128.88,Mortgage,Philadelphia,PA,2016-04-15
CUST000167,Amit Anderson,49,Self-Employed,5.99,41046.78,Own,Philadelphia,PA,2016-10-05
CUST000168,Sunita Garcia,62,Retired,0.0,39182.13,Rent,Miami,FL,2019-10-23
CUST000169,Susan Smith,37,Unemployed,0.0,27560.16,Rent,Phoenix,AZ,17/06/2018
CUST000170,William Reddy,30,employed,1.11,62964.32,Own,Fresno,California,2015-06-02
CUST000171,Sarah Mehta,29,Self-Employed,4.6,31311.97,Own,Dallas,TX,2019-04-18
CUST000172,Thomas Reddy,30,Employed,4.19,,own,Dallas,TX,2020-07-09
CUST000173,Jennifer Miller,39,Employed,3.5,46433.92,Rent,Atlanta,GA,2015-08-04
CUST000174,David Gonzalez,44,Employed,1.76,44645.39,Mortgage,Sacramento,CA,2017-04-10
CUST000175,Michael Brown,43,Employed,1.35,43356.54,Mortgage,Austin,TX,2015-01-13
CUST000176,John Sharma,49,Employed,11.05,79210.71,Own,San Francisco,CA,2016-12-12
CUST000177,Patricia Smith,40,EMPLOYED,0.25,62782.31,Mortgage,Tucson,AZ,27/09/2015
CUST000178,Vikram Kumar,57,Self-Employed,5.34,50367.75,Mortgage,Omaha,NE,2021-04-11
CUST000179,Jennifer Brown,36,Self-Employed,0.1,66823.34,Mortgage,Las Vegas,NV,2019-11-01
CUST000180,Thomas Gupta,72,Employed,1.08,33027.1,Own,Columbus,OH,2018-05-30
CUST000181,Barbara Williams,47,Retired,0.0,63778.23,Mortgage,Fresno,CA,2016-10-25
CUST000182,Anjali Martinez,29,Employed,10.88,65536.43,Mortgage,Fort Worth,TX,2015-09-16
CUST000183,Joseph Davis,27,Employed,0.74,24298.55,Mortgage,Nashville,TN,2019-06-16
CUST000184,Charles Anderson,45,Employed,13.89,108816.28,MORTGAGE,Louisville,KY,2019-07-10
CUST000185,William Jones,37,Employed,8.45,35282.41,Rent,Boston,MA,2019-09-08
CUST000186,Amit Garcia,48,Employed,5.68,63207.98,Mortgage,Baltimore,MD,2016-08-03
CUST000187,Mary Johnson,45,Retired,0.0,120408.7,Rent,Tucson,AZ,2017-11-26
CUST000188,Neha Hernandez,39,Employed,11.78,104339.58,own,Baltimore,Maryland,2017-04-14
CUST000189,Sneha Anderson,29,Employed,3.75,61120.34,Own,San Diego,CA,2020-06-02
CUST000190,Karen Singh,22,Employed,2.32,48170.43,Own,Indianapolis,IN,2021-06-14
CUST000191,Deepa Jones,34,Unemployed,0.0,105715.54,Mortgage,Charlotte,NC,26/10/2018
CUST000192,Susan Patel,50,Employed,1.32,,Own,Phoenix,AZ,2016-07-17
CUST000193,Anil Shah,42,Unemployed,0.0,,Own,El Paso,TX,2020-03-22
CUST000194,Ramesh Kumar,25,Employed,12.59,37162.81,Mortgage,Los Angeles,CA,06/05/2017
CUST000195,Lisa Lopez,42,Employed,7.9,17267.59,Rent,Raleigh,NC,2015-10-03
CUST000196,Sneha Singh,44,Employed,3.6,65671.42,Rent,Sacramento,CA,2021-08-27
CUST000197,Joseph Williams,29,Unemployed,0.0,56975.77,Mortgage,Charlotte,NC,2017-11-19
CUST000198,Deepa Martinez,41,Self-Employed,8.24,118387.07,Mortgage,Raleigh,NC,17/02/2019
CUST000199,Rahul Wilson,40,Employed,4.23,74267.82,Rent,Charlotte,NC,2016-11-08
CUST000200,Thomas Jones,26,Employed,2.68,133324.0,MORTGAGE,New York,NY,2016-01-21
CUST000201,Lisa Smith,44,Employed,3.62,39402.38,Rent,Phoenix,AZ,2017-08-03
CUST000202,James Kumar,46,Employed,1.32,118526.31,Rent,Houston,Texas,2019-01-12
CUST000203,William Lopez,52,Employed,1.13,43592.93,Rent,Charlotte,NC,2016-04-17
CUST000204,Charles Sharma,52,Unemployed,0.0,95469.07,Mortgage,Phoenix,AZ,2016-08-20
CUST000205,James Nair,23,Self-Employed,17.47,24952.89,Mortgage,Chicago,IL,24/09/2017
CUST000206,Kiran Rao,28,Employed,2.73,68946.16,Rent,El Paso,TX,2017-08-02
CUST000207,Sneha Martinez,46,Retired,0.0,18200.19,Mortgage,Phoenix,AZ,2020-05-08
CUST000208,James Rao,46,Retired,0.0,51006.97,Rent,Minneapolis,MN,2016-02-11
CUST000209,Ramesh Martinez,46,Employed,6.47,77980.37,Mortgage,Indianapolis,IN,2016-02-26
CUST000210,Joseph Smith,75,Employed,0.52,43801.3,Rent,Seattle,WA,2018-07-10
CUST000211,Rahul Miller,46,Retired,0.0,31880.1,Mortgage,Miami,FL,2015-11-17
CUST000212,Sunita Singh,53,SELF-EMPLOYED,1.44,99475.94,Own,Columbus,OH,2017-03-05
CUST000213,Ramesh Gonzalez,51,Employed,24.55,56270.31,Mortgage,Fresno,CA,17/06/2021
CUST000214,Sarah Garcia,47,Self-Employed,6.91,44634.29,Mortgage,Dallas,TX,2016-10-17
CUST000215,Anjali Gonzalez,36,Employed,0.24,61398.31,Own,Cleveland,OH,2016-01-26
CUST000216,Joseph Rodriguez,49,Unemployed,0.0,291268.7,Mortgage,Cleveland,OH,2017-12-10
CUST000217,Jennifer Wilson,30,Employed,13.15,,Own,Atlanta,GA,2020-02-17
CUST000218,Sarah Kumar,37,Self-Employed,2.03,120275.98,Mortgage,Indianapolis,IN,17/11/2019
CUST000219,Karen Martinez,34,Employed,5.14,77755.75,Mortgage,Atlanta,GA,2021-08-16
CUST000220,Karen Wilson,40,EMPLOYED,5.73,66163.96,Own,Portland,OR,2018-03-28
CUST000221,Richard Williams,67,Employed,6.54,15000.0,Mortgage,Fort Worth,TX,2020-08-20
CUST000222,Susan Jones,22,Employed,5.91,39839.41,Own,San Antonio,TX,2021-03-04
CUST000223,Charles Brown,48,Self-Employed,4.1,44875.86,Rent,San Antonio,TX,23/07/2020
CUST000224,Anil Gupta,22,Employed,15.38,19439.55,Mortgage,Las Vegas,NV,2019-04-01
CUST000225,Deepa Rodriguez,34,Employed,3.59,29898.11,Rent,Washington,DC,2016-10-27
CUST000226,Kiran Miller,53,Employed,0.59,,own,Las Vegas,NV,2020-05-16
CUST000227,Priya Smith,40,Self-Employed,0.42,58513.09,Mortgage,Portland,OR,2018-09-21
CUST000228,Barbara Johnson,27,Employed,0.09,97856.71,Mortgage,Milwaukee,WI,21/10/2021
CUST000229,Mary Garcia,31,Employed,2.79,116315.86,Own,Houston,TX,2015-04-22
CUST000230,Michael Martinez,48,Retired,0.0,76793.15,Own,San Antonio,Texas,2015-04-29
CUST000231,Karen Jones,31,Employed,11.28,33589.28,Mortgage,Houston,TX,2018-02-25
CUST000232,Deepa Reddy,42,Unemployed,0.0,18784.0,Own,Louisville,KY,18/09/2015
CUST000233,James Davis,40,Employed,9.1,,Mortgage,El Paso,TX,2020-12-27
CUST000234,Jennifer Jones,32,Self-Employed,10.1,27962.24,Mortgage,San Antonio,TX,2018-09-03
CUST000235,James Sharma,65,Employed,1.77,35125.55,Own,Indianapolis,IN,2017-08-10
CUST000236,Jessica Hernandez,47,Unemployed,0.0,54401.71,Mortgage,Fort Worth,Texas,2016-11-24
CUST000237,Sunita Martinez,22,Employed,1.87,32581.55,Rent,Fort Worth,TX,19/08/2015
CUST000238,Kiran Lopez,42,Employed,0.45,73378.45,Rent,Fresno,CA,2020-06-03
CUST000239,Anil Nair,32,Employed,12.89,52085.19,Own,Baltimore,MD,2018-09-26
CUST000240,Robert Hernandez,50,Unemployed,0.0,60254.19,Own,Dallas,TX,2015-07-21
CUST000241,Jennifer Rao,30,Unemployed,0.0,118675.76,mortgage,Las Vegas,NV,2020-02-16
CUST000242,Barbara Johnson,38,Employed,1.15,29491.61,Own,Jacksonville,FL,2016-08-19
CUST000243,Karen Rao,46,Employed,3.0,76973.98,Own,Seattle,WA,2015-08-26
CUST000244,Vikram Williams,50,Self-Employed,0.27,59374.26,Mortgage,Milwaukee,WI,2020-09-18
CUST000245,Sneha Garcia,25,Unemployed,0.0,,Own,Indianapolis,IN,31/10/2016
CUST000246,Richard Rodriguez,35,Self-Employed,6.08,101839.55,Mortgage,Phoenix,AZ,2019-12-29
CUST000247,Anjali Smith,34,RETIRED,0.0,101458.84,Mortgage,Baltimore,MD,2019-11-11
CUST000248,Linda Rao,32,Employed,13.21,33931.72,Own,Sacramento,CA,2016-11-29
CUST000249,Sarah Gonzalez,61,Employed,3.67,53675.06,Mortgage,San Antonio,TX,2016-12-11
CUST000250,Deepa Davis,44,Employed,1.87,70878.83,Mortgage,Houston,TX,2016-03-31
CUST000251,Robert Miller,24,self-employed,12.68,50827.66,Mortgage,Fresno,California,2019-06-01
CUST000252,Anil Reddy,51,Employed,7.72,85051.55,Rent,New York,NY,2020-04-08
CUST000253,Michael Kumar,65,Employed,4.42,70877.99,Rent,Philadelphia,PA,2020-09-18
CUST000254,Jessica Sharma,52,Employed,9.0,179788.55,Mortgage,Indianapolis,IN,2016-06-05
CUST000255,Anjali Mehta,22,employed,3.07,23904.75,rent,Austin,TX,2020-01-01
CUST000256,Lisa Hernandez,34,Employed,0.6,55633.37,Own,Portland,OR,2015-03-05
CUST000257,David Shah,55,employed,13.92,34714.01,Mortgage,Miami,FL,2016-04-17
CUST000258,Robert Reddy,9,Retired,0.0,86031.13,Rent,Atlanta,GA,30/07/2021
CUST000259,Amit Brown,45,Employed,5.94,22690.39,Mortgage,Columbus,OH,10/04/2015
CUST000260,Thomas Sharma,49,Employed,2.49,73702.18,Own,Louisville,KY,2017-11-24
CUST000261,Lisa Miller,28,Self-Employed,0.73,41026.4,Own,Houston,TX,2020-10-28
CUST000262,Rahul Johnson,39,Unemployed,0.0,38541.96,Mortgage,Austin,TX,08/08/2019
CUST000263,Jessica Brown,22,Self-Employed,0.22,25137.12,MORTGAGE,Memphis,TN,2015-05-06
CUST000264,Sarah Shah,27,Employed,0.46,45295.11,RENT,New York,NY,2018-04-04
CUST000265,Ramesh Hernandez,36,Unemployed,0.0,114771.71,OWN,Memphis,TN,2018-06-05
CUST000266,James Garcia,25,Employed,4.12,58976.05,Rent,San Francisco,CA,2018-12-03
CUST000267,Karen Patel,59,Employed,24.73,87256.58,Own,Milwaukee,WI,2016-11-24
CUST000268,Linda Gonzalez,22,Self-Employed,9.28,162557.18,Rent,Denver,CO,09/04/2016
CUST000269,Sarah Smith,34,Self-Employed,0.45,70140.34,Rent,Las Vegas,NV,2017-08-03
CUST000270,Robert Patel,41,Employed,9.24,42818.27,Own,Sacramento,CA,2020-07-20
CUST000271,Sneha Nair,57,Retired,0.0,,Mortgage,Miami,FL,2021-09-20
CUST000272,Barbara Lopez,22,Self-Employed,5.4,43192.51,Own,San Jose,CA,2020-10-31
CUST000273,Jennifer Davis,53,Unemployed,0.0,44238.31,Rent,Fort Worth,TX,2017-07-01
CUST000274,David Sharma,40,employed,2.52,,Mortgage,Denver,CO,16/11/2017
CUST000275,Jennifer Mehta,28,Employed,10.78,104375.94,Rent,Columbus,OH,2019-05-21
CUST000276,Arjun Rao,45,Employed,2.77,47495.89,Own,Houston,TX,2020-01-08
CUST000277,Patricia Johnson,42,Employed,0.68,66786.68,Rent,Raleigh,NC,2020-09-23
CUST000278,Neha Shah,32,Employed,1.86,32158.2,Mortgage,Fresno,CA,2019-03-15
CUST000279,Barbara Nair,40,Self-Employed,1.25,77774.48,Mortgage,Houston,TX,2016-03-21
CUST000280,Michael Jones,35,Self-Employed,5.81,37904.88,Mortgage,Oklahoma City,OK,2017-03-14
CUST000281,Kiran Davis,41,Employed,12.1,54993.75,Mortgage,Houston,TX,2018-02-01
CUST000282,Priya Singh,47,Employed,6.61,101386.54,Own,Houston,TX,2015-12-01
CUST000283,Neha Anderson,59,Employed,9.28,96226.07,Mortgage,Raleigh,NC,2020-10-09
CUST000284,Richard Smith,25,Unemployed,0.0,59087.93,Own,Atlanta,GA,2021-10-29
CUST000285,Anjali Lopez,65,Employed,0.07,20725.53,Mortgage,Minneapolis,MN,2015-05-05
CUST000286,William Rodriguez,22,Self-Employed,0.66,360658.33,Mortgage,Tucson,AZ,2016-07-31
CUST000287,Robert Sharma,38,Self-Employed,2.75,170674.82,Own,Austin,TX,2015-05-24
CUST000288,Deepa Singh,47,Employed,0.59,92374.38,Mortgage,Houston,Texas,2018-01-31
CUST000289,Charles Singh,43,Employed,6.64,38104.12,Rent,Minneapolis,MN,2015-05-04
CUST000290,Kiran Miller,32,Employed,0.36,55929.36,Own,Philadelphia,PA,2016-12-06
CUST000291,Susan Singh,37,Unemployed,0.0,43215.21,Mortgage,Jacksonville,FL,2019-01-23
CUST000292,Neha Hernandez,34,Self-Employed,2.49,127811.73,Rent,Phoenix,AZ,2017-01-25
CUST000293,Anil Rodriguez,32,Self-Employed,3.92,70087.64,Own,Omaha,NE,2019-03-22
CUST000294,David Williams,50,self-employed,4.96,37402.83,Mortgage,Phoenix,AZ,2021-02-23
CUST000295,Amit Jones,44,Employed,14.68,45141.03,Own,Indianapolis,IN,2018-08-20
CUST000296,Deepa Martinez,31,Employed,1.58,117326.14,Own,Louisville,KY,2020-07-30
CUST000297,Thomas Singh,50,Unemployed,0.0,156382.27,Rent,San Diego,CA,2021-09-19
CUST000298,Rahul Anderson,43,Unemployed,0.0,149791.4,Mortgage,Cleveland,Ohio,07/11/2015
CUST000299,James Rao,49,SELF-EMPLOYED,0.01,94298.38,Mortgage,Indianapolis,IN,2018-03-21
CUST000300,Pooja Gonzalez,47,Self-Employed,0.13,51453.05,Rent,Raleigh,NC,02/05/2018
CUST000301,Susan Smith,30,Employed,2.98,15000.0,Own,Omaha,NE,2020-08-05
CUST000302,Rahul Rao,33,Employed,4.05,71560.32,MORTGAGE,Chicago,IL,2020-07-02
CUST000303,Sarah Hernandez,48,Self-Employed,0.03,59808.48,Rent,Arlington,TX,2016-07-14
CUST000304,John Mehta,47,Retired,0.0,65120.15,Mortgage,Philadelphia,Pennsylvania,2017-01-01
CUST000305,Anjali Miller,39,Employed,0.21,,Own,Portland,OR,05/10/2019
CUST000306,Amit Mehta,41,Employed,5.3,27017.57,Mortgage,Raleigh,NC,09/11/2021
CUST000307,Kiran Rao,55,Employed,4.99,83654.05,Own,Cleveland,OH,2015-08-05
CUST000308,Barbara Gupta,32,Employed,7.67,87494.38,Mortgage,Tucson,AZ,2018-08-17
CUST000309,Charles Hernandez,46,Employed,3.95,90165.6,Rent,Oklahoma City,OK,04/03/2017
CUST000310,Sunita Shah,37,Retired,0.0,105656.25,Own,San Francisco,CA,2017-06-20
CUST000311,Priya Brown,37,UNEMPLOYED,0.0,86028.25,Own,Columbus,OH,2016-11-25
CUST000312,Michael Kumar,53,Unemployed,0.0,46816.1,Mortgage,Oklahoma City,OK,2021-07-08
CUST000313,John Johnson,49,Self-Employed,6.68,,rent,Indianapolis,IN,2021-10-10
CUST000314,William Garcia,49,Employed,4.73,63238.9,Mortgage,San Francisco,CA,2016-12-25
CUST000315,Robert Miller,55,Retired,0.0,63870.93,Own,Louisville,KY,2017-01-17
CUST000316,Michael Sharma,40,Employed,22.65,108981.19,Mortgage,Dallas,TX,2020-03-21
CUST000317,Richard Brown,48,Retired,0.0,88097.66,MORTGAGE,Nashville,TN,2021-04-12
CUST000318,Robert Patel,36,Self-Employed,21.21,208231.57,Mortgage,Milwaukee,Wisconsin,2018-07-17
CUST000319,Anjali Mehta,43,Employed,5.21,225005.78,Rent,Oklahoma City,OK,2016-03-01
CUST000320,Kiran Kumar,38,Employed,0.48,,Mortgage,Phoenix,AZ,21/07/2020
CUST000321,Thomas Johnson,41,Employed,0.47,15000.0,Mortgage,New York,NY,2018-10-29
CUST000322,Rahul Davis,47,Employed,8.23,125756.09,Own,Milwaukee,WI,02/11/2019
CUST000323,John Smith,30,Employed,1.35,43294.21,Rent,Arlington,TX,06/02/2015
CUST000324,Jessica Shah,65,Unemployed,0.0,37016.15,Mortgage,Cleveland,OH,30/12/2016
CUST000325,Kiran Williams,27,Self-Employed,3.2,47142.62,Rent,San Antonio,TX,03/02/2017
CUST000326,Anil Shah,25,Employed,1.89,45798.85,Rent,Phoenix,AZ,2015-10-26
CUST000327,Patricia Lopez,53,Employed,4.44,86453.49,Own,Fresno,CA,22/08/2018
CUST000328,Sunita Lopez,49,Self-Employed,4.58,23490.2,Rent,Columbus,OH,2016-06-28
CUST000329,Patricia Gupta,47,Employed,5.72,31362.48,Mortgage,Minneapolis,Minnesota,2015-01-25
CUST000330,Karen Kumar,47,Employed,4.3,73562.83,Mortgage,San Francisco,CA,2017-01-19
CUST000331,Robert Reddy,39,Self-Employed,2.4,87008.96,Rent,Dallas,TX,2017-12-10
CUST000332,John Martinez,29,employed,0.12,87985.3,Rent,Washington,DC,2016-02-26
CUST000333,John Miller,40,employed,11.77,37338.42,Rent,Phoenix,Arizona,2020-01-20
CUST000334,Amit Brown,31,Employed,1.98,33290.94,MORTGAGE,Indianapolis,IN,2021-06-08
CUST000335,Michael Reddy,51,Employed,3.54,44179.63,Rent,Boston,MA,2019-09-28
CUST000336,Joseph Singh,38,EMPLOYED,4.07,69142.42,Rent,Denver,CO,2021-03-11
CUST000337,Anjali Miller,30,employed,1.89,145988.98,Mortgage,Austin,TX,2017-12-13
CUST000338,Richard Kumar,36,Employed,1.84,17527.7,Rent,Baltimore,MD,2017-12-29
CUST000339,Sarah Patel,44,unemployed,0.0,52447.23,Rent,Fresno,California,2021-05-17
CUST000340,Susan Singh,33,Self-Employed,1.39,26913.76,Mortgage,Nashville,TN,2020-03-27
CUST000341,Sunita Reddy,30,Self-Employed,0.15,22217.92,Rent,Arlington,TX,2018-07-13
CUST000342,Michael Rao,42,Employed,15.84,106956.13,Rent,Tucson,Arizona,2017-01-28
CUST000343,Neha Mehta,42,Employed,4.52,83014.85,Rent,New York,NY,2020-11-30
CUST000344,Anil Nair,33,Employed,0.57,78406.34,OWN,Sacramento,CA,2017-07-20
CUST000345,Ramesh Brown,34,Unemployed,0.0,104048.82,Mortgage,Nashville,TN,2020-10-27
CUST000346,David Garcia,42,Employed,1.32,,Rent,San Antonio,TX,2018-12-26
CUST000347,Vikram Kumar,22,Employed,1.86,46185.33,Own,Dallas,TX,27/03/2021
CUST000348,Arjun Mehta,23,Employed,8.08,222223.38,Rent,San Francisco,CA,2018-06-22
CUST000349,David Singh,31,Retired,0.0,51640.29,Mortgage,San Diego,CA,2020-01-23
CUST000350,Deepa Lopez,37,Retired,0.0,93067.4,Own,San Antonio,TX,2016-07-04
CUST000351,Priya Singh,43,Employed,13.48,60103.83,Own,Sacramento,CA,24/11/2016
CUST000352,Priya Lopez,57,Self-Employed,11.77,19752.69,Rent,San Jose,CA,2016-02-27
CUST000353,Sunita Rao,50,Employed,4.01,17557.26,mortgage,Seattle,Washington,2021-03-11
CUST000354,Ramesh Reddy,38,Employed,11.92,42302.84,Mortgage,Denver,CO,2015-04-27
CUST000355,Priya Gupta,39,Employed,3.94,112832.62,Mortgage,Omaha,NE,2021-07-21
CUST000356,Sarah Patel,27,Employed,0.55,96083.7,Mortgage,Columbus,OH,2016-02-03
CUST000357,Jessica Gonzalez,39,Employed,8.84,103615.92,Own,El Paso,TX,2019-03-02
CUST000358,Thomas Lopez,36,Retired,0.0,33116.02,Rent,Columbus,OH,31/03/2018
CUST000359,Deepa Anderson,43,Unemployed,0.0,157869.42,Rent,San Francisco,CA,2016-03-29
CUST000360,Vikram Smith,30,employed,2.39,33559.12,Own,Minneapolis,MN,2019-11-04
CUST000361,Robert Martinez,5,Employed,8.23,68029.36,Mortgage,Miami,FL,2018-01-09
CUST000362,Mary Kumar,58,employed,0.44,59503.39,Mortgage,San Francisco,CA,2017-02-03
CUST000363,William Martinez,38,Employed,2.94,53942.6,Own,Houston,TX,2020-07-24
CUST000364,James Martinez,44,Unemployed,0.0,133673.47,Rent,Philadelphia,PA,2018-12-07
CUST000365,Joseph Miller,48,Employed,4.36,39219.67,Mortgage,Las Vegas,NV,2017-06-24
CUST000366,Priya Smith,35,Self-Employed,2.18,26641.8,Own,Seattle,WA,2017-06-30
CUST000367,Karen Singh,42,Employed,4.3,60596.8,Mortgage,Chicago,IL,2015-11-04
CUST000368,Pooja Singh,40,Employed,21.31,47103.56,Mortgage,New York,NY,2019-10-21
CUST000369,Barbara Brown,41,Employed,0.37,454262.16,Own,El Paso,TX,2017-06-13
CUST000370,Robert Anderson,30,Retired,0.0,89850.68,OWN,Dallas,TX,2016-03-25
CUST000371,Neha Jones,40,Self-Employed,1.85,,Own,San Francisco,CA,2019-06-23
CUST000372,William Rodriguez,45,Employed,3.13,31771.76,Mortgage,Austin,TX,2017-06-07
CUST000373,Rahul Patel,57,Unemployed,0.0,19376.71,Mortgage,Baltimore,MD,2017-03-30
CUST000374,Sarah Davis,51,Retired,0.0,32366.15,Rent,Sacramento,CA,2016-11-11
CUST000375,Thomas Martinez,65,Employed,0.05,64149.08,Mortgage,Las Vegas,NV,2020-04-19
CUST000376,Jennifer Patel,30,Employed,5.43,140983.37,Rent,Sacramento,California,20/09/2017
CUST000377,Vikram Patel,50,Employed,0.36,117361.42,Rent,New York,NY,2021-04-10
CUST000378,Jessica Reddy,42,Employed,3.73,68696.73,Mortgage,San Diego,CA,2021-07-19
CUST000379,John Reddy,66,Self-Employed,6.93,49320.71,Rent,Phoenix,AZ,12/12/2017
CUST000380,Priya Sharma,30,Employed,0.93,70353.47,Mortgage,San Jose,CA,2020-06-20
CUST000381,Susan Sharma,29,Employed,7.22,43862.6,Mortgage,Fresno,CA,2020-11-29
CUST000382,Michael Gupta,32,Employed,1.85,167882.3,Mortgage,Chicago,IL,2020-08-20
CUST000383,Lisa Johnson,22,Employed,4.72,53449.14,Rent,Boston,Massachusetts,2021-01-25
CUST000384,Anjali Williams,33,Employed,5.37,56851.47,Mortgage,Raleigh,NC,2019-09-14
CUST000385,Patricia Rao,30,Self-Employed,5.23,15843.37,Mortgage,Sacramento,CA,2020-07-20
CUST000386,Arjun Lopez,41,Employed,0.09,53249.25,Own,San Jose,CA,2017-09-30
CUST000387,Ramesh Wilson,44,Employed,0.83,98902.57,Mortgage,Las Vegas,NV,2019-05-17
CUST000388,Linda Rao,62,Employed,9.7,31551.19,Mortgage,Dallas,Texas,07/05/2016
CUST000389,Joseph Reddy,51,RETIRED,0.0,38160.94,Rent,Chicago,IL,2019-10-17
CUST000390,James Shah,33,Employed,4.15,96338.82,Mortgage,Nashville,TN,2019-10-15
CUST000391,Anjali Johnson,29,Employed,4.54,24686.35,OWN,Boston,MA,2017-08-02
CUST000392,Lisa Kumar,45,Employed,7.03,112947.75,OWN,Chicago,IL,2020-06-03
CUST000393,Robert Hernandez,24,Employed,2.61,43508.59,Mortgage,Washington,DC,2019-11-01
CUST000394,Barbara Hernandez,61,Employed,1.99,47422.83,Own,Columbus,OH,2018-11-24
CUST000395,Pooja Nair,54,Self-Employed,7.31,30505.83,Rent,Indianapolis,IN,2015-12-13
CUST000396,Joseph Jones,34,Unemployed,0.0,75118.92,Rent,San Antonio,Texas,2017-04-25
CUST000397,Patricia Mehta,22,Employed,10.83,261953.74,Rent,Washington,DC,2018-10-21
CUST000398,Vikram Anderson,56,Employed,2.91,95692.8,Rent,Sacramento,CA,2015-11-07
CUST000399,Pooja Williams,38,Self-Employed,3.51,35647.31,Mortgage,Portland,OR,2021-06-29
CUST000400,Joseph Wilson,54,Employed,5.03,,Rent,Arlington,TX,13/07/2015
CUST000401,Charles Gonzalez,22,Employed,1.6,49513.09,Rent,San Jose,CA,2016-07-03
CUST000402,Barbara Jones,32,employed,4.55,136583.44,Rent,Indianapolis,IN,2017-12-05
CUST000403,Arjun Williams,40,Unemployed,0.0,97149.45,rent,Austin,TX,2016-02-02
CUST000404,Sneha Patel,5,Unemployed,0.0,15000.0,Rent,Jacksonville,FL,2018-01-30
CUST000405,Patricia Singh,34,Employed,3.67,32779.29,Own,Portland,OR,2015-06-07
CUST000406,Vikram Rodriguez,47,Employed,2.0,105517.4,Mortgage,Los Angeles,CA,2018-07-28
CUST000407,Jennifer Gonzalez,27,Self-Employed,4.07,65577.92,Mortgage,Jacksonville,Florida,28/07/2015
CUST000408,Pooja Wilson,38,Employed,0.11,32394.58,Mortgage,El Paso,TX,2021-06-24
CUST000409,William Rao,41,Self-Employed,6.79,40939.32,Rent,Portland,OR,2015-12-11
CUST000410,William Sharma,46,Employed,0.92,19077.37,Rent,Indianapolis,IN,11/01/2015
CUST000411,Richard Sharma,48,Retired,0.0,56782.08,Mortgage,Seattle,WA,2020-02-08
CUST000412,Vikram Shah,26,Self-Employed,7.32,225576.32,Own,Austin,TX,2017-10-19
CUST000413,Richard Singh,22,Employed,6.98,97047.91,Mortgage,San Antonio,TX,2015-11-05
CUST000414,Amit Davis,55,Employed,8.51,222849.11,own,Memphis,TN,2015-12-25
CUST000415,Sarah Williams,43,Employed,1.84,101664.99,Mortgage,Chicago,IL,2018-10-09
CUST000416,Karen Rao,31,EMPLOYED,17.07,110911.47,MORTGAGE,Atlanta,GA,2018-05-19
CUST000417,Ramesh Hernandez,58,Self-Employed,0.12,195721.34,Own,Charlotte,NC,2016-04-27
CUST000418,Jennifer Brown,41,Employed,3.28,75083.64,Own,Fort Worth,TX,08/10/2018
CUST000419,Sunita Wilson,54,Self-Employed,1.58,53512.13,Mortgage,Milwaukee,WI,2017-10-08
CUST000420,Rahul Lopez,40,Employed,6.73,111256.6,Rent,Washington,DC,12/07/2021
CUST000421,Richard Hernandez,64,Self-Employed,8.18,143243.91,Own,Nashville,TN,2018-03-02
CUST000422,Neha Gupta,61,Employed,8.64,44892.28,Rent,Charlotte,NC,2020-09-08
CUST000423,Mary Rao,37,Self-Employed,1.76,38834.28,Mortgage,Charlotte,NC,15/09/2017
CUST000424,Lisa Garcia,51,Employed,1.6,65076.16,Own,Los Angeles,California,2019-10-27
CUST000425,Neha Gupta,47,Employed,5.65,98607.18,Mortgage,Fort Worth,Texas,2021-01-14
CUST000426,Deepa Gupta,56,Employed,13.17,96650.3,Rent,Louisville,KY,2016-04-24
CUST000427,Barbara Anderson,28,Employed,1.47,25476.19,Mortgage,El Paso,TX,2015-09-23
CUST000428,Robert Davis,48,Employed,12.07,188520.8,Rent,Seattle,WA,2018-08-28
CUST000429,Richard Mehta,52,Employed,4.48,40753.66,Rent,Phoenix,AZ,2015-10-03
CUST000430,Rahul Jones,22,Retired,0.0,51070.43,Rent,Seattle,Washington,22/05/2015
CUST000431,Jennifer Brown,25,Employed,2.9,34836.03,Own,Washington,DC,2018-02-16
CUST000432,Patricia Davis,22,Self-Employed,8.22,302246.23,Rent,Minneapolis,MN,2018-07-05
CUST000433,Barbara Martinez,36,Employed,17.62,69233.66,Rent,Louisville,KY,09/11/2021
CUST000434,James Hernandez,48,Employed,0.94,35933.13,Rent,Fresno,CA,2019-07-04
CUST000435,Linda Martinez,58,Self-Employed,2.44,100544.34,Rent,El Paso,TX,2019-08-16
CUST000436,Deepa Sharma,40,Unemployed,0.0,94985.68,Mortgage,Los Angeles,CA,30/05/2016
CUST000437,Mary Hernandez,59,Employed,0.97,53496.09,Mortgage,San Diego,CA,2018-12-16
CUST000438,Jessica Reddy,23,Unemployed,0.0,99147.51,Rent,San Francisco,CA,2015-08-30
CUST000439,Jessica Miller,22,Employed,0.91,36491.14,Mortgage,Jacksonville,FL,2015-12-21
CUST000440,Amit Rao,39,SELF-EMPLOYED,5.23,,Rent,Raleigh,NC,2017-09-16
CUST000441,Thomas Singh,44,Employed,1.36,17923.54,Rent,San Francisco,CA,2020-07-01
CUST000442,Sneha Gupta,39,Employed,2.4,27055.06,Rent,Chicago,IL,2020-05-13
CUST000443,Barbara Nair,22,Employed,3.38,,Rent,San Antonio,TX,22/10/2015
CUST000444,Mary Gonzalez,38,Employed,1.76,160308.79,Mortgage,Omaha,NE,2017-09-11
CUST000445,Amit Johnson,24,Employed,5.7,62284.83,Rent,Las Vegas,NV,2021-03-19
CUST000446,Thomas Garcia,48,Employed,0.59,162390.44,MORTGAGE,Washington,DC,2015-07-19
CUST000447,Patricia Martinez,44,Self-Employed,10.59,54391.07,Own,Oklahoma City,OK,28/06/2018
CUST000448,Richard Nair,28,EMPLOYED,3.28,51738.31,Mortgage,Las Vegas,NV,2018-03-11
CUST000449,Karen Johnson,33,Employed,4.25,61939.07,Mortgage,Omaha,NE,2019-01-03
CUST000450,Anil Shah,27,Employed,4.87,55550.46,Rent,Minneapolis,MN,27/11/2015
CUST000451,James Williams,39,Self-Employed,0.31,52621.61,Mortgage,San Diego,CA,2017-12-15
CUST000452,Anjali Mehta,51,Self-Employed,7.07,118900.09,Rent,Memphis,TN,2020-01-14
CUST000453,Karen Mehta,28,Employed,14.59,65518.08,Own,Cleveland,OH,2021-08-31
CUST000454,Rahul Brown,46,Employed,3.67,91811.15,Rent,Fort Worth,TX,2016-12-17
CUST000455,Mary Martinez,33,Employed,2.48,111171.39,Rent,San Francisco,CA,2018-05-24
CUST000456,Anjali Davis,30,Unemployed,0.0,75577.32,Rent,Chicago,IL,2020-01-07
CUST000457,Anjali Kumar,38,Self-Employed,6.37,33451.01,Mortgage,Las Vegas,NV,2016-11-06
CUST000458,Michael Hernandez,27,Employed,5.26,26589.73,Rent,New York,NY,2017-03-06
CUST000459,Kiran Gupta,33,Unemployed,0.0,65464.83,Mortgage,Tucson,AZ,2016-09-08
CUST000460,Jennifer Garcia,25,Employed,4.36,54027.38,Rent,Fresno,CA,2019-05-08
CUST000461,Richard Kumar,63,Employed,1.43,63097.4,Mortgage,Fort Worth,TX,2019-12-24
CUST000462,Anil Singh,40,Retired,0.0,59300.18,Own,Boston,MA,2019-01-04
CUST000463,Mary Johnson,31,Unemployed,0.0,282135.91,Own,Las Vegas,NV,2017-10-18
CUST000464,Sarah Kumar,42,SELF-EMPLOYED,5.28,26953.39,Mortgage,Phoenix,Arizona,2017-07-23
CUST000465,Lisa Hernandez,38,Employed,0.94,18142.86,Rent,El Paso,TX,2021-05-24
CUST000466,Kiran Gonzalez,37,Employed,0.13,73088.48,Mortgage,Arlington,TX,2015-10-06
CUST000467,David Smith,47,Unemployed,0.0,47769.68,Rent,Oklahoma City,OK,2020-11-01
CUST000468,Neha Mehta,49,Self-Employed,1.8,72376.77,Mortgage,San Diego,CA,2020-06-17
CUST000469,Neha Lopez,33,Employed,3.14,84993.48,Rent,Nashville,TN,2017-12-25
CUST000470,Lisa Davis,33,Employed,0.48,129374.01,Mortgage,Minneapolis,MN,04/04/2015
CUST000471,Pooja Rodriguez,36,Unemployed,0.0,24237.7,own,Nashville,Tennessee,2019-11-24
CUST000472,Patricia Shah,22,Retired,0.0,42871.79,Rent,Portland,OR,2020-05-04
CUST000473,Thomas Gonzalez,22,Self-Employed,11.65,77439.85,Rent,Oklahoma City,OK,2017-11-07
CUST000474,Mary Singh,56,Self-Employed,10.03,95061.39,Mortgage,Louisville,KY,2017-09-02
CUST000475,Karen Davis,59,Employed,1.05,223254.96,Mortgage,Denver,CO,2019-03-13
CUST000476,Barbara Hernandez,37,Self-Employed,4.06,106236.43,Own,Sacramento,CA,2016-07-25
CUST000477,Vikram Mehta,46,Self-Employed,6.57,57868.41,Mortgage,Dallas,TX,2020-05-12
CUST000478,William Williams,43,Employed,1.73,35092.35,Rent,Fort Worth,TX,05/02/2019
CUST000479,Anjali Kumar,75,Unemployed,0.0,42677.46,Mortgage,Portland,OR,2017-03-27
CUST000480,Joseph Wilson,53,Retired,0.0,41956.07,Mortgage,Memphis,TN,2019-06-22
CUST000481,Sarah Patel,38,Employed,7.13,88711.09,Mortgage,Jacksonville,FL,2020-11-18
CUST000482,Barbara Wilson,28,Unemployed,0.0,69856.5,Own,Arlington,TX,2019-11-02
CUST000483,Lisa Gupta,22,Self-Employed,3.82,27059.96,Rent,Cleveland,OH,2020-03-20
CUST000484,Arjun Anderson,42,Employed,4.91,46094.97,Rent,Nashville,TN,2018-12-30
CUST000485,William Miller,30,Unemployed,0.0,101369.6,Own,Louisville,KY,29/06/2019
CUST000486,William Patel,22,Employed,2.65,73939.13,Mortgage,Sacramento,CA,01/08/2020
CUST000487,Richard Jones,32,Self-Employed,2.23,84219.92,Own,New York,NY,2015-12-31
CUST000488,Lisa Nair,27,Employed,0.93,75338.99,Rent,Nashville,TN,2016-09-06
CUST000489,Amit Jones,60,Self-Employed,18.18,158872.69,Mortgage,Denver,CO,2016-08-13
CUST000490,Ramesh Rao,50,Employed,0.48,68983.72,MORTGAGE,Columbus,OH,26/02/2019
CUST000491,Barbara Shah,39,Employed,4.59,47495.31,Mortgage,Las Vegas,NV,2021-09-29
CUST000492,David Hernandez,57,Employed,16.04,34563.27,Rent,Raleigh,NC,2018-12-27
CUST000493,John Singh,40,Employed,2.35,69547.53,Rent,Omaha,Nebraska,2016-07-13
CUST000494,Linda Garcia,29,Employed,1.45,15000.0,Own,Oklahoma City,OK,2015-04-03
CUST000495,Priya Jones,58,Employed,15.56,,Mortgage,Milwaukee,WI,2015-09-10
CUST000496,Mary Rao,46,Self-Employed,8.09,52917.85,Rent,Baltimore,MD,2021-05-24
CUST000497,Priya Wilson,27,Unemployed,0.0,26405.23,Mortgage,Baltimore,Maryland,2018-02-24
CUST000498,Sunita Martinez,37,Retired,0.0,34304.8,Mortgage,Columbus,Ohio,2016-05-02
CUST000499,Deepa Reddy,115,Unemployed,0.0,97323.38,Rent,Minneapolis,MN,2015-05-03
CUST000500,Karen Jones,23,Unemployed,0.0,68763.41,Rent,Atlanta,GA,2021-05-13
CUST000501,Richard Brown,51,Employed,6.46,63644.81,Rent,Austin,TX,2019-07-05
CUST000502,William Garcia,62,Self-Employed,0.16,71955.89,Own,Philadelphia,PA,2021-08-24
CUST000503,Mary Rao,23,SELF-EMPLOYED,0.63,63295.95,Own,Denver,CO,2019-03-12
CUST000504,Karen Gupta,46,Employed,1.89,126211.9,Mortgage,Minneapolis,MN,2016-01-28
CUST000505,Joseph Gupta,32,Self-Employed,1.95,64476.59,Rent,Arlington,TX,2021-08-07
CUST000506,Joseph Davis,34,Employed,11.54,,Rent,El Paso,Texas,2015-01-15
CUST000507,Mary Lopez,32,Retired,0.0,159225.7,RENT,Philadelphia,PA,2016-09-19
CUST000508,Jennifer Nair,29,Self-Employed,2.34,74772.4,Rent,Indianapolis,IN,2019-07-14
CUST000509,Sneha Jones,40,Retired,0.0,42042.98,Rent,Nashville,TN,2017-11-03
CUST000510,Pooja Gupta,30,employed,1.95,28224.88,Mortgage,Charlotte,NC,2021-07-12
CUST000511,Sneha Nair,43,Employed,23.42,,Mortgage,Fort Worth,TX,2019-03-24
CUST000512,Rahul Garcia,39,Retired,0.0,55809.36,mortgage,San Jose,CA,2020-01-21
CUST000513,Anjali Sharma,37,Employed,8.26,153966.15,Mortgage,Los Angeles,CA,2021-12-13
CUST000514,Sneha Jones,29,employed,1.51,48652.36,Own,Chicago,IL,2021-03-17
CUST000515,David Miller,33,Self-Employed,0.78,36227.42,Rent,Indianapolis,IN,2019-05-13
CUST000516,Joseph Johnson,49,Unemployed,0.0,102485.62,Own,Atlanta,GA,2019-05-25
CUST000517,Sunita Rao,46,Employed,2.03,,Rent,Arlington,TX,2020-11-14
CUST000518,James Rodriguez,28,employed,7.34,66250.01,Rent,Phoenix,AZ,29/08/2018
CUST000519,Sunita Davis,41,Employed,0.96,89842.57,OWN,Milwaukee,WI,2015-01-05
CUST000520,Richard Rao,49,Employed,3.75,58535.44,Own,Portland,OR,2018-02-25
CUST000521,Jessica Williams,22,Employed,4.95,68893.63,Mortgage,Cleveland,OH,2020-06-26
CUST000522,Susan Anderson,46,Unemployed,0.0,120450.54,Own,Fort Worth,TX,2019-03-23
CUST000523,Kiran Nair,32,Self-Employed,1.12,87133.0,Mortgage,Memphis,TN,2015-06-29
CUST000524,Priya Anderson,46,Unemployed,0.0,54091.66,Rent,Miami,FL,2016-04-01
CUST000525,Sarah Wilson,30,Employed,0.75,134782.48,Mortgage,Louisville,KY,2019-01-27
CUST000526,Vikram Rao,22,Self-Employed,1.81,15000.0,Mortgage,Indianapolis,IN,2017-10-10
CUST000527,Robert Gupta,22,Retired,0.0,205098.16,Mortgage,San Jose,CA,25/09/2020
CUST000528,Anjali Reddy,40,Self-Employed,4.65,21513.26,Mortgage,New York,NY,2018-10-06
CUST000529,Priya Gonzalez,43,Employed,6.56,41099.22,Own,San Antonio,TX,2016-01-25
CUST000530,Amit Shah,29,Retired,0.0,58422.1,Own,Las Vegas,NV,11/06/2016
CUST000531,Robert Kumar,47,EMPLOYED,11.29,54836.52,Rent,Charlotte,NC,2017-06-06
CUST000532,Michael Anderson,22,UNEMPLOYED,0.0,109518.27,Mortgage,Jacksonville,FL,2018-11-06
CUST000533,Anil Johnson,39,Employed,3.22,31738.89,Rent,Tucson,AZ,2018-03-31
CUST000534,Sarah Kumar,25,Self-Employed,5.83,70014.67,Mortgage,Milwaukee,WI,2019-10-23
CUST000535,Vikram Reddy,32,Retired,0.0,42322.44,OWN,Houston,TX,2016-09-23
CUST000536,Robert Singh,40,Employed,4.31,71473.68,Mortgage,Sacramento,CA,2018-03-15
CUST000537,Anjali Kumar,29,Employed,3.61,57591.87,rent,Indianapolis,IN,2015-04-26
CUST000538,Patricia Miller,35,Employed,5.88,63307.65,Rent,San Diego,CA,2020-09-05
CUST000539,Charles Anderson,52,Employed,2.41,43046.88,mortgage,Milwaukee,Wisconsin,2015-09-14
CUST000540,Vikram Martinez,33,Employed,11.21,44088.83,Rent,Dallas,TX,2019-03-14
CUST000541,Charles Anderson,50,Self-Employed,1.19,71137.05,Mortgage,Milwaukee,WI,2016-07-23
CUST000542,David Wilson,26,EMPLOYED,10.77,105475.01,Own,Tucson,AZ,2021-11-15
CUST000543,Charles Gupta,46,Employed,5.16,41815.92,Own,Sacramento,CA,2020-12-25
CUST000544,Patricia Nair,57,Employed,4.59,35551.57,Mortgage,Omaha,NE,2018-02-08
CUST000545,Amit Jones,22,Employed,3.17,86515.26,Mortgage,Oklahoma City,OK,2015-03-07
CUST000546,Anil Shah,30,SELF-EMPLOYED,0.84,58717.77,Own,Baltimore,MD,2018-12-12
CUST000547,Deepa Williams,46,Self-Employed,10.01,98547.99,Rent,Arlington,TX,2016-06-16
CUST000548,Pooja Brown,37,Unemployed,0.0,34770.4,Rent,Minneapolis,MN,2020-11-11
CUST000549,Susan Rao,44,Employed,1.57,,Rent,Las Vegas,NV,2020-05-21
CUST000550,William Gonzalez,32,Employed,0.58,43486.14,Mortgage,Sacramento,CA,2016-03-04
CUST000551,Sunita Hernandez,41,EMPLOYED,0.56,37804.69,Rent,Baltimore,MD,2017-07-01
CUST000552,Deepa Smith,38,Employed,2.47,57109.57,Mortgage,Austin,TX,2018-12-10
CUST000553,Susan Anderson,54,Employed,0.87,,Rent,Atlanta,GA,2017-11-30
CUST000554,Richard Anderson,43,Unemployed,0.0,,Rent,Baltimore,MD,2020-11-22
CUST000555,Jennifer Rodriguez,44,Employed,4.93,50367.92,Mortgage,San Francisco,CA,2020-10-15
CUST000556,Priya Nair,35,Employed,10.69,65531.4,Mortgage,Indianapolis,Indiana,2017-02-11
CUST000557,David Nair,34,Self-Employed,1.78,65813.53,Mortgage,Seattle,WA,2016-06-24
CUST000558,Linda Williams,34,Self-Employed,1.85,67303.87,Rent,Tucson,AZ,2019-06-12
CUST000559,Linda Nair,44,Employed,1.41,59013.56,Own,Miami,Florida,28/11/2019
CUST000560,Deepa Shah,34,Self-Employed,7.61,81337.33,Rent,Indianapolis,IN,2019-01-02
CUST000561,Rahul Williams,43,Retired,0.0,37145.83,Mortgage,Seattle,WA,2017-08-02
CUST000562,Amit Nair,64,Employed,4.02,138642.06,Mortgage,Baltimore,MD,2018-08-17
CUST000563,Anjali Reddy,50,Employed,2.35,51952.11,Rent,Phoenix,AZ,2019-03-06
CUST000564,Pooja Gupta,36,Employed,0.85,27257.13,own,Denver,CO,2015-08-01
CUST000565,David Gonzalez,54,Self-Employed,0.54,67026.55,Mortgage,Indianapolis,IN,12/01/2017
CUST000566,Anjali Johnson,35,Employed,10.14,,Own,Seattle,WA,2021-03-06
CUST000567,David Hernandez,22,Retired,0.0,,Rent,El Paso,TX,2016-08-03
CUST000568,Barbara Garcia,27,Self-Employed,14.2,225429.63,own,Oklahoma City,OK,2020-12-19
CUST000569,Barbara Garcia,22,Employed,14.72,37348.83,Own,Fresno,CA,2018-06-12
CUST000570,Patricia Wilson,35,Employed,3.26,73088.29,Rent,Philadelphia,PA,2016-04-07
CUST000571,Lisa Martinez,40,Employed,15.92,20883.12,Mortgage,Dallas,TX,2020-08-26
CUST000572,Deepa Martinez,60,Employed,0.14,78616.99,Own,San Jose,CA,2015-08-29
CUST000573,Susan Brown,43,Retired,0.0,35191.92,Mortgage,Charlotte,NC,2015-10-06
CUST000574,William Miller,37,Employed,1.39,41154.94,mortgage,Memphis,TN,2016-10-04
CUST000575,James Gupta,49,Employed,1.17,30922.15,Mortgage,San Jose,CA,2018-02-22
CUST000576,Thomas Smith,22,Employed,1.46,92901.1,Rent,Columbus,OH,2018-08-20
CUST000577,Anil Sharma,42,Employed,3.01,109576.98,Rent,Phoenix,AZ,2016-05-21
CUST000578,Kiran Singh,49,Employed,0.32,60720.16,Own,Portland,OR,2017-10-27
CUST000579,James Gupta,22,Employed,4.05,35644.28,Mortgage,Portland,OR,2019-12-18
CUST000580,Kiran Davis,53,Self-Employed,1.85,155393.18,Own,El Paso,TX,2020-11-18
CUST000581,Jessica Patel,44,Employed,0.37,38168.04,Own,Fresno,CA,22/08/2020
CUST000582,Sneha Anderson,35,employed,7.0,16363.04,Rent,Milwaukee,WI,2019-01-14
CUST000583,Sunita Anderson,47,Self-Employed,5.3,78828.78,Mortgage,Portland,OR,2021-02-24
CUST000584,Jennifer Gupta,67,Employed,7.89,30857.5,Rent,Houston,TX,2015-11-27
CUST000585,James Davis,42,Employed,14.0,108354.69,Own,Columbus,OH,2015-09-28
CUST000586,Karen Gupta,42,Employed,4.41,47634.73,Own,Portland,Oregon,2020-05-03
CUST000587,Jessica Johnson,34,Employed,7.73,86010.78,Mortgage,Memphis,Tennessee,2017-07-10
CUST000588,Susan Jones,29,Retired,0.0,138815.39,Mortgage,Raleigh,NC,2020-03-11
CUST000589,Patricia Shah,49,Employed,2.64,28989.38,Rent,Los Angeles,CA,27/09/2021
CUST000590,Neha Johnson,29,Self-Employed,3.78,42635.3,Mortgage,Cleveland,OH,2018-12-17
CUST000591,Barbara Johnson,40,Employed,3.9,57216.49,Mortgage,Memphis,TN,2015-08-02
CUST000592,Lisa Hernandez,34,Employed,6.34,150622.32,Mortgage,Atlanta,GA,09/01/2020
CUST000593,Jennifer Johnson,45,Self-Employed,7.95,40334.82,Rent,New York,NY,2019-03-08
CUST000594,Michael Wilson,44,EMPLOYED,5.5,41910.76,RENT,Washington,DC,2019-11-12
CUST000595,Susan Garcia,52,Self-Employed,0.24,79768.53,Mortgage,Nashville,TN,2017-12-27
CUST000596,Charles Gupta,33,Employed,2.16,42347.42,Rent,Memphis,TN,2016-05-17
CUST000597,Susan Anderson,36,Employed,4.25,65612.11,Mortgage,Portland,OR,2018-12-12
CUST000598,Rahul Johnson,28,Self-Employed,3.55,23601.78,Rent,Fresno,CA,2018-10-16
CUST000599,Jennifer Rao,34,Employed,0.23,226069.55,RENT,Fresno,CA,2019-02-28
CUST000600,Lisa Hernandez,44,Self-Employed,19.72,26672.13,Own,Omaha,NE,2020-06-22
CUST000601,Rahul Gonzalez,49,employed,15.63,49362.6,Mortgage,Charlotte,North Carolina,2019-10-01
CUST000602,John Rao,28,Self-Employed,7.43,58718.57,Rent,Miami,FL,2021-01-04
CUST000603,Ramesh Singh,50,employed,0.28,188643.24,Mortgage,Charlotte,NC,24/06/2019
CUST000604,John Martinez,56,SELF-EMPLOYED,2.81,27040.54,Rent,Seattle,WA,2021-05-19
CUST000605,Sneha Jones,44,Retired,0.0,196854.96,Own,Las Vegas,NV,2016-11-25
CUST000606,Linda Nair,62,Employed,4.08,94306.57,Mortgage,Miami,FL,2021-11-19
CUST000607,Karen Hernandez,30,employed,0.29,76899.7,Rent,Los Angeles,CA,2021-11-01
CUST000608,Amit Wilson,25,UNEMPLOYED,0.0,33163.99,Mortgage,Memphis,TN,2020-08-21
CUST000609,Amit Miller,22,Employed,7.09,84346.18,Mortgage,El Paso,TX,2021-01-18
CUST000610,Jessica Gupta,57,Self-Employed,31.09,38789.62,Own,Louisville,KY,2019-11-14
CUST000611,Patricia Brown,47,Retired,0.0,128027.04,Own,Austin,TX,2017-09-27
CUST000612,Amit Williams,39,self-employed,14.12,33435.14,Mortgage,Milwaukee,WI,2020-06-13
CUST000613,Sneha Reddy,43,Employed,32.64,55943.91,Rent,Dallas,TX,2018-04-30
CUST000614,Charles Wilson,26,Employed,2.85,42908.97,Rent,Arlington,Texas,2018-12-25
CUST000615,Priya Rodriguez,69,employed,5.52,33106.54,Rent,Fresno,CA,2020-07-23
CUST000616,Amit Patel,41,employed,1.2,93413.57,Rent,Los Angeles,CA,11/04/2017
CUST000617,Neha Jones,41,employed,3.23,82559.56,Rent,Louisville,KY,2018-11-24
CUST000618,Kiran Kumar,48,Self-Employed,0.41,123674.22,Rent,Raleigh,NC,2018-12-20
CUST000619,Kiran Sharma,45,Employed,0.15,20580.0,RENT,Cleveland,OH,2017-05-27
CUST000620,Susan Gupta,42,Retired,0.0,113380.24,Mortgage,Los Angeles,CA,2017-01-05
CUST000621,Joseph Nair,30,UNEMPLOYED,0.0,269216.01,Mortgage,Philadelphia,PA,2016-12-11
CUST000622,Charles Miller,45,Retired,0.0,45661.71,Own,Las Vegas,NV,2021-04-23
CUST000623,James Brown,62,Employed,3.05,,Rent,Dallas,TX,2019-10-16
CUST000624,Mary Anderson,56,Employed,3.4,51128.8,own,Milwaukee,WI,2016-09-01
CUST000625,Linda Reddy,59,Employed,3.68,26279.76,Mortgage,Jacksonville,FL,2017-04-27
CUST000626,Jessica Gupta,33,Employed,0.72,49842.36,Mortgage,Houston,TX,2015-04-24
CUST000627,Sunita Wilson,28,Self-Employed,7.46,112299.24,Rent,San Francisco,CA,2015-03-13
CUST000628,Robert Hernandez,38,Unemployed,0.0,36210.13,Rent,Memphis,TN,2019-09-03
CUST000629,Neha Singh,40,Employed,0.16,,Mortgage,Oklahoma City,OK,2017-02-27
CUST000630,Jessica Smith,53,employed,5.64,85487.35,Rent,Columbus,OH,2015-06-22
CUST000631,Richard Nair,22,Employed,8.86,59984.18,Rent,Milwaukee,Wisconsin,26/06/2016
CUST000632,Charles Rodriguez,58,Self-Employed,12.51,,Mortgage,Oklahoma City,OK,20/10/2016
CUST000633,John Martinez,38,Retired,0.0,69057.7,Mortgage,El Paso,TX,2016-01-28
CUST000634,Lisa Kumar,34,EMPLOYED,1.06,,Mortgage,Memphis,TN,2016-11-16
CUST000635,Priya Rao,27,Employed,4.46,46194.65,mortgage,Seattle,WA,2019-07-19
CUST000636,James Brown,22,Retired,0.0,68805.47,Rent,Portland,OR,2016-04-27
CUST000637,Arjun Hernandez,49,Employed,2.16,34323.18,Rent,San Francisco,CA,25/11/2016
CUST000638,Vikram Reddy,40,Self-Employed,15.33,129710.48,RENT,Philadelphia,Pennsylvania,2018-10-10
CUST000639,Mary Garcia,24,employed,0.51,40922.49,Mortgage,Atlanta,GA,29/10/2015
CUST000640,Richard Hernandez,24,Employed,6.51,117866.57,Rent,Los Angeles,CA,2019-10-07
CUST000641,Arjun Mehta,35,Employed,0.64,52043.53,Mortgage,Fresno,CA,2015-04-30
CUST000642,Sneha Sharma,60,Self-Employed,8.02,,mortgage,Houston,TX,2020-11-04
CUST000643,Robert Shah,36,Employed,0.51,44490.07,Own,Washington,DC,2020-01-24
CUST000644,William Sharma,22,Employed,1.97,32545.77,Rent,Charlotte,NC,2020-10-09
CUST000645,Barbara Shah,37,Employed,7.5,21018.19,Rent,Phoenix,AZ,17/11/2018
CUST000646,Anil Singh,36,Employed,3.08,,Mortgage,Chicago,IL,2017-08-11
CUST000647,Arjun Anderson,22,Unemployed,0.0,49298.78,Rent,Los Angeles,CA,2015-04-25
CUST000648,Sunita Reddy,39,Unemployed,0.0,67990.79,Mortgage,Indianapolis,IN,2019-01-08
CUST000649,Patricia Kumar,37,Employed,26.45,109779.34,Own,Fort Worth,TX,2018-08-14
CUST000650,Lisa Patel,48,Unemployed,0.0,45823.19,Mortgage,Los Angeles,CA,2020-10-25
CUST000651,Priya Singh,62,Employed,5.95,35271.25,MORTGAGE,Arlington,TX,2017-01-26
CUST000652,Mary Miller,53,Employed,12.38,25194.25,Rent,San Jose,CA,2021-08-18
CUST000653,Arjun Lopez,36,Self-Employed,3.84,79860.62,Rent,Indianapolis,IN,2015-08-06
CUST000654,John Jones,26,EMPLOYED,22.33,137299.06,Own,Dallas,TX,2017-01-14
CUST000655,Karen Smith,70,Employed,6.16,128001.62,OWN,Atlanta,GA,2020-11-19
CUST000656,Arjun Gonzalez,40,Employed,2.81,91670.84,Rent,San Diego,CA,2021-05-19
CUST000657,David Patel,40,Self-Employed,3.62,87827.15,own,Cleveland,OH,2020-12-08
CUST000658,Anjali Garcia,39,Employed,10.5,165806.09,Mortgage,Columbus,OH,17/03/2017
CUST000659,Linda Rao,42,Employed,15.8,73075.53,Own,Milwaukee,WI,24/12/2019
CUST000660,Lisa Nair,38,Unemployed,0.0,,Mortgage,San Francisco,CA,2018-01-14
CUST000661,Priya Nair,33,Self-Employed,1.83,49391.31,Mortgage,Boston,MA,2020-06-18
CUST000662,Robert Rodriguez,33,Self-Employed,1.37,26443.72,own,Austin,Texas,2021-12-18
CUST000663,Sunita Williams,39,Employed,3.24,39723.2,Mortgage,Omaha,NE,04/09/2021
CUST000664,Kiran Davis,33,Employed,1.76,59546.01,Mortgage,Omaha,NE,2018-12-07
CUST000665,Rahul Anderson,31,EMPLOYED,2.73,62098.13,Own,San Diego,CA,2018-05-02
CUST000666,Lisa Miller,41,Self-Employed,8.99,,Rent,Austin,TX,2015-04-19
CUST000667,Amit Martinez,36,Self-Employed,3.19,62866.35,Rent,Nashville,TN,2021-11-05
CUST000668,Susan Brown,58,Retired,0.0,,Mortgage,San Antonio,TX,2020-09-20
CUST000669,Rahul Johnson,22,Employed,0.47,,Own,Raleigh,NC,2017-11-25
CUST000670,Richard Williams,53,Employed,7.18,49661.96,Own,Los Angeles,CA,2021-05-21
CUST000671,Deepa Kumar,54,Employed,3.3,26973.1,Mortgage,Nashville,Tennessee,2016-11-12
CUST000672,Mary Sharma,22,Employed,2.24,38353.58,Rent,Cleveland,OH,16/04/2017
CUST000673,Pooja Jones,35,Employed,4.72,82140.69,Mortgage,Memphis,TN,2020-02-12
CUST000674,Richard Hernandez,35,Retired,0.0,60146.35,Mortgage,Louisville,KY,2019-01-19
CUST000675,Sneha Reddy,23,Employed,2.67,105425.85,Own,Fort Worth,TX,11/10/2019
CUST000676,Amit Martinez,30,Employed,8.33,66752.86,Mortgage,Phoenix,AZ,20/10/2017
CUST000677,Priya Jones,26,Self-Employed,1.52,48461.64,Own,Raleigh,NC,2020-03-05
CUST000678,Michael Kumar,61,Employed,12.27,217287.82,Rent,Indianapolis,IN,2017-09-11
CUST000679,William Miller,51,Unemployed,0.0,56593.98,Rent,San Antonio,TX,2015-02-03
CUST000680,Robert Anderson,55,Self-Employed,3.89,120306.82,Mortgage,Nashville,TN,2015-07-21
CUST000681,Anjali Nair,48,Employed,2.55,47064.51,Rent,Omaha,NE,2015-02-22
CUST000682,Amit Brown,26,Self-Employed,6.77,91652.51,Own,San Diego,CA,2021-09-26
CUST000683,James Martinez,33,Employed,4.16,104486.11,Own,Cleveland,OH,17/04/2019
CUST000684,Robert Mehta,45,Employed,7.96,67852.75,Rent,Chicago,IL,2021-03-23
CUST000685,Jennifer Hernandez,25,Employed,2.01,15000.0,Mortgage,Washington,DC,2019-07-28
CUST000686,Anil Johnson,48,Employed,6.05,60533.46,rent,Fresno,CA,09/09/2018
CUST000687,Michael Kumar,37,Employed,14.36,125276.18,Mortgage,Las Vegas,NV,13/09/2019
CUST000688,Lisa Smith,35,Employed,1.64,82165.31,Rent,Boston,MA,30/12/2019
CUST000689,Lisa Shah,48,Employed,19.82,78237.42,Rent,Phoenix,AZ,2019-10-12
CUST000690,Jessica Hernandez,45,Employed,2.64,21303.91,Own,Minneapolis,MN,2017-10-30
CUST000691,Richard Miller,35,Self-Employed,0.2,38860.24,Rent,El Paso,TX,2019-07-11
CUST000692,Charles Rodriguez,53,RETIRED,0.0,76635.41,Own,New York,NY,2018-08-28
CUST000693,Priya Rao,27,Self-Employed,0.81,76590.63,Rent,Portland,OR,2019-09-04
CUST000694,Deepa Mehta,47,EMPLOYED,1.81,124094.68,Mortgage,Miami,FL,2020-01-04
CUST000695,Linda Rodriguez,47,Unemployed,0.0,54889.64,Rent,San Antonio,Texas,2019-07-10
CUST000696,Barbara Garcia,36,Self-Employed,0.98,,RENT,Las Vegas,NV,14/09/2016
CUST000697,Karen Brown,43,Employed,0.68,60465.28,Rent,Boston,MA,2017-09-08
CUST000698,James Gupta,24,Employed,0.22,33118.07,Rent,Milwaukee,WI,2015-06-19
CUST000699,Pooja Brown,51,self-employed,1.76,15467.95,RENT,San Jose,CA,2016-06-17
CUST000700,Jessica Singh,37,Self-Employed,14.15,77544.39,Mortgage,Las Vegas,NV,31/12/2017
CUST000701,Neha Singh,33,Retired,0.0,66460.85,Rent,Jacksonville,FL,12/07/2017
CUST000702,Priya Rodriguez,52,Self-Employed,9.38,41319.71,Rent,Tucson,AZ,2015-08-02
CUST000703,Barbara Nair,31,Unemployed,0.0,22663.16,Rent,Seattle,WA,2019-04-07
CUST000704,Charles Patel,23,Employed,0.14,87364.45,Rent,Arlington,TX,2017-10-04
CUST000705,Sarah Garcia,22,Employed,0.05,51044.24,Own,Fresno,CA,2019-06-12
CUST000706,John Martinez,47,Retired,0.0,83627.26,Mortgage,Atlanta,GA,2020-04-30
CUST000707,Arjun Singh,24,Employed,19.63,183217.48,Rent,Milwaukee,WI,2019-08-31
CUST000708,Deepa Johnson,61,EMPLOYED,11.36,16566.56,Own,Las Vegas,NV,2018-06-06
CUST000709,William Smith,22,Employed,1.44,39349.54,Mortgage,Raleigh,NC,2019-03-10
CUST000710,Sneha Mehta,60,Self-Employed,2.64,,Rent,Seattle,Washington,2020-09-22
CUST000711,Patricia Brown,42,Employed,8.7,143328.68,Own,Oklahoma City,OK,2020-03-29
CUST000712,Anjali Johnson,38,Self-Employed,7.11,22430.08,Rent,Indianapolis,IN,2018-07-02
CUST000713,Jennifer Wilson,33,EMPLOYED,0.71,191284.4,Rent,Philadelphia,PA,2019-07-06
CUST000714,Vikram Garcia,44,Employed,0.57,64959.13,Mortgage,Seattle,WA,2018-03-23
CUST000715,Deepa Gupta,39,Retired,0.0,56522.81,Rent,Baltimore,MD,2016-09-04
CUST000716,Neha Martinez,53,Employed,0.54,53165.46,Own,Indianapolis,IN,2018-06-20
CUST000717,Arjun Miller,41,Employed,8.72,46084.97,Rent,Milwaukee,WI,2019-02-27
CUST000718,Jennifer Rao,41,Employed,1.46,112293.36,Mortgage,Cleveland,OH,2018-03-20
CUST000719,Anil Patel,35,Employed,1.04,31536.08,Rent,Arlington,TX,2017-01-25
CUST000720,William Williams,39,Employed,1.03,73662.45,own,Memphis,TN,2019-06-26
CUST000721,Anil Brown,43,Employed,0.23,47547.81,Rent,El Paso,Texas,2016-11-25
CUST000722,Anil Martinez,22,Retired,0.0,37900.51,Rent,Los Angeles,CA,2019-04-04
CUST000723,Anil Sharma,23,employed,0.9,282542.74,Own,Miami,FL,2016-01-08
CUST000724,Joseph Davis,48,Employed,1.33,76989.97,Rent,Oklahoma City,OK,2017-12-14
CUST000725,Barbara Gupta,42,Employed,6.96,86505.16,Rent,Jacksonville,FL,2019-06-19
CUST000726,Thomas Lopez,5,Employed,0.3,118499.74,Mortgage,Miami,FL,2021-12-20
CUST000727,Vikram Garcia,40,Employed,1.13,25519.29,Rent,Columbus,OH,2015-09-22
CUST000728,Arjun Hernandez,44,Self-Employed,0.81,171334.86,Mortgage,Washington,DC,2020-08-18
CUST000729,Anil Sharma,33,Retired,0.0,,Mortgage,San Francisco,CA,2015-03-10
CUST000730,Mary Williams,30,EMPLOYED,3.88,37749.98,Own,El Paso,TX,2015-11-26
CUST000731,Sneha Brown,42,Self-Employed,1.05,45459.68,Mortgage,Seattle,WA,17/02/2021
CUST000732,Neha Sharma,28,EMPLOYED,5.01,84883.42,MORTGAGE,Omaha,NE,2015-01-14
CUST000733,Anil Garcia,44,Self-Employed,3.48,68270.36,Rent,Seattle,WA,2018-07-24
CUST000734,Charles Rao,22,Employed,5.51,54171.55,Own,Sacramento,California,15/04/2015
CUST000735,Neha Gupta,52,EMPLOYED,19.97,59444.69,Own,New York,NY,2019-06-26
CUST000736,William Kumar,45,Employed,1.24,33295.79,RENT,Tucson,AZ,2019-09-04
CUST000737,Michael Gonzalez,43,Employed,5.48,24383.47,Own,Fort Worth,TX,2017-10-14
CUST000738,Michael Hernandez,51,Self-Employed,8.97,92587.27,Mortgage,Philadelphia,PA,2017-07-21
CUST000739,John Martinez,59,Employed,15.78,90782.67,Mortgage,Indianapolis,Indiana,2018-09-22
CUST000740,Anil Gonzalez,52,Employed,4.87,,Mortgage,Portland,OR,14/03/2015
CUST000741,Sunita Davis,22,Retired,0.0,37271.71,Rent,Miami,FL,2020-05-20
CUST000742,Sarah Singh,24,Employed,0.28,90734.15,Rent,Sacramento,CA,2016-02-11
CUST000743,David Sharma,32,Self-Employed,1.63,50502.39,Mortgage,Indianapolis,IN,2020-08-21
CUST000744,Anjali Williams,40,Employed,13.17,122306.44,Mortgage,Atlanta,Georgia,2016-05-30
CUST000745,Arjun Miller,46,EMPLOYED,3.85,110544.97,Rent,Miami,FL,2015-01-10
CUST000746,Ramesh Wilson,31,Employed,4.33,67963.47,Rent,Baltimore,MD,2017-04-10
CUST000747,Arjun Singh,42,Employed,4.72,,Own,Los Angeles,CA,2018-10-11
CUST000748,Sarah Garcia,30,Employed,2.02,106570.21,Rent,Philadelphia,PA,2016-08-12
CUST000749,John Reddy,32,Self-Employed,1.0,88268.86,Mortgage,Denver,CO,2018-11-20
CUST000750,Kiran Brown,23,SELF-EMPLOYED,15.42,39709.1,Mortgage,Charlotte,NC,08/02/2021
CUST000751,Anil Hernandez,28,Self-Employed,7.04,26992.67,Own,Louisville,KY,2018-05-18
CUST000752,Michael Anderson,23,Unemployed,0.0,50356.36,Rent,Indianapolis,IN,2021-05-29
CUST000753,Susan Martinez,28,Retired,0.0,148634.91,Rent,Nashville,TN,2021-06-09
CUST000754,Vikram Williams,52,Employed,3.3,119120.67,Own,Raleigh,NC,2018-02-22
CUST000755,Michael Mehta,28,Self-Employed,0.17,30717.98,RENT,Boston,MA,04/11/2019
CUST000756,Anjali Hernandez,71,Employed,1.42,29713.17,mortgage,Atlanta,GA,2021-01-10
CUST000757,Kiran Shah,45,UNEMPLOYED,0.0,128644.79,Own,Sacramento,CA,2021-10-28
CUST000758,Patricia Williams,42,Unemployed,0.0,30291.38,Mortgage,Tucson,AZ,2020-11-13
CUST000759,Jessica Jones,29,EMPLOYED,1.35,81273.65,Mortgage,Washington,DC,2017-07-16
CUST000760,James Rao,48,Employed,1.03,41371.9,Own,Las Vegas,NV,2018-09-14
CUST000761,Barbara Mehta,33,Retired,0.0,157980.51,Mortgage,Sacramento,CA,2016-09-20
CUST000762,Barbara Anderson,41,Employed,11.2,37712.43,Mortgage,El Paso,Texas,2021-10-27
CUST000763,Charles Gonzalez,70,Employed,0.35,118897.48,Mortgage,Washington,DC,2015-11-09
CUST000764,Deepa Miller,38,Employed,1.18,66897.39,Own,Milwaukee,WI,22/10/2016
CUST000765,Jessica Mehta,53,Employed,7.43,69655.5,Own,Seattle,Washington,09/09/2020
CUST000766,Priya Martinez,31,Employed,8.46,,Mortgage,Nashville,TN,2020-09-01
CUST000767,Lisa Wilson,39,Employed,3.47,15966.56,Mortgage,San Francisco,CA,2019-03-11
CUST000768,Neha Williams,61,Employed,5.94,52452.35,Mortgage,Charlotte,NC,2018-09-23
CUST000769,James Gupta,32,Unemployed,0.0,69434.81,rent,San Diego,CA,22/03/2021
CUST000770,Pooja Gonzalez,61,Employed,9.47,30481.69,own,Fort Worth,TX,2017-06-10
CUST000771,William Martinez,48,Employed,8.94,31156.68,Rent,Oklahoma City,Oklahoma,2017-08-21
CUST000772,Patricia Lopez,33,EMPLOYED,5.91,83858.29,Own,San Diego,CA,2019-07-26
CUST000773,Patricia Smith,47,Employed,12.4,83927.84,Own,Fresno,CA,2017-05-15
CUST000774,Neha Brown,51,Retired,0.0,55124.82,MORTGAGE,Jacksonville,FL,16/03/2017
CUST000775,Charles Smith,47,Unemployed,0.0,95618.45,Rent,Fort Worth,TX,2016-12-15
CUST000776,Sarah Wilson,22,Employed,2.25,29598.49,Rent,Columbus,OH,2018-05-27
CUST000777,Vikram Shah,31,Employed,0.86,48360.52,rent,Atlanta,GA,2020-12-21
CUST000778,Priya Nair,37,Self-Employed,8.43,160930.29,Own,Seattle,WA,2019-08-08
CUST000779,Anjali Gonzalez,39,Employed,7.08,62379.58,Rent,Raleigh,NC,2015-02-21
CUST000780,Anjali Wilson,47,Employed,7.42,64588.23,Rent,Tucson,AZ,2016-01-04
CUST000781,Jessica Mehta,42,Employed,1.72,238844.49,Mortgage,Omaha,NE,2019-05-21
CUST000782,Susan Sharma,23,Retired,0.0,25858.5,Rent,Denver,CO,2021-01-29
CUST000783,William Miller,44,Employed,0.66,96554.05,Own,San Antonio,TX,2015-11-23
CUST000784,Anjali Lopez,47,EMPLOYED,0.56,162493.25,Rent,Fort Worth,TX,2018-08-11
CUST000785,Sunita Jones,46,Employed,4.39,49270.72,Mortgage,Denver,CO,2018-07-18
CUST000786,Charles Mehta,52,Employed,0.25,100285.71,Rent,Charlotte,NC,2021-05-14
CUST000787,William Jones,50,Employed,13.96,33216.04,Rent,Boston,Massachusetts,2015-06-16
CUST000788,James Williams,45,Employed,1.99,39654.53,Mortgage,Jacksonville,FL,24/05/2018
CUST000789,Mary Jones,39,Retired,0.0,75431.47,Rent,Nashville,TN,2015-07-24
CUST000790,Kiran Mehta,22,Employed,8.39,96677.89,Own,New York,NY,2019-10-10
CUST000791,Ramesh Jones,45,Employed,2.55,117308.43,OWN,Fresno,CA,2018-01-05
CUST000792,Jennifer Jones,42,Employed,2.82,153549.33,Rent,Dallas,TX,2020-02-26
CUST000793,Sunita Anderson,43,Self-Employed,2.14,57499.53,Own,Seattle,WA,2019-07-14
CUST000794,Ramesh Gupta,24,Employed,2.17,122536.85,Mortgage,Chicago,IL,2015-12-23
CUST000795,Susan Anderson,27,Employed,3.16,48757.64,rent,Houston,TX,2017-04-19
CUST000796,Pooja Wilson,52,Self-Employed,14.59,102873.44,Rent,Sacramento,CA,2017-02-21
CUST000797,Deepa Gonzalez,39,employed,13.75,67811.92,Rent,Denver,CO,2015-12-19
CUST000798,Neha Davis,48,Retired,0.0,78229.86,Rent,Dallas,TX,2021-08-22
CUST000799,Susan Wilson,40,Employed,3.04,77196.14,Rent,Miami,FL,27/12/2018
CUST000800,James Patel,40,Employed,8.26,22860.76,Rent,San Antonio,TX,2018-11-12
CUST000801,Kiran Reddy,51,Employed,5.71,30501.37,Mortgage,New York,NY,2021-10-29
CUST000802,Sarah Nair,33,Employed,10.67,63673.57,Mortgage,Cleveland,OH,2021-02-17
CUST000803,Pooja Rodriguez,41,Self-Employed,6.56,21755.73,Rent,Denver,CO,2018-06-26
CUST000804,Sunita Singh,34,Employed,15.22,98590.15,own,Atlanta,GA,2020-01-12
CUST000805,Rahul Johnson,34,Employed,10.87,101005.84,Own,Atlanta,GA,2020-01-28
CUST000806,Robert Patel,36,Retired,0.0,72860.53,Rent,Baltimore,MD,15/11/2019
CUST000807,Sneha Nair,42,Self-Employed,2.48,30556.1,Rent,El Paso,TX,2021-01-10
CUST000808,Rahul Brown,34,Employed,2.44,137047.57,Mortgage,Jacksonville,FL,2019-01-23
CUST000809,Sneha Nair,55,Employed,6.76,203277.31,Own,Houston,TX,2019-08-16
CUST000810,Jennifer Jones,29,Employed,0.44,65397.94,Mortgage,San Francisco,CA,2017-01-29
CUST000811,Amit Rao,37,Self-Employed,1.94,81334.15,Mortgage,Atlanta,GA,2019-02-20
CUST000812,Karen Anderson,34,Unemployed,0.0,67578.37,Mortgage,San Diego,CA,16/05/2018
CUST000813,Amit Williams,57,Employed,2.99,,Mortgage,Phoenix,AZ,2018-09-03
CUST000814,Amit Gupta,42,Employed,1.57,55729.49,Own,Louisville,KY,2019-07-09
CUST000815,Jennifer Davis,52,Employed,3.24,58645.23,mortgage,Miami,FL,2015-02-10
CUST000816,Sneha Shah,22,Employed,1.7,103097.51,Rent,Phoenix,AZ,2019-11-20
CUST000817,John Mehta,43,Self-Employed,7.31,244598.78,Rent,Cleveland,OH,22/02/2020
CUST000818,Lisa Gupta,50,Employed,9.51,25847.19,Own,Houston,Texas,2016-06-06
CUST000819,Patricia Hernandez,40,Employed,7.63,56258.51,Mortgage,San Jose,CA,2020-07-29
CUST000820,James Sharma,52,Employed,0.81,29487.56,Own,San Jose,CA,2017-10-11
CUST000821,Anil Kumar,33,EMPLOYED,2.05,155626.62,Rent,Cleveland,OH,2020-06-29
CUST000822,Sneha Patel,56,Employed,1.2,42081.24,Own,Nashville,TN,2021-09-27
CUST000823,Arjun Wilson,67,Unemployed,0.0,25186.91,Rent,Philadelphia,PA,2021-11-25
CUST000824,Neha Martinez,35,Self-Employed,6.72,87808.38,Rent,Indianapolis,IN,2020-11-19
CUST000825,Charles Garcia,34,EMPLOYED,2.8,170516.38,Mortgage,San Diego,CA,2018-06-06
CUST000826,Robert Nair,57,Self-Employed,1.62,89157.41,Mortgage,Sacramento,CA,2018-03-28
CUST000827,Lisa Reddy,58,Self-Employed,1.84,67702.52,Rent,Portland,OR,2018-10-15
CUST000828,Thomas Johnson,33,Employed,0.73,76533.56,Own,Omaha,Nebraska,2021-07-23
CUST000829,Sneha Patel,34,EMPLOYED,8.77,139930.95,Own,Omaha,NE,2016-01-08
CUST000830,David Patel,36,Employed,0.78,35435.89,Own,Arlington,Texas,2019-12-30
CUST000831,Patricia Mehta,23,EMPLOYED,2.06,55987.95,Mortgage,Charlotte,NC,2021-03-24
CUST000832,Charles Reddy,28,Unemployed,0.0,45632.98,Mortgage,Tucson,AZ,2021-02-04
CUST000833,Mary Martinez,27,Employed,2.87,29711.24,Rent,Memphis,TN,2015-02-27
CUST000834,Kiran Williams,30,Retired,0.0,49166.85,Own,Baltimore,MD,26/08/2019
CUST000835,William Kumar,39,Self-Employed,6.35,116381.94,Rent,Baltimore,MD,2018-04-30
CUST000836,John Rodriguez,42,Employed,6.28,84116.77,Own,Nashville,TN,2016-07-16
CUST000837,Thomas Jones,58,Unemployed,0.0,88131.59,Mortgage,Raleigh,North Carolina,2018-11-06
CUST000838,Karen Rodriguez,28,Employed,0.62,65374.36,Own,Las Vegas,NV,2016-01-22
CUST000839,Thomas Smith,51,Employed,11.75,81960.63,Rent,Nashville,TN,2015-07-02
CUST000840,Linda Gupta,37,Self-Employed,7.85,37036.0,Own,Cleveland,OH,2020-03-29
CUST000841,Susan Patel,39,Employed,2.47,49726.54,Rent,Arlington,TX,2021-03-07
CUST000842,Barbara Mehta,48,EMPLOYED,0.91,67184.82,Own,Houston,TX,2019-12-14
CUST000843,Deepa Lopez,26,Self-Employed,1.51,70721.83,Rent,Arlington,TX,2016-07-24
CUST000844,Susan Rodriguez,44,Unemployed,0.0,72555.91,Mortgage,San Antonio,TX,2020-08-21
CUST000845,Sarah Sharma,9,Employed,14.55,55105.17,Own,Columbus,OH,2018-06-09
CUST000846,Susan Kumar,45,Employed,4.78,47741.01,Rent,Columbus,OH,2015-01-30
CUST000847,Robert Hernandez,43,Employed,0.13,398181.32,Mortgage,San Francisco,CA,2016-04-21
CUST000848,Jennifer Jones,69,Self-Employed,5.26,103163.7,Mortgage,Philadelphia,PA,2019-04-06
CUST000849,Barbara Sharma,32,Employed,14.48,76717.76,Own,Austin,TX,2016-09-12
CUST000850,Sunita Rao,33,Retired,0.0,52055.98,Rent,Indianapolis,IN,2016-04-26
CUST000851,Anjali Davis,32,Self-Employed,13.56,45673.28,Mortgage,Jacksonville,FL,2020-06-10
CUST000852,Deepa Reddy,33,Self-Employed,5.55,55354.85,OWN,Sacramento,CA,2019-06-28
CUST000853,David Miller,32,Retired,0.0,,Rent,Phoenix,AZ,2017-02-04
CUST000854,Neha Johnson,54,Retired,0.0,19375.0,Own,Austin,Texas,2019-11-26
CUST000855,Thomas Rao,57,Employed,0.97,23350.33,mortgage,New York,NY,2019-04-30
CUST000856,Linda Johnson,33,Employed,6.01,40858.52,Mortgage,Portland,OR,2016-04-07
CUST000857,David Anderson,30,Self-Employed,4.45,67797.71,Rent,Baltimore,MD,2019-04-29
CUST000858,Vikram Sharma,45,Retired,0.0,51866.9,Own,Omaha,NE,2021-08-08
CUST000859,Lisa Sharma,33,Self-Employed,1.53,145346.05,Rent,Atlanta,Georgia,2016-08-20
CUST000860,Joseph Gonzalez,47,employed,11.89,24601.48,Mortgage,Denver,CO,2016-03-11
CUST000861,Anjali Sharma,42,Self-Employed,1.2,,mortgage,Chicago,IL,2017-05-07
CUST000862,Thomas Jones,22,Employed,1.67,149052.67,MORTGAGE,Charlotte,NC,2018-10-03
CUST000863,Amit Wilson,58,Retired,0.0,64774.78,Own,Denver,CO,2021-05-06
CUST000864,James Martinez,61,Employed,1.61,101814.27,Mortgage,Denver,CO,2018-01-12
CUST000865,Deepa Gonzalez,32,Retired,0.0,,Rent,Milwaukee,Wisconsin,2015-03-12
CUST000866,Priya Kumar,35,Employed,1.04,39486.63,Mortgage,Phoenix,AZ,2016-09-02
CUST000867,Robert Brown,43,Retired,0.0,,Own,Charlotte,NC,2021-07-16
CUST000868,Neha Wilson,44,Employed,4.58,50845.35,Mortgage,San Francisco,CA,2020-07-02
CUST000869,Karen Hernandez,47,Self-Employed,4.18,18531.81,Mortgage,Raleigh,NC,2018-07-21
CUST000870,Karen Rodriguez,64,Retired,0.0,49700.08,Mortgage,Fort Worth,TX,2016-12-01
CUST000871,Michael Rodriguez,37,self-employed,0.84,101583.59,Own,Las Vegas,Nevada,2016-09-11
CUST000872,Vikram Anderson,30,Self-Employed,0.62,82814.11,Mortgage,San Diego,California,2018-06-16
CUST000873,Sarah Reddy,23,Employed,9.87,86807.64,Rent,Fresno,CA,2018-03-02
CUST000874,Richard Kumar,31,Employed,5.31,47795.87,Own,Charlotte,NC,2017-12-09
CUST000875,Arjun Mehta,39,Unemployed,0.0,40390.17,Rent,San Jose,CA,2019-05-30
CUST000876,Susan Hernandez,61,Employed,0.91,128226.49,Rent,Seattle,WA,2021-03-08
CUST000877,James Mehta,33,Self-Employed,3.09,44427.31,Own,San Jose,CA,2018-04-15
CUST000878,James Williams,42,Self-Employed,6.79,71428.29,Own,Phoenix,AZ,17/08/2015
CUST000879,James Wilson,39,Employed,1.2,66039.0,mortgage,Houston,TX,2015-06-27
CUST000880,Michael Kumar,54,EMPLOYED,5.77,,Own,Austin,TX,2016-07-07
CUST000881,Michael Mehta,70,Employed,3.21,107242.45,Rent,Nashville,TN,2020-10-16
CUST000882,Deepa Lopez,33,Employed,2.82,27524.86,Mortgage,Omaha,NE,2021-07-30
CUST000883,Joseph Reddy,34,RETIRED,0.0,29362.34,Mortgage,Cleveland,OH,2020-09-03
CUST000884,Charles Rodriguez,52,Self-Employed,3.15,84740.24,OWN,Denver,CO,2015-04-03
CUST000885,Richard Johnson,48,Employed,8.57,57606.89,Mortgage,Baltimore,MD,2018-07-11
CUST000886,Mary Gupta,62,employed,13.33,45565.08,Own,San Diego,CA,2020-10-08
CUST000887,Jennifer Johnson,47,Self-Employed,4.44,110125.59,Mortgage,Milwaukee,WI,2016-12-18
CUST000888,Jessica Gupta,35,Employed,1.79,67001.86,Own,Nashville,TN,2016-01-13
CUST000889,Linda Nair,47,Employed,7.51,61788.62,Mortgage,Louisville,KY,2019-09-11
CUST000890,Linda Williams,53,Employed,0.93,95597.04,own,Seattle,WA,2020-12-03
CUST000891,William Gonzalez,49,Unemployed,0.0,47807.35,Rent,Minneapolis,MN,2020-08-06
CUST000892,Susan Brown,46,employed,3.66,153447.14,Mortgage,Fresno,CA,2016-05-09
CUST000893,Susan Rodriguez,52,Employed,5.2,37315.77,Own,Miami,FL,10/09/2020
CUST000894,Charles Anderson,54,Retired,0.0,88801.38,Own,Baltimore,MD,2021-03-12
CUST000895,John Shah,56,Employed,15.53,141534.63,rent,Philadelphia,PA,2019-08-09
CUST000896,Anil Rodriguez,47,Unemployed,0.0,26202.83,MORTGAGE,Omaha,Nebraska,13/04/2019
CUST000897,Ramesh Nair,37,Employed,22.41,48727.5,Own,Chicago,IL,2016-12-07
CUST000898,Priya Rodriguez,41,Employed,3.23,118815.18,Own,Las Vegas,NV,2020-11-30
CUST000899,David Rao,54,Employed,1.9,119892.01,rent,Oklahoma City,OK,2019-03-07
CUST000900,John Rodriguez,30,Employed,3.08,54019.62,Rent,Omaha,NE,2017-08-03
CUST000901,Patricia Gonzalez,44,Employed,5.17,38530.19,Mortgage,San Francisco,CA,21/01/2020
CUST000902,Anjali Hernandez,35,Employed,3.54,106251.21,Mortgage,Los Angeles,CA,2018-04-17
CUST000903,Patricia Rodriguez,40,EMPLOYED,5.03,121799.25,Mortgage,Philadelphia,PA,2017-12-21
CUST000904,Thomas Garcia,55,Employed,10.89,29768.38,Own,Charlotte,NC,2016-04-07
CUST000905,Deepa Williams,42,Self-Employed,0.91,,Rent,Cleveland,OH,2021-12-05
CUST000906,Kiran Miller,40,Unemployed,0.0,68538.71,Rent,Raleigh,NC,2017-06-27
CUST000907,Vikram Garcia,23,Unemployed,0.0,87344.59,Mortgage,Los Angeles,CA,2016-04-04
CUST000908,Kiran Brown,48,Employed,20.02,50039.03,rent,Seattle,WA,2017-07-31
CUST000909,Barbara Singh,47,Retired,0.0,90001.02,Mortgage,Cleveland,OH,2017-02-16
CUST000910,Ramesh Miller,65,Employed,21.55,39101.58,Own,Chicago,IL,2020-02-15
CUST000911,Michael Anderson,36,Employed,17.16,16834.47,mortgage,Jacksonville,FL,2018-06-04
CUST000912,Thomas Brown,42,Employed,1.73,,Mortgage,Atlanta,Georgia,2019-06-27
CUST000913,Robert Williams,42,SELF-EMPLOYED,11.08,,Own,Tucson,AZ,2021-06-14
CUST000914,John Patel,58,Unemployed,0.0,50741.33,Mortgage,Baltimore,MD,2018-04-04
CUST000915,Thomas Rao,38,Self-Employed,3.03,29876.82,Own,Seattle,WA,2021-10-05
CUST000916,Deepa Smith,43,Employed,2.57,20142.97,Own,Jacksonville,FL,17/06/2017
CUST000917,Kiran Jones,47,Self-Employed,11.65,,Rent,Raleigh,NC,2018-11-13
CUST000918,James Johnson,42,Employed,3.2,102600.03,Rent,Las Vegas,NV,2019-07-02
CUST000919,Anjali Rodriguez,34,Employed,2.71,127225.76,Mortgage,Miami,FL,2017-09-11
CUST000920,Barbara Nair,42,Employed,5.1,122103.95,Mortgage,Philadelphia,PA,2021-04-25
CUST000921,Arjun Gonzalez,52,Employed,2.36,36697.15,Rent,Atlanta,GA,2019-05-29
CUST000922,James Kumar,27,Employed,3.85,29964.73,Rent,Washington,DC,2015-02-22
CUST000923,Kiran Sharma,41,Self-Employed,15.57,80658.6,Own,Portland,OR,29/12/2021
CUST000924,Ramesh Gonzalez,31,employed,1.13,87645.89,Mortgage,El Paso,Texas,2020-06-20
CUST000925,John Singh,54,EMPLOYED,3.07,76122.7,Mortgage,Oklahoma City,OK,2019-08-09
CUST000926,Joseph Smith,22,Employed,0.08,17882.22,MORTGAGE,San Antonio,TX,2015-11-26
CUST000927,Anjali Nair,33,Retired,0.0,35591.75,Own,Austin,TX,2018-07-29
CUST000928,Sneha Brown,44,Employed,0.48,58817.03,Rent,El Paso,Texas,2015-10-10
CUST000929,Neha Hernandez,58,employed,0.5,80204.18,Own,Portland,OR,2021-02-17
CUST000930,Lisa Gonzalez,39,Employed,10.72,94881.54,Mortgage,Miami,FL,2016-11-02
CUST000931,Patricia Shah,33,Self-Employed,2.63,65287.25,Mortgage,Denver,CO,2019-11-29
CUST000932,Jennifer Lopez,62,Employed,5.81,73018.66,Own,Louisville,KY,2021-04-29
CUST000933,Arjun Williams,22,Employed,9.75,63001.84,Rent,Sacramento,CA,2020-04-12
CUST000934,Anil Rao,22,employed,2.35,90343.25,Mortgage,Chicago,IL,2019-02-05
CUST000935,Charles Shah,45,Employed,1.52,,RENT,Milwaukee,WI,2020-04-30
CUST000936,Richard Garcia,33,Employed,0.93,62282.93,MORTGAGE,Philadelphia,Pennsylvania,2016-03-19
CUST000937,Robert Gonzalez,27,Self-Employed,4.67,50969.3,Mortgage,Oklahoma City,OK,14/01/2020
CUST000938,Richard Martinez,48,Retired,0.0,62866.89,Mortgage,San Francisco,CA,2017-08-16
CUST000939,Anjali Brown,42,Retired,0.0,80077.87,Mortgage,Oklahoma City,OK,2018-12-29
CUST000940,Neha Sharma,33,Self-Employed,1.91,70297.06,Mortgage,San Diego,California,2021-08-28
CUST000941,Jennifer Shah,24,EMPLOYED,2.14,75244.33,Mortgage,Louisville,KY,02/09/2016
CUST000942,Deepa Reddy,50,Unemployed,0.0,134005.1,Rent,Minneapolis,MN,2021-09-17
CUST000943,Richard Jones,47,Unemployed,0.0,70199.63,Rent,New York,NY,2015-04-10
CUST000944,Robert Miller,38,Unemployed,0.0,40562.57,Own,Fresno,CA,2017-04-19
CUST000945,Mary Reddy,62,Employed,1.93,101738.8,Own,Milwaukee,WI,2021-02-09
CUST000946,Sarah Sharma,27,Employed,7.52,26377.88,Rent,Portland,OR,2016-09-30
CUST000947,Anjali Williams,22,Retired,0.0,31293.07,Own,Houston,TX,2016-08-17
CUST000948,Lisa Sharma,31,Retired,0.0,73240.83,Own,Fort Worth,TX,2017-07-18
CUST000949,Deepa Smith,39,Employed,3.4,81620.68,Own,Tucson,AZ,20/04/2021
CUST000950,Robert Hernandez,42,Retired,0.0,28366.65,mortgage,Boston,MA,2021-02-10
CUST000951,Patricia Hernandez,37,Self-Employed,14.33,47586.74,MORTGAGE,Arlington,TX,2020-01-08
CUST000952,Robert Gonzalez,44,Employed,3.05,41620.57,MORTGAGE,Miami,FL,2019-08-25
CUST000953,Linda Miller,24,Employed,4.07,44711.87,rent,Baltimore,MD,2017-11-11
CUST000954,Amit Anderson,57,employed,1.02,105467.56,Mortgage,Houston,TX,15/11/2019
CUST000955,Barbara Reddy,39,Employed,2.03,91482.53,Own,Columbus,OH,2020-06-25
CUST000956,Joseph Williams,53,Retired,0.0,59191.11,Mortgage,Seattle,WA,2019-04-10
CUST000957,Robert Reddy,44,Employed,0.66,43149.36,Own,Sacramento,CA,2017-08-25
CUST000958,Barbara Sharma,45,Unemployed,0.0,26641.09,Rent,Dallas,TX,2017-08-13
CUST000959,Mary Sharma,46,Unemployed,0.0,140380.37,Mortgage,Denver,CO,2015-03-29
CUST000960,Robert Davis,45,Employed,0.01,85414.26,Rent,Baltimore,MD,2019-06-16
CUST000961,William Smith,47,Employed,9.09,39183.01,Mortgage,Miami,FL,2017-09-21
CUST000962,Susan Shah,55,Self-Employed,0.29,92204.08,Rent,San Diego,CA,2020-01-20
CUST000963,Patricia Martinez,42,Employed,1.42,57403.8,Mortgage,Los Angeles,CA,2017-09-01
CUST000964,Michael Anderson,48,Self-Employed,16.56,50399.39,Rent,Omaha,NE,09/09/2018
CUST000965,David Patel,38,Employed,0.42,77740.13,Mortgage,Indianapolis,IN,09/06/2020
CUST000966,John Brown,57,Employed,8.74,38372.68,Mortgage,Austin,TX,2015-02-10
CUST000967,Linda Sharma,31,Employed,5.28,48715.19,Rent,Nashville,TN,2016-08-02
CUST000968,Joseph Williams,61,EMPLOYED,4.56,64400.5,Rent,Sacramento,CA,2021-12-16
CUST000969,Richard Wilson,39,Employed,4.36,44370.46,Rent,New York,NY,2019-05-22
CUST000970,Arjun Reddy,22,RETIRED,0.0,89451.43,Mortgage,Sacramento,CA,2015-10-21
CUST000971,Vikram Hernandez,41,Employed,5.53,183769.94,Own,Portland,OR,2017-11-13
CUST000972,Linda Mehta,31,Retired,0.0,38079.11,Own,Philadelphia,PA,2016-04-20
CUST000973,William Hernandez,50,Retired,0.0,,Mortgage,Charlotte,NC,16/09/2017
CUST000974,Jessica Rao,32,Retired,0.0,18014.93,Rent,San Diego,CA,2016-02-17
CUST000975,Robert Patel,34,Employed,3.2,54705.48,Own,Milwaukee,WI,07/10/2020
CUST000976,Susan Hernandez,22,SELF-EMPLOYED,1.32,40219.26,Mortgage,San Diego,CA,2017-11-16
CUST000977,John Brown,34,Employed,6.75,67827.05,Rent,San Jose,CA,2019-12-06
CUST000978,Karen Jones,22,Employed,5.83,64832.26,Rent,Miami,FL,07/01/2017
CUST000979,Sunita Garcia,22,Unemployed,0.0,22881.18,Mortgage,Denver,CO,2017-05-10
CUST000980,Rahul Singh,49,Employed,4.21,20152.22,Own,Minneapolis,Minnesota,28/01/2017
CUST000981,David Anderson,49,Retired,0.0,71507.67,Rent,Seattle,WA,2018-03-06
CUST000982,Sarah Patel,45,self-employed,1.3,64942.48,Own,Portland,OR,2017-08-16
CUST000983,Robert Jones,28,Employed,9.43,,Rent,Atlanta,GA,2019-03-10
CUST000984,Michael Shah,39,Employed,0.28,22152.68,Own,Atlanta,GA,2017-03-18
CUST000985,Anjali Rao,39,SELF-EMPLOYED,3.15,79446.15,Own,Indianapolis,IN,2021-02-09
CUST000986,David Smith,26,Employed,3.22,128430.06,Rent,Milwaukee,WI,2019-04-06
CUST000987,Kiran Williams,58,Self-Employed,4.22,70741.63,Rent,Sacramento,CA,2018-10-27
CUST000988,James Smith,50,EMPLOYED,1.1,36008.69,Mortgage,San Jose,CA,2015-07-02
CUST000989,Susan Williams,37,Employed,10.25,61496.24,Mortgage,Memphis,TN,2021-08-04
CUST000990,Charles Wilson,40,Employed,16.81,26379.21,Mortgage,Fort Worth,TX,2018-12-27
CUST000991,Sneha Nair,42,EMPLOYED,3.98,112958.57,Own,Omaha,NE,2015-09-30
CUST000992,William Miller,22,Employed,1.48,62887.75,Rent,Minneapolis,MN,2015-07-20
CUST000993,Barbara Shah,37,Employed,10.47,20725.2,Rent,Dallas,TX,2020-03-22
CUST000994,Karen Kumar,31,Employed,22.19,49990.86,Rent,Phoenix,AZ,2020-04-28
CUST000995,Deepa Wilson,27,Self-Employed,6.77,79061.47,Mortgage,Seattle,WA,04/03/2015
CUST000996,Sarah Garcia,36,Self-Employed,2.03,49029.21,Rent,Portland,OR,2019-01-05
CUST000997,Robert Gupta,61,Employed,1.35,50739.63,Mortgage,El Paso,TX,2020-11-04
CUST000998,Susan Nair,47,Self-Employed,0.85,28720.28,Mortgage,Minneapolis,MN,2019-11-19
CUST000999,Kiran Gupta,33,Self-Employed,1.34,84113.69,Mortgage,Seattle,WA,2020-04-26
CUST001000,Jennifer Shah,46,Employed,1.29,40575.45,Rent,New York,NY,2019-01-25
CUST001001,Lisa Lopez,56,Employed,17.12,16417.99,Own,Denver,CO,2016-06-13
CUST001002,Sunita Smith,51,Employed,5.15,47917.96,Own,Nashville,TN,2021-05-05
CUST001003,Sarah Miller,40,Employed,0.91,107870.84,Mortgage,Raleigh,NC,2021-09-26
CUST001004,Linda Kumar,32,Employed,3.35,47469.48,Own,Raleigh,NC,2020-05-20
CUST001005,Michael Gupta,48,Employed,1.02,169870.39,Rent,Miami,FL,2020-10-09
CUST001006,Rahul Rao,44,Employed,4.66,77449.45,Own,San Jose,CA,14/03/2019
CUST001007,Pooja Davis,50,Unemployed,0.0,73368.86,Rent,Baltimore,MD,2017-07-07
CUST001008,Anil Rao,47,Employed,1.09,55434.7,Mortgage,Fresno,CA,2016-08-07
CUST001009,Jessica Rodriguez,52,Self-Employed,1.39,57470.57,Own,Atlanta,Georgia,2018-11-23
CUST001010,Patricia Miller,33,Unemployed,0.0,51120.75,Rent,Washington,DC,2021-07-03
CUST001011,Linda Jones,55,employed,2.62,49943.04,Mortgage,El Paso,TX,22/09/2019
CUST001012,Sneha Sharma,42,Retired,0.0,82332.43,Own,Sacramento,CA,2020-06-17
CUST001013,Susan Garcia,64,Employed,8.61,34149.43,Mortgage,Fresno,CA,2020-01-11
CUST001014,Robert Johnson,31,Retired,0.0,31396.88,Mortgage,Memphis,TN,2018-02-14
CUST001015,Rahul Martinez,60,Employed,3.1,30518.34,Mortgage,Milwaukee,WI,2017-10-10
CUST001016,Jessica Wilson,42,Employed,15.4,204309.8,Mortgage,Oklahoma City,OK,2016-09-14
CUST001017,Thomas Hernandez,32,self-employed,1.21,82306.53,Mortgage,Fort Worth,TX,2018-01-24
CUST001018,Anil Johnson,34,RETIRED,0.0,71875.83,Mortgage,Indianapolis,Indiana,2016-07-06
CUST001019,Michael Reddy,36,Employed,12.12,31745.02,Mortgage,Cleveland,OH,2018-08-09
CUST001020,Patricia Singh,45,Self-Employed,9.59,87029.76,Mortgage,Memphis,TN,2016-06-16
CUST001021,Susan Garcia,46,Self-Employed,0.7,55829.47,Own,Charlotte,NC,2019-07-20
CUST001022,Mary Sharma,33,Employed,13.29,68084.26,Mortgage,Portland,OR,2018-06-09
CUST001023,Pooja Brown,39,Employed,0.05,33323.82,Mortgage,Chicago,IL,2018-04-15
CUST001024,John Davis,65,Employed,8.64,65917.64,Mortgage,Oklahoma City,OK,2019-09-07
CUST001025,Deepa Patel,60,Employed,1.63,46429.94,Own,Atlanta,GA,2015-06-25
CUST001026,Priya Wilson,45,Self-Employed,1.05,,Own,Memphis,TN,2019-03-14
CUST001027,Richard Reddy,40,Retired,0.0,93010.14,Mortgage,Memphis,TN,2016-01-03
CUST001028,Priya Davis,41,Self-Employed,11.37,23798.44,Mortgage,San Jose,CA,2017-04-21
CUST001029,Linda Hernandez,47,Retired,0.0,84024.67,Mortgage,Miami,Florida,2019-01-09
CUST001030,Joseph Brown,27,Employed,17.07,90281.85,Rent,Chicago,IL,2021-07-04
CUST001031,Sarah Reddy,36,Employed,3.89,35320.32,Mortgage,Dallas,TX,2021-11-08
CUST001032,Sunita Miller,22,Unemployed,0.0,36599.98,Rent,Minneapolis,MN,2020-08-09
CUST001033,Anjali Davis,44,Unemployed,0.0,52375.0,Own,Raleigh,NC,09/03/2019
CUST001034,John Sharma,47,Employed,1.0,70913.9,Mortgage,El Paso,TX,2021-08-22
CUST001035,Kiran Johnson,34,Employed,3.44,54627.19,Mortgage,San Antonio,TX,2018-01-27
CUST001036,Ramesh Jones,58,Unemployed,0.0,77663.25,Mortgage,Baltimore,MD,2019-09-19
CUST001037,Jessica Gupta,25,Employed,8.65,172437.1,Mortgage,San Antonio,Texas,2019-12-01
CUST001038,Anil Garcia,22,Employed,1.67,44150.96,Mortgage,Tucson,AZ,2015-03-29
CUST001039,Anjali Lopez,42,Self-Employed,6.23,21394.56,Rent,Milwaukee,WI,2020-08-04
CUST001040,William Anderson,52,retired,0.0,98277.87,Own,New York,NY,2016-09-16
CUST001041,Richard Shah,60,Self-Employed,2.35,164388.65,Mortgage,San Jose,CA,14/10/2020
CUST001042,Neha Rodriguez,34,Self-Employed,5.95,75785.41,Own,Portland,OR,2021-02-20
CUST001043,Richard Hernandez,52,Employed,2.87,31174.35,Mortgage,San Jose,CA,2016-10-02
CUST001044,William Johnson,39,Self-Employed,21.22,55584.77,Rent,Phoenix,AZ,2017-01-12
CUST001045,Patricia Rodriguez,37,Employed,0.03,30604.0,Rent,Atlanta,GA,2016-05-29
CUST001046,William Brown,50,Retired,0.0,88054.68,Mortgage,San Francisco,CA,2018-04-17
CUST001047,Anil Anderson,47,Employed,1.53,26614.88,Mortgage,El Paso,TX,2015-05-14
CUST001048,Sunita Garcia,22,Self-Employed,9.48,50007.22,Mortgage,Arlington,TX,2019-12-03
CUST001049,Arjun Davis,57,Unemployed,0.0,32774.21,Own,Louisville,Kentucky,2021-12-22
CUST001050,Charles Gupta,56,Employed,3.92,64608.08,Rent,Philadelphia,PA,2017-03-26
CUST001051,David Shah,32,retired,0.0,48059.49,Mortgage,El Paso,TX,2021-03-01
CUST001052,David Patel,44,Employed,3.44,66573.19,RENT,Fresno,CA,2019-01-29
CUST001053,Joseph Williams,45,Employed,2.64,60682.48,Rent,Memphis,TN,23/07/2015
CUST001054,Sunita Kumar,43,Employed,0.22,33123.71,mortgage,Oklahoma City,OK,2016-12-06
CUST001055,Kiran Miller,33,Unemployed,0.0,87214.53,Mortgage,Miami,FL,2019-10-15
CUST001056,Sneha Anderson,31,Unemployed,0.0,58147.64,Rent,Fresno,CA,2021-02-11
CUST001057,Karen Smith,39,Employed,5.15,33086.57,Own,Chicago,IL,2015-09-24
CUST001058,Ramesh Reddy,54,Employed,8.72,229706.1,Mortgage,Arlington,TX,2021-10-17
CUST001059,Sarah Davis,46,Retired,0.0,79686.71,Own,Phoenix,AZ,2020-09-04
CUST001060,Priya Wilson,35,Employed,1.52,54613.9,Mortgage,Indianapolis,IN,2018-07-27
CUST001061,Joseph Patel,49,Self-Employed,1.74,139961.51,Own,Denver,CO,2016-07-04
CUST001062,Barbara Patel,22,Self-Employed,0.22,180789.63,Mortgage,Charlotte,NC,2019-12-24
CUST001063,James Wilson,53,Unemployed,0.0,54873.75,Rent,Philadelphia,Pennsylvania,2015-11-18
CUST001064,Robert Johnson,22,Employed,4.36,73750.16,Rent,Las Vegas,NV,2018-12-08
CUST001065,Sneha Reddy,35,Employed,3.28,,MORTGAGE,San Antonio,TX,2020-05-01
CUST001066,Pooja Johnson,26,Retired,0.0,54813.09,Mortgage,San Antonio,TX,2021-01-09
CUST001067,Ramesh Kumar,24,Employed,2.94,53133.48,Mortgage,Baltimore,MD,2019-04-27
CUST001068,Vikram Sharma,53,Employed,14.78,66896.12,Own,Austin,TX,2020-10-14
CUST001069,Michael Anderson,34,EMPLOYED,0.07,73105.31,Mortgage,Nashville,TN,2015-02-09
CUST001070,Kiran Davis,44,RETIRED,0.0,83775.6,Rent,Los Angeles,CA,2018-07-30
CUST001071,Jennifer Singh,39,Self-Employed,8.46,69049.96,Own,Chicago,Illinois,2016-03-18
CUST001072,James Nair,45,employed,2.19,28956.63,Rent,Oklahoma City,OK,2015-07-06
CUST001073,Sunita Miller,40,Self-Employed,4.52,34095.47,Rent,Houston,TX,2015-09-06
CUST001074,William Lopez,24,Employed,10.0,43137.82,Own,Denver,CO,30/11/2016
CUST001075,Charles Davis,51,Retired,0.0,50546.84,Mortgage,Washington,DC,2015-01-24
CUST001076,Jennifer Smith,34,Employed,0.26,112472.56,Mortgage,Boston,MA,2020-09-17
CUST001077,Sneha Mehta,22,self-employed,11.7,29799.19,Rent,Las Vegas,NV,2021-07-16
CUST001078,Lisa Garcia,34,Self-Employed,3.64,48317.59,Mortgage,San Jose,CA,2016-04-24
CUST001079,Anil Patel,58,Employed,3.94,106064.82,Own,Indianapolis,IN,2020-05-29
CUST001080,Mary Anderson,50,Unemployed,0.0,50014.76,Rent,Tucson,AZ,2017-08-22
CUST001081,Anil Rao,35,Employed,0.53,78924.69,MORTGAGE,Portland,OR,16/05/2015
CUST001082,William Nair,35,Self-Employed,7.51,55065.29,Rent,Cleveland,OH,2021-11-03
CUST001083,Vikram Garcia,36,Self-Employed,2.85,69847.53,Own,Jacksonville,FL,2020-12-01
CUST001084,Rahul Shah,64,Self-Employed,31.22,52204.11,Rent,Austin,Texas,2017-08-19
CUST001085,Anil Nair,44,Employed,5.95,89343.1,Mortgage,Jacksonville,FL,25/08/2016
CUST001086,James Shah,45,Retired,0.0,23693.74,Rent,Philadelphia,PA,2018-10-31
CUST001087,John Gonzalez,52,Employed,1.64,48146.94,Mortgage,Arlington,TX,2021-01-09
CUST001088,Arjun Kumar,42,Self-Employed,0.97,71535.11,MORTGAGE,Memphis,TN,2020-07-24
CUST001089,Robert Martinez,36,self-employed,2.36,82472.25,own,Arlington,TX,2019-04-06
CUST001090,Ramesh Rao,37,Retired,0.0,,Rent,Indianapolis,IN,19/06/2017
CUST001091,Karen Nair,39,Self-Employed,4.75,47352.99,Mortgage,Miami,FL,2019-11-13
CUST001092,Jessica Mehta,39,Employed,6.82,145464.75,Rent,Raleigh,NC,2019-03-08
CUST001093,Jennifer Gupta,48,Unemployed,0.0,40319.31,Mortgage,San Jose,CA,2020-09-30
CUST001094,Arjun Reddy,40,employed,0.47,132878.15,Rent,Charlotte,NC,2017-03-22
CUST001095,Patricia Kumar,48,Employed,0.13,97780.48,Mortgage,Milwaukee,WI,2018-01-03
CUST001096,Rahul Johnson,39,Retired,0.0,34610.93,Mortgage,San Francisco,CA,2018-01-27
CUST001097,Linda Gonzalez,40,Employed,6.59,71985.76,Rent,Milwaukee,WI,2021-02-04
CUST001098,Rahul Anderson,22,Employed,1.25,58061.52,Own,San Francisco,CA,2021-11-24
CUST001099,Robert Lopez,50,Employed,12.09,87146.92,mortgage,New York,NY,2015-08-19
CUST001100,Rahul Garcia,44,Employed,5.27,52367.27,Mortgage,Milwaukee,WI,2021-12-04
CUST001101,John Singh,51,Employed,9.91,49794.12,Mortgage,Denver,Colorado,2017-03-27
CUST001102,Jessica Jones,22,Employed,2.44,136142.41,Mortgage,Fresno,CA,2016-04-20
CUST001103,Arjun Davis,65,Self-Employed,20.54,56430.63,Mortgage,Austin,TX,2017-05-30
CUST001104,Linda Shah,38,Self-Employed,5.69,98307.28,Mortgage,Phoenix,AZ,27/04/2015
CUST001105,Sneha Reddy,53,Self-Employed,2.21,52301.96,mortgage,Baltimore,Maryland,2016-11-03
CUST001106,Jessica Rao,27,Employed,1.19,162754.46,Rent,Washington,DC,14/03/2020
CUST001107,Joseph Hernandez,47,Self-Employed,10.07,39854.84,Own,Raleigh,NC,2018-11-23
CUST001108,Neha Rodriguez,27,Employed,1.91,41419.78,Mortgage,Nashville,TN,15/11/2021
CUST001109,Pooja Mehta,32,Employed,0.23,149448.97,Rent,Las Vegas,NV,08/10/2021
CUST001110,Ramesh Rodriguez,62,Unemployed,0.0,45845.49,Own,San Francisco,CA,2017-01-20
CUST001111,Patricia Williams,37,Employed,0.99,156473.91,Mortgage,Milwaukee,Wisconsin,2019-08-16
CUST001112,Rahul Lopez,42,Self-Employed,1.93,102242.67,Mortgage,Nashville,TN,2016-12-13
CUST001113,Deepa Sharma,50,Retired,0.0,54568.4,Rent,Fort Worth,Texas,2018-05-14
CUST001114,Pooja Kumar,45,Employed,3.47,20171.46,Mortgage,Memphis,TN,2015-06-26
CUST001115,Linda Sharma,41,Employed,6.2,59184.15,Own,Atlanta,GA,2015-04-18
CUST001116,Charles Anderson,44,Employed,2.03,63638.76,Mortgage,San Antonio,TX,2021-10-05
CUST001117,Rahul Mehta,68,Employed,0.64,120611.59,Own,Indianapolis,Indiana,2015-05-04
CUST001118,John Miller,39,Self-Employed,0.87,155292.9,Rent,Memphis,TN,28/01/2016
CUST001119,Anil Williams,42,Self-Employed,7.98,39696.08,Rent,Cleveland,OH,2018-03-08
CUST001120,Jennifer Gonzalez,52,Employed,0.52,96829.7,Rent,Washington,DC,06/01/2017
CUST001121,Susan Martinez,53,Employed,8.0,94773.14,Mortgage,Cleveland,OH,2021-05-20
CUST001122,John Brown,54,Retired,0.0,114010.7,Rent,Denver,CO,2018-07-28
CUST001123,David Rodriguez,47,EMPLOYED,5.67,80758.13,Mortgage,Denver,CO,28/12/2018
CUST001124,Linda Nair,26,Employed,4.88,18666.79,Own,Los Angeles,CA,2017-02-03
CUST001125,Barbara Sharma,59,Employed,0.52,54543.1,Own,Louisville,KY,2016-08-22
CUST001126,Barbara Miller,26,Self-Employed,5.48,29928.77,Rent,Seattle,Washington,2016-08-29
CUST001127,Amit Shah,43,Employed,2.97,53020.64,Rent,New York,NY,2019-05-28
CUST001128,Mary Martinez,30,Employed,6.14,107796.72,Own,Cleveland,OH,2018-03-09
CUST001129,Sunita Mehta,39,Self-Employed,9.02,71904.24,Rent,Houston,TX,04/06/2016
CUST001130,William Sharma,43,Self-Employed,0.2,119235.35,Rent,Omaha,NE,2021-03-17
CUST001131,Neha Wilson,43,Employed,5.22,73500.86,mortgage,Miami,FL,2015-04-21
CUST001132,Deepa Reddy,45,Employed,0.55,27474.25,Rent,Denver,CO,2020-06-16
CUST001133,Mary Martinez,59,Employed,2.38,15000.0,Own,Charlotte,NC,2018-04-19
CUST001134,Richard Williams,45,Employed,0.06,65465.94,Rent,Omaha,NE,2017-08-27
CUST001135,Mary Davis,37,Employed,1.99,52661.72,Rent,Washington,DC,2020-04-20
CUST001136,Amit Shah,51,Employed,0.93,33317.32,Mortgage,Charlotte,NC,2021-03-19
CUST001137,Arjun Wilson,54,Employed,4.06,21582.19,Rent,Fort Worth,TX,2021-06-24
CUST001138,Arjun Shah,25,Employed,3.59,38528.52,Own,Arlington,TX,2018-07-14
CUST001139,Priya Sharma,47,RETIRED,0.0,53279.4,Rent,San Francisco,CA,2020-06-03
CUST001140,Amit Singh,48,Employed,5.11,89279.46,own,Dallas,TX,2016-12-26
CUST001141,Deepa Anderson,36,employed,6.27,67048.98,Rent,San Antonio,TX,2019-03-29
CUST001142,Lisa Patel,56,Employed,0.49,157131.82,Mortgage,Chicago,IL,2021-09-17
CUST001143,William Martinez,38,employed,0.14,32165.11,Rent,Nashville,TN,2020-04-03
CUST001144,David Rodriguez,41,Unemployed,0.0,101583.39,mortgage,Baltimore,MD,25/08/2018
CUST001145,Joseph Sharma,37,Employed,2.78,61597.67,Rent,Chicago,IL,2021-05-19
CUST001146,Rahul Martinez,40,Unemployed,0.0,90835.14,MORTGAGE,Raleigh,NC,2021-01-23
CUST001147,Patricia Jones,26,Employed,0.18,46078.01,Mortgage,Boston,MA,2015-08-18
CUST001148,Neha Martinez,22,Unemployed,0.0,113892.26,Mortgage,Dallas,TX,2015-09-14
CUST001149,Anil Garcia,59,Employed,14.11,71477.28,Rent,Philadelphia,PA,16/10/2016
CUST001150,David Nair,29,Employed,5.93,39828.3,Mortgage,Denver,CO,2015-04-15
CUST001151,Charles Garcia,28,Employed,2.63,59443.74,Mortgage,Oklahoma City,OK,2015-02-16
CUST001152,Susan Nair,22,Employed,11.74,51858.1,RENT,Portland,OR,2021-05-17
CUST001153,Barbara Garcia,14,Employed,4.46,,Rent,Jacksonville,FL,2017-07-15
CUST001154,Sarah Brown,24,Employed,6.86,29499.66,OWN,Fort Worth,TX,2016-07-21
CUST001155,Robert Hernandez,59,Self-Employed,2.82,58828.93,Mortgage,Dallas,TX,13/01/2020
CUST001156,William Anderson,52,employed,2.82,75900.94,Own,Fresno,CA,2019-04-02
CUST001157,Thomas Lopez,31,Employed,0.35,61072.32,rent,Boston,MA,22/06/2017
CUST001158,Susan Miller,67,Employed,6.62,134344.78,Rent,Tucson,AZ,08/07/2021
CUST001159,Robert Mehta,51,Self-Employed,0.52,95264.61,Rent,Minneapolis,MN,2020-09-20
CUST001160,Priya Lopez,36,Employed,7.23,59606.0,Rent,Seattle,WA,2020-01-25
CUST001161,Barbara Lopez,22,Employed,1.06,68187.29,Mortgage,Austin,TX,2015-05-22
CUST001162,Deepa Singh,67,Employed,1.42,71496.18,MORTGAGE,San Francisco,CA,2018-02-13
CUST001163,David Singh,23,Unemployed,0.0,76265.79,Mortgage,Atlanta,GA,2018-02-09
CUST001164,Lisa Brown,22,Self-Employed,3.19,20022.37,Own,Denver,CO,2019-12-18
CUST001165,Mary Gonzalez,52,Employed,0.67,49965.31,Rent,El Paso,TX,12/06/2021
CUST001166,Kiran Rao,69,Employed,11.77,24571.35,Mortgage,San Diego,CA,2016-09-17
CUST001167,Barbara Anderson,56,Employed,3.01,128922.74,Rent,Milwaukee,WI,2015-01-06
CUST001168,Priya Jones,46,Employed,0.7,57727.58,Rent,Phoenix,AZ,2019-11-24
CUST001169,James Reddy,47,employed,2.48,53316.2,Rent,San Jose,CA,2018-02-25
CUST001170,Pooja Hernandez,50,Employed,4.45,102547.19,MORTGAGE,Charlotte,NC,2017-03-27
CUST001171,Charles Sharma,49,employed,2.25,77141.36,Own,Louisville,KY,2020-05-09
CUST001172,Charles Rao,43,Employed,12.91,30418.9,Mortgage,Sacramento,CA,2016-01-24
CUST001173,Barbara Patel,41,EMPLOYED,1.57,57380.33,Mortgage,Boston,MA,2019-01-20
CUST001174,Deepa Hernandez,39,Employed,0.97,48966.9,Own,Philadelphia,PA,2015-05-31
CUST001175,Linda Reddy,30,Employed,1.25,,OWN,Louisville,KY,2018-10-02
CUST001176,Sneha Johnson,130,Employed,0.44,39570.31,Rent,New York,NY,2019-10-29
CUST001177,William Mehta,22,Unemployed,0.0,53630.64,Rent,San Francisco,CA,2019-11-16
CUST001178,Linda Martinez,38,SELF-EMPLOYED,10.53,55883.78,Rent,Fresno,California,2021-11-06
CUST001179,Mary Gonzalez,28,Employed,1.82,24603.92,Own,San Diego,CA,2018-01-11
CUST001180,Joseph Anderson,26,Employed,1.49,119491.36,Rent,Milwaukee,WI,2017-10-10
CUST001181,Neha Williams,42,Employed,9.08,56316.24,Rent,Boston,MA,2018-09-25
CUST001182,Priya Johnson,56,Employed,1.83,61238.53,rent,San Francisco,CA,2019-03-07
CUST001183,Richard Patel,51,Retired,0.0,76144.26,Mortgage,Raleigh,NC,2015-06-14
CUST001184,Amit Davis,22,Employed,0.16,37315.13,Rent,Memphis,TN,2017-08-29
CUST001185,Karen Miller,28,Unemployed,0.0,78732.68,Rent,Boston,MA,2018-10-30
CUST001186,Mary Williams,51,Employed,0.7,48038.36,Mortgage,San Antonio,TX,2018-12-24
CUST001187,Deepa Mehta,28,unemployed,0.0,34963.11,Mortgage,Charlotte,NC,11/10/2015
CUST001188,Jennifer Kumar,37,Self-Employed,2.82,84462.97,Rent,Atlanta,GA,2021-12-13
CUST001189,Vikram Miller,46,Self-Employed,1.62,146532.76,Rent,Los Angeles,CA,2016-01-09
CUST001190,Kiran Hernandez,28,Employed,0.91,,Rent,Arlington,TX,2015-06-10
CUST001191,Pooja Johnson,41,Unemployed,0.0,104170.74,Own,Sacramento,CA,2017-11-25
CUST001192,Rahul Gonzalez,23,Employed,7.66,43810.19,Mortgage,Oklahoma City,OK,2021-01-01
CUST001193,Barbara Nair,32,Retired,0.0,22958.15,Mortgage,Arlington,TX,2020-07-23
CUST001194,Ramesh Lopez,43,Self-Employed,1.44,146397.75,Rent,Charlotte,NC,2015-07-02
CUST001195,Anjali Lopez,22,Employed,1.53,205398.84,Rent,Phoenix,Arizona,25/07/2016
CUST001196,James Martinez,45,Retired,0.0,151098.02,own,Milwaukee,WI,2015-08-16
CUST001197,Neha Lopez,39,Unemployed,0.0,48948.72,Rent,Nashville,TN,2017-06-04
CUST001198,Lisa Anderson,46,Self-Employed,6.78,29948.05,Rent,Portland,OR,2015-08-28
CUST001199,Jennifer Miller,42,Employed,0.01,31589.83,Own,San Diego,CA,2019-05-27
CUST001200,Deepa Reddy,56,Retired,0.0,21802.08,Mortgage,Dallas,TX,2018-10-11
CUST001201,Sunita Anderson,41,Self-Employed,8.1,56138.26,Own,Chicago,IL,2015-12-22
CUST001202,Charles Garcia,34,Self-Employed,9.52,156906.72,Mortgage,Chicago,IL,2021-07-29
CUST001203,Ramesh Reddy,41,Retired,0.0,54995.27,Own,Nashville,TN,2019-08-14
CUST001204,Sunita Jones,46,Employed,15.89,71782.34,Rent,Miami,FL,2021-01-29
CUST001205,Jennifer Jones,40,Employed,1.79,136674.6,Rent,San Diego,CA,2016-02-02
CUST001206,Jessica Martinez,40,Employed,11.05,46983.08,Mortgage,San Antonio,TX,2021-10-21
CUST001207,Sneha Kumar,31,Employed,2.74,203072.61,Own,Indianapolis,IN,2017-10-21
CUST001208,Arjun Williams,32,self-employed,4.13,197848.46,Mortgage,Fresno,CA,2017-08-17
CUST001209,Anjali Williams,23,Employed,5.15,55344.53,Mortgage,Dallas,Texas,2021-04-03
CUST001210,James Wilson,60,Employed,0.71,42339.66,Rent,Memphis,TN,2015-09-23
CUST001211,Karen Wilson,25,Employed,0.19,90975.26,Mortgage,Milwaukee,WI,2017-01-04
CUST001212,Susan Singh,31,Employed,2.78,48605.16,Own,Boston,MA,2015-06-20
CUST001213,Anil Nair,31,Employed,0.87,29913.55,Mortgage,Fresno,CA,2015-02-17
CUST001214,William Miller,50,Employed,3.98,129151.73,Rent,Portland,OR,2018-12-31
CUST001215,Susan Gonzalez,36,Employed,3.02,124227.33,Own,Raleigh,NC,2018-06-10
CUST001216,Charles Singh,54,self-employed,0.65,65729.75,Mortgage,San Jose,CA,27/11/2016
CUST001217,Kiran Johnson,31,Unemployed,0.0,28065.07,Rent,Portland,OR,2021-05-30
CUST001218,Lisa Patel,43,Employed,0.1,28632.11,Own,San Antonio,TX,2015-01-12
CUST001219,Lisa Sharma,29,Employed,0.68,63852.92,Own,Miami,FL,2020-09-08
CUST001220,Anil Davis,65,Employed,6.02,44359.29,Rent,Arlington,TX,2021-12-06
CUST001221,Mary Smith,25,Employed,3.75,48793.1,rent,Portland,OR,2015-12-19
CUST001222,Barbara Rodriguez,43,Retired,0.0,110544.99,Rent,Seattle,WA,2019-06-14
CUST001223,Lisa Shah,47,employed,0.99,92958.42,Mortgage,Chicago,IL,2015-02-26
CUST001224,Sneha Brown,44,Employed,5.14,136883.52,Mortgage,Boston,MA,2016-12-08
CUST001225,Charles Wilson,37,Employed,1.15,33045.02,Mortgage,Columbus,OH,2016-07-06
CUST001226,Susan Sharma,38,Retired,0.0,48731.7,Rent,Baltimore,MD,2015-02-06
CUST001227,Sarah Smith,40,Employed,10.17,94408.75,Mortgage,Baltimore,MD,2020-09-14
CUST001228,Linda Rao,38,Employed,0.71,78342.62,Mortgage,Indianapolis,IN,2019-02-01
CUST001229,Karen Sharma,51,Employed,9.8,150155.73,MORTGAGE,Boston,MA,2015-12-22
CUST001230,John Gupta,66,Employed,2.12,,Rent,San Antonio,TX,2021-11-08
CUST001231,Rahul Patel,33,Unemployed,0.0,181473.6,MORTGAGE,Boston,MA,2016-02-18
CUST001232,Sneha Patel,23,Employed,0.77,82785.71,Own,Fresno,CA,2016-03-12
CUST001233,Ramesh Rodriguez,38,Self-Employed,0.63,113244.05,Own,Washington,DC,2018-01-13
CUST001234,Sneha Nair,70,Employed,10.03,,Rent,Houston,Texas,2020-04-24
CUST001235,Linda Lopez,30,Employed,4.97,60389.61,RENT,Louisville,KY,2018-12-02
CUST001236,Pooja Reddy,59,Employed,3.09,103421.34,Mortgage,Seattle,WA,2016-08-25
CUST001237,Mary Rodriguez,60,Self-Employed,0.18,157595.5,Mortgage,Fort Worth,TX,2018-01-31
CUST001238,David Patel,33,Employed,12.75,92738.8,Own,San Diego,CA,2015-10-17
CUST001239,Patricia Jones,46,Employed,2.36,56959.57,own,Milwaukee,Wisconsin,2021-02-07
CUST001240,Priya Anderson,59,Employed,2.69,136817.2,Mortgage,Philadelphia,PA,2020-09-23
CUST001241,William Lopez,35,self-employed,1.71,16071.66,Mortgage,Columbus,OH,2016-08-30
CUST001242,David Johnson,37,Unemployed,0.0,25505.75,Rent,Omaha,NE,2016-09-07
CUST001243,Karen Lopez,33,Unemployed,0.0,90127.49,Mortgage,Los Angeles,CA,2015-06-11
CUST001244,Sunita Shah,27,EMPLOYED,0.96,60383.13,Rent,Houston,TX,2017-03-12
CUST001245,Neha Johnson,32,Employed,3.47,86103.75,Rent,El Paso,TX,2019-04-02
CUST001246,Charles Martinez,25,Employed,7.6,62233.24,Own,Indianapolis,IN,2019-05-25
CUST001247,Amit Shah,40,Employed,2.32,84336.28,Own,Dallas,TX,2018-06-26
CUST001248,John Kumar,30,Unemployed,0.0,,Rent,Cleveland,OH,2019-11-20
CUST001249,Richard Rao,42,Self-Employed,1.81,84313.03,Rent,Columbus,OH,24/08/2017
CUST001250,Susan Rao,22,Self-Employed,6.36,108732.79,Mortgage,Phoenix,AZ,2018-10-13
CUST001251,Michael Gupta,43,Employed,5.52,124533.54,Own,Sacramento,CA,2017-09-12
CUST001252,David Singh,50,Unemployed,0.0,200412.41,Rent,Columbus,OH,2015-07-25
CUST001253,Priya Hernandez,22,Retired,0.0,69317.94,Own,Raleigh,NC,2015-01-08
CUST001254,Lisa Rodriguez,44,Employed,0.85,70569.03,Own,Columbus,OH,2019-05-08
CUST001255,Rahul Brown,54,Employed,10.95,24006.9,Rent,Charlotte,NC,2020-05-11
CUST001256,Neha Jones,25,Employed,4.41,43527.72,Rent,El Paso,Texas,2020-12-02
CUST001257,James Jones,60,EMPLOYED,2.41,53324.48,Rent,San Jose,CA,2019-03-16
CUST001258,Amit Martinez,45,Unemployed,0.0,112441.88,Own,Omaha,NE,2018-03-17
CUST001259,Rahul Rao,31,employed,7.65,41497.95,Mortgage,New York,NY,2020-08-27
CUST001260,Kiran Wilson,39,Employed,3.56,96548.81,Rent,Seattle,WA,2020-01-10
CUST001261,Arjun Garcia,46,Employed,0.8,59815.91,Rent,San Jose,CA,2015-09-12
CUST001262,Michael Miller,40,Employed,12.72,53836.08,mortgage,Dallas,TX,2016-07-12
CUST001263,Barbara Kumar,46,Employed,0.56,69517.68,Rent,Fresno,CA,2021-04-15
CUST001264,Joseph Miller,28,Retired,0.0,47349.25,Own,San Francisco,CA,2018-10-14
CUST001265,Amit Singh,42,Employed,4.72,46285.21,Own,Jacksonville,FL,2020-10-14
CUST001266,Linda Wilson,23,Self-Employed,34.46,21528.4,Mortgage,San Diego,CA,2021-10-21
CUST001267,Anil Williams,38,Self-Employed,0.76,51597.45,Rent,Los Angeles,CA,2020-09-17
CUST001268,Linda Jones,29,Employed,4.75,44892.19,Rent,Dallas,TX,07/01/2016
CUST001269,Mary Sharma,31,Retired,0.0,43932.58,Rent,New York,New York,2015-03-28
CUST001270,Neha Martinez,54,Employed,1.49,76889.44,Own,Washington,DC,2016-10-04
CUST001271,Rahul Jones,53,Self-Employed,14.25,88892.15,Rent,Indianapolis,IN,2020-04-03
CUST001272,Deepa Gupta,47,Self-Employed,7.82,68824.61,Mortgage,Raleigh,NC,2016-04-26
CUST001273,Amit Rao,26,Employed,7.5,108798.1,Own,Oklahoma City,OK,2016-10-31
CUST001274,Arjun Garcia,36,Employed,11.47,84570.19,Mortgage,Los Angeles,CA,2018-01-30
CUST001275,Lisa Smith,54,Self-Employed,6.46,50159.65,Own,Jacksonville,FL,2018-10-22
CUST001276,Linda Davis,41,Employed,3.53,45355.48,Mortgage,San Francisco,CA,14/11/2016
CUST001277,William Nair,67,Employed,2.48,72235.97,Mortgage,Houston,TX,2021-12-14
CUST001278,Barbara Nair,44,Self-Employed,6.09,84479.17,Own,Dallas,Texas,2015-01-14
CUST001279,Joseph Martinez,42,Self-Employed,4.62,138511.22,Mortgage,Portland,OR,2021-11-27
CUST001280,William Miller,36,Employed,3.91,122357.68,Mortgage,Tucson,AZ,2016-12-19
CUST001281,William Williams,41,Employed,4.45,43265.73,Mortgage,San Diego,CA,2017-08-01
CUST001282,Ramesh Nair,38,Employed,5.33,56319.51,Mortgage,Phoenix,AZ,2017-10-11
CUST001283,Linda Williams,48,employed,17.32,89555.22,Rent,Atlanta,GA,2019-03-18
CUST001284,Mary Rao,51,Employed,7.0,113640.89,Own,Baltimore,MD,20/12/2017
CUST001285,Sneha Rao,30,Retired,0.0,105175.08,Mortgage,Boston,MA,2016-11-05
CUST001286,Ramesh Johnson,24,Employed,3.14,57622.78,Rent,Minneapolis,MN,2017-01-29
CUST001287,Richard Brown,22,Employed,5.67,28214.36,Rent,Raleigh,NC,2019-10-14
CUST001288,Robert Mehta,46,Self-Employed,0.97,32880.6,Rent,San Antonio,TX,2015-02-21
CUST001289,Pooja Patel,26,Employed,13.49,70514.96,Own,Baltimore,MD,2015-01-28
CUST001290,Patricia Sharma,22,Employed,0.4,73521.66,Own,Minneapolis,MN,2019-04-09
CUST001291,Linda Rodriguez,44,Self-Employed,4.72,30970.56,Mortgage,Charlotte,NC,2019-02-09
CUST001292,Robert Williams,69,Self-Employed,18.64,61496.88,Rent,Arlington,TX,2020-03-31
CUST001293,Lisa Mehta,39,self-employed,6.51,87442.32,Mortgage,Chicago,IL,11/11/2020
CUST001294,James Rao,50,Self-Employed,5.65,30009.34,mortgage,Tucson,AZ,2018-03-06
CUST001295,Michael Brown,40,Employed,29.8,116191.89,Rent,Nashville,TN,2021-01-19
CUST001296,Jessica Patel,38,Unemployed,0.0,47737.92,Rent,Milwaukee,WI,2019-05-09
CUST001297,Richard Garcia,51,Employed,17.58,127333.88,Rent,Los Angeles,CA,18/10/2015
CUST001298,Neha Smith,36,Employed,6.0,43474.44,Own,Houston,TX,2016-05-16
CUST001299,Jennifer Jones,43,Employed,5.47,32338.85,own,Atlanta,GA,25/05/2021
CUST001300,Karen Patel,43,EMPLOYED,7.19,45484.09,Mortgage,Louisville,KY,2020-05-04
CUST001301,Neha Lopez,31,Employed,1.05,56551.73,Own,Las Vegas,NV,2015-05-07
CUST001302,David Kumar,51,Employed,8.19,47425.34,Rent,San Antonio,TX,15/02/2018
CUST001303,Sarah Kumar,37,Employed,17.56,52596.2,Own,Miami,FL,2015-02-07
CUST001304,John Brown,30,Employed,4.73,73158.17,Own,Baltimore,MD,2018-03-23
CUST001305,James Kumar,46,Self-Employed,0.06,54029.87,Own,Phoenix,AZ,2019-10-16
CUST001306,Jessica Nair,29,Self-Employed,0.37,57545.58,Mortgage,Philadelphia,Pennsylvania,2021-05-21
CUST001307,Richard Martinez,40,Employed,1.34,21471.12,Mortgage,Oklahoma City,OK,2016-01-21
CUST001308,David Rao,39,Employed,3.38,75736.75,Rent,Omaha,NE,2018-06-15
CUST001309,James Reddy,53,EMPLOYED,2.67,56753.81,Rent,San Jose,CA,2020-02-13
CUST001310,Michael Miller,45,Employed,19.37,157341.8,Mortgage,Phoenix,AZ,2019-04-30
CUST001311,Pooja Nair,39,Self-Employed,14.56,34073.01,Own,Dallas,TX,2021-04-10
CUST001312,Sneha Lopez,49,Employed,2.49,20232.04,Rent,Seattle,WA,2020-09-02
CUST001313,Susan Anderson,56,Employed,7.91,86754.81,Rent,Arlington,TX,24/07/2019
CUST001314,Michael Garcia,46,Employed,5.06,73711.66,Own,Raleigh,NC,2016-12-28
CUST001315,Neha Gonzalez,130,Unemployed,0.0,32693.78,Own,Sacramento,California,28/05/2017
CUST001316,Ramesh Miller,24,Employed,13.38,23912.36,Rent,Oklahoma City,Oklahoma,27/01/2017
CUST001317,Pooja Davis,27,Self-Employed,1.5,150608.35,Mortgage,Memphis,TN,2018-03-21
CUST001318,Sunita Brown,36,Employed,10.21,139869.66,Mortgage,Omaha,NE,2016-12-06
CUST001319,Priya Brown,32,Self-Employed,5.08,15000.0,Rent,Tucson,AZ,2016-12-28
CUST001320,Anil Brown,37,Retired,0.0,45481.74,Own,Denver,CO,2019-06-12
CUST001321,Amit Jones,40,Employed,9.11,162513.32,Rent,Milwaukee,WI,2021-11-19
CUST001322,Kiran Rao,46,Unemployed,0.0,,Own,Minneapolis,MN,2015-12-14
CUST001323,Rahul Nair,39,Self-Employed,9.6,44606.4,Own,Omaha,NE,2015-12-08
CUST001324,Charles Singh,45,Self-Employed,4.0,50531.11,Rent,Las Vegas,NV,2020-12-22
CUST001325,Robert Williams,40,Self-Employed,20.88,30560.45,Own,San Antonio,TX,2017-08-17
CUST001326,Priya Sharma,22,Employed,5.39,21528.54,Rent,San Diego,CA,2015-06-08
CUST001327,Linda Gonzalez,28,Employed,2.34,112592.27,Own,Sacramento,CA,2021-04-27
CUST001328,Charles Anderson,38,Retired,0.0,19815.86,Own,Columbus,OH,2019-08-30
CUST001329,Lisa Mehta,25,Employed,3.57,69450.04,OWN,Las Vegas,NV,2015-11-22
CUST001330,Deepa Davis,47,Retired,0.0,101920.43,Rent,Baltimore,MD,2020-12-27
CUST001331,Sunita Martinez,58,Employed,8.96,25065.91,Mortgage,Charlotte,NC,2021-11-27
CUST001332,Ramesh Miller,54,Employed,4.8,34387.18,Mortgage,Portland,OR,2016-01-04
CUST001333,John Sharma,37,Self-Employed,10.29,123983.96,Mortgage,El Paso,TX,2019-08-03
CUST001334,Rahul Garcia,57,Unemployed,0.0,82432.5,Mortgage,Milwaukee,WI,2020-07-29
CUST001335,James Mehta,41,Employed,0.3,41341.77,Own,Louisville,KY,2019-05-08
CUST001336,Kiran Mehta,35,Employed,5.43,123173.52,Rent,Portland,OR,2017-11-01
CUST001337,Michael Gonzalez,32,Self-Employed,7.23,123490.74,rent,San Antonio,TX,2017-10-03
CUST001338,Deepa Kumar,36,Retired,0.0,70363.62,Mortgage,Oklahoma City,OK,2015-10-23
CUST001339,Jennifer Brown,35,Self-Employed,7.37,34888.2,Mortgage,Las Vegas,NV,2015-08-18
CUST001340,Barbara Gonzalez,42,Employed,5.1,46720.15,Rent,Oklahoma City,OK,2020-06-08
CUST001341,Vikram Nair,41,Employed,0.62,71099.25,Mortgage,San Francisco,CA,02/10/2016
CUST001342,Michael Reddy,40,Retired,0.0,53468.24,Rent,Boston,MA,2021-05-04
CUST001343,David Williams,45,Employed,0.58,,Own,San Jose,CA,23/09/2020
CUST001344,Rahul Miller,54,Employed,1.94,23912.0,Mortgage,Atlanta,GA,2020-05-12
CUST001345,Arjun Miller,51,Employed,8.15,24426.94,Rent,Phoenix,AZ,2019-02-03
CUST001346,Vikram Brown,22,Employed,0.53,66737.52,Mortgage,Philadelphia,PA,25/11/2020
CUST001347,Joseph Wilson,22,EMPLOYED,3.08,44581.46,Mortgage,Philadelphia,PA,2016-06-24
CUST001348,Kiran Rodriguez,51,Employed,4.65,41100.31,Mortgage,Philadelphia,PA,2019-02-26
CUST001349,Karen Rao,23,Self-Employed,14.11,20726.45,Rent,Las Vegas,NV,03/09/2016
CUST001350,Vikram Lopez,37,Employed,6.68,60580.45,Own,San Antonio,TX,21/09/2018
CUST001351,Sneha Mehta,25,Employed,0.75,58008.62,Rent,Boston,MA,05/08/2016
CUST001352,Vikram Sharma,22,Employed,17.35,88617.74,Rent,Dallas,TX,2018-10-05
CUST001353,Pooja Rodriguez,46,Retired,0.0,62401.44,Rent,Sacramento,CA,2015-12-21
CUST001354,Barbara Rao,49,self-employed,2.31,55294.99,Rent,Houston,TX,2019-03-19
CUST001355,Anil Brown,33,Employed,0.69,121321.63,Rent,Raleigh,NC,2016-12-23
CUST001356,Linda Rodriguez,22,Employed,13.55,27242.12,RENT,Sacramento,California,2019-01-02
CUST001357,Kiran Sharma,33,Employed,4.41,82605.66,Own,Sacramento,CA,2018-12-29
CUST001358,Joseph Shah,44,Unemployed,0.0,21967.33,Rent,El Paso,TX,2015-07-12
CUST001359,William Smith,22,Employed,0.95,36206.1,OWN,San Diego,CA,2017-05-01
CUST001360,Michael Reddy,42,Employed,3.95,28923.39,Own,Portland,OR,2020-12-29
CUST001361,Patricia Williams,39,Self-Employed,0.58,95718.37,Rent,Washington,DC,2015-04-06
CUST001362,Kiran Mehta,46,Self-Employed,3.71,,Own,Las Vegas,NV,2021-11-08
CUST001363,Mary Garcia,41,Employed,11.03,59391.0,Rent,Houston,TX,2016-07-31
CUST001364,Anjali Gupta,28,Employed,0.58,30821.27,rent,Denver,CO,2016-07-30
CUST001365,Priya Jones,54,Employed,1.57,50020.29,Own,Omaha,NE,01/10/2017
CUST001366,Lisa Gupta,38,Employed,5.73,37870.24,own,Nashville,Tennessee,2019-06-06
CUST001367,Michael Rao,39,Employed,0.4,75363.1,Mortgage,Washington,DC,2019-11-26
CUST001368,John Mehta,28,Retired,0.0,33035.74,Rent,San Antonio,Texas,2020-09-17
CUST001369,Amit Rao,34,Employed,2.03,132969.71,Rent,Cleveland,OH,2020-06-05
CUST001370,Kiran Anderson,29,Self-Employed,9.11,21908.98,Own,Minneapolis,MN,15/10/2015
CUST001371,Richard Martinez,37,Employed,0.25,36904.48,Rent,Columbus,OH,2016-11-24
CUST001372,Kiran Sharma,60,Employed,9.95,163786.71,Mortgage,San Jose,CA,07/12/2020
CUST001373,Pooja Rodriguez,23,Unemployed,0.0,46116.07,Mortgage,Atlanta,GA,2015-05-10
CUST001374,Arjun Singh,22,Self-Employed,1.76,27202.74,Own,Charlotte,NC,2021-05-31
CUST001375,Mary Rao,57,Retired,0.0,68284.83,MORTGAGE,San Antonio,TX,2017-04-23
CUST001376,Robert Wilson,37,Employed,15.0,,mortgage,Washington,DC,2016-08-12
CUST001377,Linda Gonzalez,31,Employed,4.04,36260.27,Mortgage,Sacramento,California,2016-09-06
CUST001378,Deepa Hernandez,52,Employed,2.11,31022.79,Rent,Boston,MA,2016-05-02
CUST001379,Anjali Anderson,32,Employed,0.23,315219.39,Mortgage,San Diego,CA,2016-11-07
CUST001380,Anil Johnson,61,Employed,0.91,51486.19,Mortgage,Seattle,WA,2020-06-13
CUST001381,Robert Garcia,48,Unemployed,0.0,18857.38,Mortgage,Cleveland,OH,2017-02-05
CUST001382,Lisa Nair,34,Employed,3.6,146711.87,Own,Charlotte,NC,2015-02-14
CUST001383,David Sharma,65,Retired,0.0,86391.32,Mortgage,Las Vegas,NV,2018-04-18
CUST001384,Ramesh Jones,32,Employed,9.0,37802.11,Mortgage,Sacramento,CA,2016-12-28
CUST001385,Lisa Nair,48,Self-Employed,2.53,34205.05,own,Arlington,TX,07/03/2018
CUST001386,Anjali Sharma,43,Employed,0.53,89687.23,Mortgage,Arlington,TX,2018-05-10
CUST001387,Linda Patel,55,Employed,7.84,51629.53,Rent,Sacramento,CA,2015-11-15
CUST001388,Kiran Mehta,58,Unemployed,0.0,18852.74,Mortgage,Los Angeles,CA,2018-04-19
CUST001389,Sneha Sharma,40,Employed,19.51,174965.48,Rent,Omaha,NE,2019-02-16
CUST001390,David Kumar,30,Self-Employed,7.96,46147.85,Mortgage,Seattle,WA,2016-04-01
CUST001391,Patricia Gonzalez,45,employed,2.0,146875.86,RENT,Los Angeles,CA,2017-02-06
CUST001392,Thomas Sharma,31,Unemployed,0.0,128934.65,Mortgage,Jacksonville,FL,07/11/2018
CUST001393,Anjali Gupta,64,Self-Employed,1.34,32839.73,Rent,Seattle,Washington,2017-09-24
CUST001394,Neha Rao,41,Employed,3.59,111292.14,Mortgage,Nashville,TN,2018-02-06
CUST001395,Charles Hernandez,35,Employed,6.2,40503.13,OWN,El Paso,TX,2021-05-13
CUST001396,Patricia Smith,42,Employed,4.74,19535.33,Rent,Washington,DC,2017-11-15
CUST001397,Robert Jones,23,employed,2.09,46408.65,Rent,New York,NY,2015-12-24
CUST001398,Rahul Lopez,28,Employed,8.67,76007.14,Rent,Jacksonville,FL,2015-03-26
CUST001399,Mary Rao,54,EMPLOYED,0.55,45358.73,Mortgage,San Jose,CA,2021-07-25
CUST001400,Arjun Gonzalez,32,employed,0.77,49800.04,Rent,Cleveland,OH,2017-10-31
CUST001401,Michael Wilson,27,Retired,0.0,118912.07,Own,Louisville,KY,2017-04-11
CUST001402,Neha Lopez,46,Employed,6.06,63824.75,Own,Phoenix,AZ,2019-08-29
CUST001403,Sunita Lopez,54,Retired,0.0,36099.02,Rent,San Jose,CA,2018-02-11
CUST001404,Patricia Mehta,48,Employed,2.28,91237.22,Mortgage,Los Angeles,CA,2017-04-19
CUST001405,Sarah Davis,51,Self-Employed,5.96,67413.82,Rent,Philadelphia,PA,2015-04-11
CUST001406,Sarah Shah,30,Employed,0.31,15000.0,Mortgage,Tucson,AZ,2019-08-09
CUST001407,Lisa Patel,22,Employed,1.71,77420.88,Rent,Columbus,OH,2021-02-16
CUST001408,Jennifer Nair,58,Unemployed,0.0,75742.69,Mortgage,Memphis,TN,2016-11-08
CUST001409,John Martinez,36,Retired,0.0,60601.36,Mortgage,Portland,OR,2016-09-10
CUST001410,Linda Hernandez,36,Employed,1.2,102234.08,Mortgage,Milwaukee,WI,2020-11-19
CUST001411,David Smith,55,RETIRED,0.0,39997.16,Rent,El Paso,TX,2020-06-22
CUST001412,Priya Johnson,46,Self-Employed,2.27,73269.51,Rent,Austin,TX,2019-11-20
CUST001413,Anil Mehta,45,Retired,0.0,23384.4,mortgage,Boston,MA,18/06/2015
CUST001414,Ramesh Patel,65,Employed,9.05,76439.45,Rent,Nashville,TN,2016-08-29
CUST001415,Pooja Wilson,32,Retired,0.0,193268.52,Mortgage,Oklahoma City,OK,2017-11-08
CUST001416,Karen Smith,51,UNEMPLOYED,0.0,32961.19,rent,Cleveland,OH,2018-03-03
CUST001417,Sneha Patel,40,Employed,25.17,37953.57,Rent,Omaha,NE,2018-11-18
CUST001418,Mary Hernandez,43,Employed,3.49,39104.42,Mortgage,Philadelphia,PA,2020-12-07
CUST001419,Anjali Patel,58,Employed,10.31,64731.22,mortgage,Houston,TX,2016-01-19
CUST001420,Anjali Hernandez,46,Employed,11.78,31640.03,Mortgage,San Jose,CA,2019-10-31
CUST001421,Michael Sharma,46,Unemployed,0.0,77091.51,Mortgage,Austin,TX,2016-03-12
CUST001422,Michael Nair,52,Self-Employed,0.26,99519.01,Rent,Arlington,Texas,02/01/2017
CUST001423,Jessica Hernandez,35,Self-Employed,4.55,82504.52,Mortgage,Houston,TX,2015-12-02
CUST001424,Kiran Kumar,29,Employed,2.03,20721.99,Own,Philadelphia,PA,2021-03-14
CUST001425,Arjun Garcia,27,Employed,1.16,108781.94,Rent,Seattle,WA,2021-03-10
CUST001426,Lisa Lopez,22,Employed,1.01,105074.03,MORTGAGE,Baltimore,MD,2019-08-26
CUST001427,Ramesh Miller,64,Self-Employed,4.1,98528.08,Mortgage,Las Vegas,Nevada,2021-04-19
CUST001428,Kiran Shah,26,Employed,0.55,,Own,Miami,FL,2017-02-24
CUST001429,John Singh,37,Employed,8.62,68330.64,Own,Omaha,NE,2016-10-29
CUST001430,Jessica Martinez,36,Employed,1.29,111238.7,Mortgage,Baltimore,MD,2018-05-02
CUST001431,Thomas Johnson,43,Employed,3.98,189872.5,Rent,Portland,OR,2020-05-07
CUST001432,Lisa Patel,49,employed,0.67,33798.64,Mortgage,Seattle,WA,12/11/2017
CUST001433,Vikram Davis,50,Employed,9.82,114333.54,Mortgage,Columbus,OH,2017-11-26
CUST001434,Jennifer Nair,33,Retired,0.0,56855.59,Own,Minneapolis,MN,2016-01-08
CUST001435,Michael Patel,37,Employed,1.16,55392.32,Own,San Diego,CA,2021-05-21
CUST001436,Arjun Rodriguez,43,Unemployed,0.0,23815.25,Own,Washington,DC,2018-06-09
CUST001437,John Patel,37,Employed,0.43,50469.59,Rent,Las Vegas,NV,2020-02-19
CUST001438,Amit Sharma,59,Unemployed,0.0,32913.59,Mortgage,San Diego,CA,2016-02-20
CUST001439,Ramesh Miller,45,Employed,3.37,45328.32,Rent,Denver,CO,2017-09-24
CUST001440,Neha Williams,48,Unemployed,0.0,30979.72,Mortgage,Raleigh,NC,2018-11-26
CUST001441,Lisa Kumar,47,Unemployed,0.0,45736.64,Mortgage,Miami,FL,2021-05-27
CUST001442,Lisa Wilson,54,Employed,1.12,,Mortgage,Tucson,AZ,2018-01-11
CUST001443,Priya Miller,42,Retired,0.0,63452.89,Mortgage,Nashville,TN,11/12/2019
CUST001444,Sunita Gonzalez,24,Employed,6.17,22723.39,Rent,Chicago,IL,2016-02-04
CUST001445,Thomas Gupta,44,self-employed,7.15,25151.91,Rent,Charlotte,NC,2015-12-12
CUST001446,Pooja Anderson,32,Employed,11.26,74395.34,Own,Louisville,KY,2015-05-30
CUST001447,Susan Smith,33,Retired,0.0,37106.12,rent,Omaha,NE,2015-07-07
CUST001448,Amit Garcia,47,Unemployed,0.0,114087.15,Rent,Houston,TX,08/05/2015
CUST001449,Kiran Miller,54,Employed,9.63,68539.25,rent,New York,NY,2020-06-23
CUST001450,Anil Rodriguez,40,Employed,11.51,86168.27,Mortgage,Columbus,OH,2017-05-01
CUST001451,Ramesh Patel,43,Unemployed,0.0,139583.1,Own,Nashville,TN,2017-09-10
CUST001452,Patricia Kumar,60,Self-Employed,14.27,49720.55,Mortgage,Columbus,OH,24/04/2020
CUST001453,Richard Lopez,42,Retired,0.0,42417.15,Mortgage,Dallas,TX,2021-01-19
CUST001454,Anil Jones,71,Employed,1.45,101014.72,Rent,San Francisco,CA,2018-11-06
CUST001455,Sarah Jones,46,Employed,1.01,81284.3,Rent,Denver,CO,2020-02-06
CUST001456,Lisa Wilson,22,Employed,2.98,53508.82,Own,Oklahoma City,OK,2020-02-20
CUST001457,Sunita Hernandez,49,Employed,28.93,137981.48,Rent,San Diego,CA,2018-04-17
CUST001458,John Shah,44,Employed,0.46,52714.9,Rent,New York,NY,2020-01-19
CUST001459,Jessica Wilson,55,Employed,6.22,61063.17,Rent,Miami,FL,20/01/2015
CUST001460,Karen Martinez,48,Employed,9.51,60641.43,Rent,Las Vegas,NV,12/06/2020
CUST001461,David Rodriguez,38,Employed,28.2,34174.8,Rent,Jacksonville,FL,2018-01-28
CUST001462,Sarah Gonzalez,25,Employed,4.83,62727.25,Own,Dallas,TX,02/11/2015
CUST001463,Sarah Brown,37,SELF-EMPLOYED,2.39,138421.15,Rent,Memphis,TN,2021-02-17
CUST001464,Barbara Miller,29,Employed,0.91,78196.56,Mortgage,Fresno,CA,2018-05-25
CUST001465,Mary Davis,33,Employed,20.02,61000.54,Own,Charlotte,NC,2020-09-11
CUST001466,Lisa Anderson,47,Employed,12.9,54335.86,Mortgage,Minneapolis,MN,2020-01-27
CUST001467,Kiran Singh,60,Employed,8.16,73022.3,rent,Sacramento,CA,2019-08-12
CUST001468,Ramesh Wilson,44,Retired,0.0,93888.2,Mortgage,Washington,DC,20/07/2020
CUST001469,Robert Miller,25,Employed,0.31,86296.41,Rent,Phoenix,AZ,2018-08-06
CUST001470,David Rodriguez,45,Unemployed,0.0,49064.01,Mortgage,Louisville,KY,2016-12-20
CUST001471,William Smith,54,Employed,1.61,72756.17,Mortgage,Chicago,IL,2015-12-17
CUST001472,Thomas Rodriguez,32,Unemployed,0.0,79854.69,Own,Las Vegas,NV,2020-12-16
CUST001473,Susan Shah,38,Employed,0.5,32718.08,Mortgage,Los Angeles,CA,2015-05-13
CUST001474,Robert Reddy,40,Employed,1.5,66233.28,Own,Milwaukee,WI,26/06/2015
CUST001475,Kiran Smith,30,Unemployed,0.0,16370.2,Mortgage,Phoenix,AZ,2017-09-01
CUST001476,Patricia Williams,47,Employed,6.92,79979.07,Own,Oklahoma City,OK,16/10/2018
CUST001477,Priya Gupta,38,Self-Employed,24.16,88983.46,rent,Cleveland,OH,2021-09-02
CUST001478,Lisa Williams,45,Employed,5.16,93763.19,Mortgage,Las Vegas,NV,2017-06-16
CUST001479,Sunita Lopez,29,Self-Employed,1.81,47238.85,Mortgage,Cleveland,OH,2018-11-09
CUST001480,Jennifer Gonzalez,34,Retired,0.0,72072.52,Mortgage,Louisville,KY,2020-06-16
CUST001481,William Davis,48,Retired,0.0,140698.18,Own,Portland,OR,2020-12-22
CUST001482,Linda Patel,35,Employed,5.27,139841.06,Rent,Denver,Colorado,2018-03-31
CUST001483,Pooja Brown,60,EMPLOYED,10.66,58835.25,Rent,San Diego,CA,2017-09-03
CUST001484,Amit Mehta,35,Retired,0.0,65094.27,Own,Louisville,KY,2020-04-16
CUST001485,Amit Rodriguez,42,Unemployed,0.0,116604.91,own,Los Angeles,CA,2016-08-01
CUST001486,Kiran Williams,51,Employed,13.69,24331.3,Rent,Oklahoma City,Oklahoma,2016-01-23
CUST001487,Sarah Gupta,22,Employed,0.2,49323.43,Mortgage,Austin,TX,2015-04-02
CUST001488,Linda Rao,22,Employed,3.66,133431.33,Own,Arlington,TX,11/12/2019
CUST001489,Priya Hernandez,22,Retired,0.0,107486.48,Own,Milwaukee,WI,2015-12-31
CUST001490,Anjali Reddy,55,Employed,5.2,74724.12,Rent,Boston,MA,2017-12-23
CUST001491,Sarah Wilson,33,Employed,0.89,24257.97,Rent,Philadelphia,PA,2020-04-23
CUST001492,Jessica Jones,70,Self-Employed,5.3,58107.72,Mortgage,Las Vegas,NV,2017-02-12
CUST001493,Michael Garcia,33,Retired,0.0,42026.29,Own,San Antonio,TX,2016-04-05
CUST001494,Jessica Rodriguez,42,Unemployed,0.0,73029.84,Mortgage,Indianapolis,IN,2016-01-28
CUST001495,Deepa Wilson,58,Employed,3.09,36841.93,Mortgage,Las Vegas,Nevada,15/01/2015
CUST001496,Thomas Patel,64,EMPLOYED,0.15,32356.36,MORTGAGE,Raleigh,NC,2020-02-24
CUST001497,Patricia Sharma,64,Retired,0.0,17345.37,Mortgage,Louisville,KY,2021-08-07
CUST001498,Rahul Nair,54,Self-Employed,2.6,124627.28,Own,Tucson,AZ,2021-07-12
CUST001499,Linda Hernandez,52,Self-Employed,4.16,47105.15,Rent,Philadelphia,PA,2018-03-08
CUST001500,Ramesh Sharma,47,Self-Employed,1.48,65794.23,Mortgage,Louisville,KY,2015-07-02
CUST001501,Sarah Rodriguez,49,Employed,1.99,59793.79,Rent,Nashville,TN,2018-02-07
CUST001502,Barbara Lopez,33,Self-Employed,4.71,31556.65,Mortgage,El Paso,TX,2015-07-04
CUST001503,Sneha Nair,30,Employed,11.96,28129.13,rent,Charlotte,NC,02/10/2017
CUST001504,Rahul Martinez,39,Employed,1.34,32755.0,Rent,El Paso,TX,2017-04-20
CUST001505,Mary Shah,37,Unemployed,0.0,38797.03,Mortgage,Austin,TX,2019-11-14
CUST001506,Robert Reddy,34,Employed,3.71,74605.07,Mortgage,Phoenix,AZ,2020-07-04
CUST001507,Patricia Nair,48,Employed,0.55,37144.44,Rent,Minneapolis,MN,2020-11-30
CUST001508,Sarah Rodriguez,51,Employed,4.17,170739.52,rent,San Diego,CA,26/01/2019
CUST001509,Anjali Martinez,41,Employed,6.17,110889.63,Rent,Tucson,AZ,2020-06-16
CUST001510,Rahul Mehta,57,Unemployed,0.0,97247.61,Rent,Minneapolis,MN,2020-10-14
CUST001511,Linda Singh,26,Self-Employed,0.55,55726.14,Mortgage,Fort Worth,Texas,2015-08-01
CUST001512,Sarah Anderson,37,Employed,9.64,148533.89,Mortgage,Washington,DC,2015-07-03
CUST001513,Anjali Smith,31,Employed,0.21,52532.99,Mortgage,Washington,DC,2019-08-23
CUST001514,Vikram Rodriguez,22,Employed,1.35,58761.56,Rent,San Jose,CA,2021-10-08
CUST001515,Lisa Williams,39,Employed,4.78,66302.62,Rent,Indianapolis,IN,2015-07-08
CUST001516,Sarah Martinez,38,Self-Employed,1.23,91225.87,Own,San Antonio,TX,2017-09-09
CUST001517,Jessica Garcia,58,Employed,0.54,87741.02,Mortgage,San Jose,CA,2021-03-07
CUST001518,Deepa Shah,47,Self-Employed,3.59,45022.82,Mortgage,San Francisco,CA,2019-06-12
CUST001519,Priya Rao,27,Employed,6.41,43486.41,Mortgage,Fort Worth,TX,2016-03-05
CUST001520,Sunita Johnson,62,Employed,2.64,87898.83,Rent,Jacksonville,FL,17/06/2017
CUST001521,Karen Williams,54,Employed,5.99,91963.03,Mortgage,Omaha,NE,2017-01-07
CUST001522,Kiran Sharma,46,Employed,9.85,47286.94,Mortgage,San Jose,CA,2015-10-15
CUST001523,Sunita Hernandez,37,Unemployed,0.0,23102.29,Mortgage,Phoenix,AZ,2018-08-02
CUST001524,Ramesh Brown,28,Employed,1.33,52871.0,Mortgage,Jacksonville,FL,2019-02-03
CUST001525,David Nair,35,Employed,4.65,87039.34,Mortgage,Miami,FL,22/01/2018
CUST001526,Thomas Kumar,53,Retired,0.0,176884.12,Own,Milwaukee,WI,2017-08-02
CUST001527,John Lopez,62,Self-Employed,10.24,29179.6,Own,Cleveland,OH,2019-07-13
CUST001528,Sunita Gupta,58,Employed,11.05,46353.74,Mortgage,Raleigh,NC,2016-05-10
CUST001529,Priya Anderson,34,Retired,0.0,47399.07,Rent,Baltimore,MD,2015-05-06
CUST001530,Mary Rao,26,Employed,5.18,135061.19,Mortgage,Cleveland,Ohio,2021-04-17
CUST001531,Patricia Shah,41,Self-Employed,10.93,58631.95,Rent,Arlington,Texas,2015-03-21
CUST001532,Susan Shah,22,EMPLOYED,3.55,34738.51,Rent,Oklahoma City,OK,2019-07-06
CUST001533,Deepa Shah,43,Self-Employed,6.37,83718.66,Rent,Oklahoma City,OK,2019-07-15
CUST001534,William Smith,38,Employed,8.07,,MORTGAGE,San Jose,CA,21/10/2020
CUST001535,Vikram Miller,34,Employed,10.27,28720.53,Own,Baltimore,MD,2017-10-01
CUST001536,Lisa Hernandez,22,Self-Employed,3.62,35043.17,Mortgage,Phoenix,AZ,2018-06-11
CUST001537,Jennifer Brown,46,Self-Employed,14.22,169468.98,Mortgage,Atlanta,GA,2021-01-30
CUST001538,David Davis,33,Self-Employed,4.96,75397.21,Rent,Baltimore,MD,2015-07-02
CUST001539,Amit Nair,25,Unemployed,0.0,63873.26,Rent,Nashville,TN,2021-08-13
CUST001540,William Gupta,22,EMPLOYED,4.74,51537.44,Mortgage,Seattle,WA,2020-05-03
CUST001541,Sunita Hernandez,39,Employed,1.77,71345.48,Mortgage,Raleigh,NC,2019-11-21
CUST001542,Deepa Sharma,61,Self-Employed,2.33,70837.34,Mortgage,Houston,TX,2020-11-03
CUST001543,William Rodriguez,59,Self-Employed,8.27,,RENT,Washington,DC,2017-02-12
CUST001544,Susan Mehta,34,Employed,18.12,64145.36,RENT,Minneapolis,MN,2020-04-01
CUST001545,Priya Martinez,32,Employed,10.2,100838.85,rent,Phoenix,AZ,2015-09-08
CUST001546,Richard Williams,45,Employed,1.97,60709.93,mortgage,Nashville,TN,2017-09-29
CUST001547,Sunita Lopez,28,Retired,0.0,33297.47,Mortgage,Milwaukee,WI,2018-01-16
CUST001548,Susan Gonzalez,43,Employed,20.52,41462.57,Own,Baltimore,MD,22/12/2017
CUST001549,Anjali Patel,49,Employed,12.85,18262.2,Own,Chicago,IL,2021-04-29
CUST001550,Joseph Smith,54,Employed,18.85,202013.59,Own,Houston,TX,2020-02-11
CUST001551,Mary Singh,38,Unemployed,0.0,,Rent,Boston,MA,2016-03-15
CUST001552,Joseph Williams,37,Unemployed,0.0,36386.67,Own,Denver,CO,2017-04-30
CUST001553,Anil Miller,29,Unemployed,0.0,50558.84,Own,Phoenix,AZ,07/04/2019
CUST001554,Thomas Nair,30,Unemployed,0.0,40858.66,Mortgage,Philadelphia,PA,2015-10-11
CUST001555,David Johnson,37,Employed,1.55,151074.49,Mortgage,Arlington,TX,03/03/2017
CUST001556,Vikram Gupta,44,Employed,10.75,25541.85,Rent,Omaha,NE,2016-01-21
CUST001557,Ramesh Gupta,50,Self-Employed,2.46,64131.16,Own,Minneapolis,MN,2015-04-16
CUST001558,Thomas Jones,30,Employed,1.63,56099.56,Rent,Memphis,TN,2016-09-02
CUST001559,Jennifer Lopez,57,EMPLOYED,1.59,98331.84,Own,Milwaukee,WI,23/10/2019
CUST001560,David Patel,36,Unemployed,0.0,56251.86,Rent,Raleigh,NC,2017-02-19
CUST001561,Linda Smith,39,Self-Employed,1.4,20849.28,Mortgage,Sacramento,CA,2020-09-25
CUST001562,Amit Wilson,31,Retired,0.0,,Rent,Chicago,IL,2020-01-02
CUST001563,Anil Mehta,22,Retired,0.0,33413.08,MORTGAGE,Baltimore,MD,2020-02-17
CUST001564,Kiran Brown,50,Employed,10.71,62802.35,Mortgage,Cleveland,OH,2015-03-28
CUST001565,Joseph Nair,48,Retired,0.0,141563.86,Rent,Fort Worth,Texas,2019-02-24
CUST001566,Jessica Miller,36,Employed,2.66,21085.58,Own,Oklahoma City,OK,2016-06-25
CUST001567,Karen Martinez,40,Self-Employed,3.05,37044.17,Own,Omaha,NE,2016-07-06
CUST001568,Kiran Gonzalez,46,Employed,7.53,42975.45,Rent,Atlanta,Georgia,2020-06-25
CUST001569,William Wilson,22,Employed,1.46,47620.63,Mortgage,Minneapolis,MN,21/07/2015
CUST001570,Jessica Gupta,33,Retired,0.0,93346.66,RENT,San Jose,CA,12/07/2015
CUST001571,Jessica Martinez,49,Employed,0.07,53953.26,Rent,Houston,TX,2020-08-09
CUST001572,Richard Wilson,24,Self-Employed,11.66,76840.08,Mortgage,Baltimore,MD,2019-01-22
CUST001573,Susan Wilson,43,Employed,5.78,41131.77,Own,San Antonio,TX,04/03/2021
CUST001574,Barbara Smith,23,Employed,1.52,68730.93,Rent,El Paso,TX,2017-12-24
CUST001575,Charles Rodriguez,45,Employed,10.92,95480.62,Mortgage,Philadelphia,PA,2015-12-18
CUST001576,Sarah Gupta,39,Self-Employed,0.45,38585.05,Own,Minneapolis,MN,2018-09-07
CUST001577,Deepa Davis,22,Employed,2.3,95684.81,Rent,Jacksonville,FL,2019-05-30
CUST001578,Rahul Patel,53,Employed,4.15,61785.48,Own,Chicago,IL,20/07/2020
CUST001579,Anil Williams,31,Self-Employed,3.52,112114.52,Rent,Indianapolis,IN,25/06/2019
CUST001580,James Sharma,30,EMPLOYED,5.32,53058.38,Own,Baltimore,MD,2015-12-06
CUST001581,William Hernandez,42,Employed,1.77,75263.22,Own,Baltimore,MD,17/05/2021
CUST001582,Vikram Mehta,53,Retired,0.0,58433.01,Own,Tucson,AZ,2019-12-18
CUST001583,Jessica Nair,27,employed,2.6,56515.64,Own,Tucson,AZ,2018-12-14
CUST001584,Anjali Nair,40,Employed,0.67,69937.57,mortgage,Arlington,TX,2019-12-18
CUST001585,Ramesh Reddy,45,Self-Employed,6.74,82626.4,Rent,Austin,Texas,2019-11-19
CUST001586,Thomas Williams,48,Self-Employed,12.15,28289.93,Rent,Boston,MA,2020-10-23
CUST001587,Michael Singh,42,Self-Employed,2.27,141517.71,Rent,Boston,MA,02/09/2020
CUST001588,Patricia Johnson,35,Retired,0.0,19617.99,Mortgage,Denver,CO,2020-10-02
CUST001589,Arjun Davis,30,Employed,5.82,39700.25,MORTGAGE,Memphis,TN,2019-02-05
CUST001590,Sneha Lopez,41,Retired,0.0,56581.57,Rent,Portland,OR,27/11/2015
CUST001591,Robert Smith,27,Retired,0.0,76681.33,Mortgage,El Paso,TX,02/03/2017
CUST001592,Thomas Kumar,22,Unemployed,0.0,154153.4,Mortgage,Omaha,NE,2017-01-03
CUST001593,Anjali Martinez,45,Employed,6.74,19634.14,Mortgage,Houston,TX,2016-08-02
CUST001594,Vikram Mehta,50,Unemployed,0.0,44151.56,Mortgage,El Paso,TX,2019-05-30
CUST001595,Rahul Jones,22,Employed,3.2,16712.29,Mortgage,Phoenix,AZ,2016-11-05
CUST001596,Robert Patel,27,Self-Employed,3.12,61020.99,Rent,El Paso,TX,24/07/2018
CUST001597,Susan Rodriguez,47,Employed,9.14,70474.78,Rent,San Antonio,TX,2020-12-24
CUST001598,David Kumar,64,Unemployed,0.0,155511.89,Mortgage,Sacramento,CA,2020-12-20
CUST001599,Kiran Hernandez,40,Self-Employed,1.32,64368.58,Rent,Memphis,TN,2021-01-23
CUST001600,Anil Jones,31,Employed,1.33,112018.03,Own,Denver,CO,2016-10-24
CUST001601,Jennifer Hernandez,37,Unemployed,0.0,84991.14,MORTGAGE,San Francisco,CA,16/04/2018
CUST001602,Amit Wilson,56,Employed,6.73,46113.04,Mortgage,Omaha,NE,2016-04-12
CUST001603,Barbara Rodriguez,32,Self-Employed,0.99,25709.7,Mortgage,San Jose,CA,2019-04-02
CUST001604,Linda Hernandez,30,Employed,2.65,70615.25,Own,El Paso,TX,2021-11-25
CUST001605,Robert Jones,34,Unemployed,0.0,24458.64,Rent,Philadelphia,PA,2018-12-01
CUST001606,Kiran Rodriguez,28,EMPLOYED,0.41,130238.71,Rent,Raleigh,NC,2020-03-14
CUST001607,Rahul Wilson,41,Employed,2.34,54326.25,Mortgage,San Jose,CA,2020-02-29
CUST001608,Charles Rodriguez,59,Employed,5.17,122652.01,Own,Washington,DC,2015-03-01
CUST001609,Thomas Kumar,43,Self-Employed,7.37,44885.56,Own,Nashville,TN,2016-05-08
CUST001610,Priya Wilson,36,Self-Employed,5.29,70355.09,Mortgage,Louisville,KY,2021-07-11
CUST001611,David Hernandez,36,Employed,2.53,67887.64,Own,Dallas,TX,2021-06-18
CUST001612,Kiran Rao,22,Employed,24.11,58277.63,Rent,Omaha,NE,2021-02-24
CUST001613,Barbara Singh,50,Employed,0.21,46184.72,Rent,Philadelphia,PA,03/06/2016
CUST001614,Deepa Johnson,39,Retired,0.0,75771.2,Mortgage,Nashville,TN,2017-05-02
CUST001615,Richard Jones,37,Self-Employed,3.57,34348.1,Rent,Sacramento,CA,30/09/2021
CUST001616,Patricia Davis,75,employed,1.37,28979.35,Own,Memphis,TN,2021-09-11
CUST001617,Susan Johnson,43,Employed,4.09,126209.2,Rent,El Paso,TX,2015-09-03
CUST001618,Sneha Rodriguez,30,employed,1.24,92623.74,Own,Dallas,TX,2018-05-22
CUST001619,David Nair,34,unemployed,0.0,,Own,Tucson,Arizona,12/03/2019
CUST001620,Anil Wilson,53,Employed,2.82,162606.01,Own,Philadelphia,PA,2015-06-08
CUST001621,Linda Sharma,41,Self-Employed,7.42,50987.75,Rent,Las Vegas,NV,2016-07-20
CUST001622,Robert Anderson,22,Employed,14.29,132405.16,Mortgage,Minneapolis,MN,11/03/2015
CUST001623,Neha Nair,115,Employed,1.13,66525.76,Own,Boston,Massachusetts,2018-11-27
CUST001624,Kiran Anderson,31,Employed,23.85,32375.25,Mortgage,Los Angeles,CA,2018-05-08
CUST001625,Kiran Brown,62,Unemployed,0.0,,Own,Boston,MA,2016-10-03
CUST001626,Barbara Brown,52,Retired,0.0,108491.43,Own,Nashville,TN,25/03/2017
CUST001627,Neha Williams,34,Employed,12.17,55680.62,Rent,Jacksonville,FL,2016-12-16
CUST001628,Jessica Martinez,55,Employed,4.16,92623.92,Own,Columbus,OH,2016-03-10
CUST001629,Susan Garcia,40,Employed,10.56,46994.13,Rent,El Paso,TX,2019-03-10
CUST001630,Pooja Rodriguez,50,self-employed,14.56,98468.25,Mortgage,Miami,FL,2018-03-13
CUST001631,Jessica Patel,45,Self-Employed,9.79,15000.0,Own,Fort Worth,Texas,2020-03-18
CUST001632,James Kumar,29,Employed,2.58,32471.54,Own,Charlotte,NC,2020-11-28
CUST001633,Susan Wilson,32,Employed,5.06,107748.58,Mortgage,Dallas,TX,2018-04-03
CUST001634,John Davis,52,Unemployed,0.0,51544.8,Mortgage,San Jose,CA,2020-11-02
CUST001635,Kiran Mehta,35,Self-Employed,2.28,67814.1,Mortgage,Phoenix,Arizona,2016-02-06
CUST001636,Michael Hernandez,35,Employed,1.44,26686.91,Rent,Denver,CO,2019-01-06
CUST001637,Mary Martinez,28,Self-Employed,2.91,,Rent,San Antonio,TX,2015-07-29
CUST001638,Linda Gonzalez,45,Unemployed,0.0,122310.45,Rent,Minneapolis,MN,2021-08-09
CUST001639,Rahul Patel,64,Employed,9.29,53081.77,Rent,Fresno,CA,2020-11-02
CUST001640,Michael Hernandez,27,employed,15.85,46966.15,Own,Tucson,AZ,14/06/2016
CUST001641,Barbara Smith,40,Employed,1.72,111052.97,Own,Chicago,Illinois,2015-06-07
CUST001642,Jennifer Anderson,56,Self-Employed,5.25,196709.3,Rent,El Paso,TX,2018-01-15
CUST001643,Sneha Anderson,39,Self-Employed,5.92,106112.61,Mortgage,Arlington,TX,18/12/2021
CUST001644,Karen Gupta,45,Retired,0.0,220374.05,Mortgage,Dallas,TX,2021-06-29
CUST001645,James Hernandez,27,Employed,2.29,34426.75,Rent,Omaha,NE,2016-12-18
CUST001646,Robert Shah,45,Self-Employed,2.09,36620.66,Mortgage,Memphis,TN,2020-01-22
CUST001647,Deepa Hernandez,37,Employed,21.31,29337.9,Own,San Jose,California,2019-03-15
CUST001648,William Miller,51,employed,15.9,78046.21,Rent,Austin,TX,2018-03-16
CUST001649,Patricia Shah,54,Self-Employed,8.62,66526.93,Rent,Jacksonville,FL,18/12/2016
CUST001650,Charles Hernandez,71,Retired,0.0,54656.82,Own,Arlington,TX,2015-02-01
CUST001651,Patricia Reddy,46,Employed,1.53,97300.09,Mortgage,Austin,Texas,2017-07-10
CUST001652,John Singh,43,Retired,0.0,125416.71,mortgage,Baltimore,MD,2020-12-09
CUST001653,Anjali Williams,42,Employed,1.56,23971.06,MORTGAGE,Chicago,Illinois,2020-07-16
CUST001654,Vikram Rodriguez,35,Employed,3.69,41848.73,Own,Portland,OR,2018-07-03
CUST001655,Susan Davis,44,Employed,1.41,97937.63,Own,Boston,MA,2016-11-16
CUST001656,Vikram Williams,36,Self-Employed,17.75,45222.81,Rent,Indianapolis,IN,2021-12-20
CUST001657,Mary Miller,42,Employed,0.21,37089.02,Mortgage,Baltimore,MD,30/04/2019
CUST001658,David Gonzalez,55,Employed,0.96,110318.01,Rent,Arlington,TX,2018-09-14
CUST001659,Vikram Martinez,27,Employed,7.24,27620.13,own,Denver,CO,2015-04-09
CUST001660,Barbara Brown,53,Self-Employed,0.82,49963.7,Rent,Baltimore,MD,28/07/2020
CUST001661,Lisa Sharma,55,EMPLOYED,19.4,72924.97,Mortgage,Charlotte,NC,2021-02-02
CUST001662,Ramesh Reddy,38,Employed,1.94,42434.12,Own,Fresno,CA,2021-01-01
CUST001663,Lisa Mehta,22,Unemployed,0.0,95788.07,OWN,Indianapolis,IN,2021-03-14
CUST001664,William Lopez,32,Self-Employed,5.43,42560.16,Mortgage,Nashville,TN,2021-08-15
CUST001665,Michael Lopez,55,Employed,5.03,139409.61,Rent,Atlanta,GA,2019-06-19
CUST001666,Pooja Miller,39,Employed,12.35,55522.98,RENT,Fort Worth,TX,2016-08-22
CUST001667,Kiran Anderson,28,Self-Employed,3.6,89568.78,Rent,Boston,MA,2021-02-25
CUST001668,Anjali Sharma,33,Employed,2.56,,Own,Cleveland,OH,2019-08-31
CUST001669,Karen Patel,50,Self-Employed,1.23,41088.19,Own,Baltimore,MD,2018-01-14
CUST001670,Ramesh Williams,46,Employed,0.78,17464.2,Own,Milwaukee,WI,2019-01-30
CUST001671,Ramesh Lopez,37,Employed,7.85,,Own,Denver,CO,2020-07-03
CUST001672,Susan Wilson,35,Employed,0.68,62528.2,Rent,Memphis,TN,2019-06-17
CUST001673,Ramesh Williams,35,Retired,0.0,83574.66,Rent,Minneapolis,MN,2021-06-22
CUST001674,Robert Kumar,28,Retired,0.0,52265.07,Own,Tucson,Arizona,2017-02-17
CUST001675,Arjun Anderson,59,RETIRED,0.0,46246.61,Rent,Portland,OR,14/10/2016
CUST001676,Joseph Shah,36,EMPLOYED,1.63,199802.33,Own,Austin,TX,2020-05-18
CUST001677,Barbara Sharma,54,Unemployed,0.0,24750.17,Own,Fort Worth,TX,2021-05-24
CUST001678,Amit Shah,58,Employed,1.16,93001.44,Own,Omaha,NE,2020-07-07
CUST001679,Amit Williams,51,Self-Employed,7.78,42414.22,Own,Dallas,TX,2015-08-06
CUST001680,Charles Anderson,34,Employed,9.48,48948.93,Own,San Francisco,CA,2016-10-20
CUST001681,Ramesh Williams,44,Self-Employed,1.07,49500.51,Mortgage,Houston,TX,2019-12-09
CUST001682,Sneha Martinez,39,RETIRED,0.0,36972.86,Mortgage,Atlanta,GA,2017-03-09
CUST001683,Barbara Jones,29,Employed,6.25,84350.37,mortgage,Boston,MA,2021-10-12
CUST001684,Lisa Davis,43,Employed,10.37,137914.08,Mortgage,Sacramento,CA,2017-07-02
CUST001685,Amit Wilson,25,Employed,3.57,79380.51,Mortgage,San Antonio,TX,2016-07-07
CUST001686,Charles Patel,54,Employed,1.33,63705.69,Rent,Tucson,AZ,2019-01-29
CUST001687,Patricia Singh,34,Employed,12.15,33128.05,Rent,San Diego,CA,2020-01-30
CUST001688,John Johnson,42,Unemployed,0.0,81641.68,RENT,Denver,CO,2015-02-04
CUST001689,Pooja Brown,43,employed,0.11,218340.22,mortgage,Philadelphia,Pennsylvania,2017-05-21
CUST001690,Pooja Wilson,36,Self-Employed,14.02,47647.39,Rent,Austin,TX,2016-08-26
CUST001691,Sunita Brown,47,Employed,14.83,47782.27,Own,Seattle,WA,2015-10-31
CUST001692,Anil Mehta,34,Employed,2.19,42759.49,rent,Baltimore,MD,2020-06-02
CUST001693,Thomas Lopez,50,Employed,0.05,44638.48,Own,Minneapolis,MN,29/08/2019
CUST001694,Thomas Patel,23,Employed,4.02,15000.0,Own,San Jose,CA,2016-06-18
CUST001695,Jennifer Rao,41,Self-Employed,12.25,76345.26,Own,Las Vegas,Nevada,2021-07-12
CUST001696,Pooja Smith,63,employed,0.66,36050.24,Mortgage,Philadelphia,PA,2019-01-18
CUST001697,Linda Reddy,27,Self-Employed,4.46,22784.65,mortgage,Charlotte,NC,2017-12-24
CUST001698,Anil Garcia,31,Employed,6.58,94081.24,Rent,Baltimore,Maryland,2015-08-05
CUST001699,Susan Gonzalez,46,Retired,0.0,31281.72,Own,Washington,DC,2019-12-08
CUST001700,Robert Williams,42,Unemployed,0.0,48864.12,Rent,Los Angeles,CA,04/01/2015
CUST001701,Sunita Nair,44,Employed,0.46,144331.13,Mortgage,Portland,OR,2015-04-05
CUST001702,Lisa Hernandez,45,employed,4.08,25705.76,Rent,Houston,TX,2017-06-12
CUST001703,Anil Rao,47,Employed,2.92,23871.51,Rent,Louisville,KY,2015-07-01
CUST001704,Deepa Gupta,53,Self-Employed,1.54,70374.32,Mortgage,Minneapolis,MN,2016-12-15
CUST001705,Thomas Hernandez,44,Employed,9.59,119335.3,Mortgage,Boston,MA,2020-12-21
CUST001706,Susan Miller,37,Self-Employed,2.4,23281.05,Rent,Indianapolis,IN,2019-09-20
CUST001707,Susan Williams,48,Employed,6.02,76466.95,Mortgage,Memphis,TN,2019-05-13
CUST001708,Thomas Mehta,62,Employed,7.82,84846.56,Mortgage,Philadelphia,PA,2019-02-13
CUST001709,Michael Wilson,38,Employed,0.98,17404.84,Mortgage,Boston,MA,2016-11-18
CUST001710,Mary Smith,28,EMPLOYED,0.63,96674.1,Mortgage,Charlotte,NC,2017-05-19
CUST001711,Vikram Brown,53,Self-Employed,0.04,101312.34,Mortgage,Los Angeles,California,2021-03-14
CUST001712,James Garcia,38,Employed,1.83,49658.69,own,Oklahoma City,OK,2020-09-14
CUST001713,Sneha Anderson,22,Unemployed,0.0,126932.13,Rent,San Antonio,TX,05/08/2021
CUST001714,Vikram Mehta,50,Self-Employed,7.41,118405.84,Rent,El Paso,TX,2020-09-23
CUST001715,Kiran Martinez,33,Employed,10.27,63695.6,Own,San Jose,CA,16/08/2016
CUST001716,Rahul Nair,38,Employed,7.15,45667.07,mortgage,Dallas,TX,2015-03-23
CUST001717,Vikram Martinez,43,Employed,0.12,33399.74,Mortgage,Chicago,IL,2018-02-12
CUST001718,Jennifer Jones,42,Self-Employed,2.43,58539.79,Mortgage,Denver,CO,2020-08-22
CUST001719,William Smith,48,Employed,0.03,84276.25,Rent,Atlanta,GA,2020-08-25
CUST001720,Richard Brown,34,Employed,0.18,49290.86,Rent,Dallas,TX,21/07/2018
CUST001721,Mary Nair,46,Employed,3.26,16018.5,rent,Atlanta,GA,2016-05-29
CUST001722,Richard Smith,36,Employed,2.23,128184.81,Rent,Baltimore,MD,2015-01-28
CUST001723,Jessica Sharma,48,Retired,0.0,67113.06,Mortgage,Arlington,Texas,2015-12-06
CUST001724,Barbara Shah,47,Unemployed,0.0,47678.0,Mortgage,New York,NY,2018-01-26
CUST001725,Sarah Wilson,28,Employed,4.44,100137.05,Rent,Philadelphia,PA,2021-01-13
CUST001726,Richard Williams,53,Self-Employed,0.34,149459.86,Rent,Los Angeles,CA,13/06/2015
CUST001727,Lisa Rao,33,Retired,0.0,15000.0,Rent,San Francisco,CA,2019-09-14
CUST001728,Anil Jones,49,Employed,2.17,77695.93,Rent,Columbus,OH,2016-01-24
CUST001729,Sneha Wilson,44,Self-Employed,1.27,25438.28,OWN,San Jose,CA,2019-05-20
CUST001730,Mary Brown,62,Employed,1.87,80778.51,Rent,Sacramento,CA,2020-03-15
CUST001731,David Jones,37,Self-Employed,0.0,64650.84,Rent,Omaha,Nebraska,2021-05-14
CUST001732,Deepa Sharma,35,Self-Employed,1.96,87678.84,Own,Tucson,AZ,26/07/2015
CUST001733,Sneha Smith,39,Retired,0.0,44375.88,Rent,Las Vegas,Nevada,2016-05-03
CUST001734,Deepa Patel,36,Employed,12.71,19458.82,Mortgage,San Diego,CA,2019-01-05
CUST001735,Sarah Miller,49,Self-Employed,0.39,45696.6,Rent,Denver,Colorado,2021-01-12
CUST001736,Charles Patel,22,Employed,15.3,76428.32,Rent,Indianapolis,IN,2017-01-25
CUST001737,Vikram Johnson,27,Employed,3.38,110110.03,Mortgage,Nashville,TN,2020-08-12
CUST001738,Arjun Smith,27,Retired,0.0,29640.63,Rent,San Diego,CA,2019-11-08
CUST001739,Michael Shah,51,SELF-EMPLOYED,7.76,110883.6,Rent,Houston,TX,2016-07-26
CUST001740,Ramesh Wilson,60,Employed,5.94,,Rent,Indianapolis,IN,2019-02-13
CUST001741,Kiran Reddy,38,self-employed,1.35,,Mortgage,Portland,OR,16/07/2016
CUST001742,Charles Johnson,37,Employed,0.13,44093.32,Own,Arlington,TX,2017-09-11
CUST001743,Kiran Gonzalez,40,Employed,7.54,66789.58,Mortgage,Milwaukee,WI,13/06/2017
CUST001744,Kiran Kumar,53,Self-Employed,0.69,102244.94,Own,Phoenix,AZ,2018-09-13
CUST001745,Kiran Davis,28,Employed,4.56,28675.3,Mortgage,San Diego,CA,2015-03-10
CUST001746,Patricia Kumar,42,Employed,14.29,39817.29,Rent,Miami,FL,2016-02-13
CUST001747,Mary Wilson,51,SELF-EMPLOYED,3.99,,Rent,Omaha,NE,29/07/2021
CUST001748,Priya Singh,46,Employed,1.68,252950.78,OWN,Fresno,CA,2016-01-05
CUST001749,John Rodriguez,42,Employed,0.98,35670.75,own,Los Angeles,CA,2019-08-09
CUST001750,Sunita Sharma,52,Employed,0.14,203634.16,Rent,Minneapolis,MN,25/09/2020
CUST001751,Linda Sharma,22,Retired,0.0,,Mortgage,Cleveland,OH,2015-01-31
CUST001752,Neha Anderson,48,Unemployed,0.0,56478.39,Rent,Indianapolis,IN,2021-05-31
CUST001753,Ramesh Smith,32,Employed,3.1,50066.55,Rent,San Jose,CA,2019-10-12
CUST001754,David Martinez,22,Employed,1.08,39527.85,Rent,Denver,CO,2018-12-15
CUST001755,Richard Sharma,46,Self-Employed,1.35,57473.46,Own,Las Vegas,NV,2016-12-07
CUST001756,Neha Anderson,56,Self-Employed,15.91,25744.3,Own,New York,NY,2016-08-06
CUST001757,Joseph Kumar,38,Employed,0.1,57196.99,Mortgage,Arlington,TX,2017-11-28
CUST001758,Joseph Patel,51,Employed,2.26,146991.22,Own,Washington,DC,2020-11-29
CUST001759,Arjun Gupta,59,Retired,0.0,41495.86,Rent,Indianapolis,IN,2018-10-11
CUST001760,Anil Jones,55,Employed,1.06,51821.76,Mortgage,Cleveland,OH,2015-08-15
CUST001761,Charles Reddy,59,Employed,13.53,,Mortgage,Portland,OR,03/10/2015
CUST001762,Anjali Wilson,48,Self-Employed,0.81,74939.56,Rent,Jacksonville,FL,2015-05-29
CUST001763,Rahul Sharma,40,Employed,4.59,70170.9,Mortgage,Philadelphia,PA,2015-03-22
CUST001764,David Gupta,22,employed,2.13,62206.91,MORTGAGE,Tucson,AZ,2016-12-02
CUST001765,Jessica Martinez,37,Retired,0.0,52570.15,Rent,Boston,MA,2021-06-09
CUST001766,Jennifer Mehta,29,Employed,9.56,50228.87,Mortgage,Phoenix,AZ,2020-09-16
CUST001767,Sneha Jones,66,Employed,1.69,80913.84,Own,Tucson,AZ,2016-03-21
CUST001768,Susan Miller,14,Employed,0.41,58847.82,Mortgage,Fresno,CA,2021-10-05
CUST001769,David Gupta,41,UNEMPLOYED,0.0,72329.19,Mortgage,Minneapolis,MN,2021-11-12
CUST001770,Kiran Brown,46,Self-Employed,2.89,68117.52,MORTGAGE,Minneapolis,MN,2018-09-11
CUST001771,Sunita Sharma,40,Employed,3.62,117483.88,Mortgage,Sacramento,CA,2018-11-22
CUST001772,Lisa Davis,60,Self-Employed,14.23,89876.92,Own,Los Angeles,CA,2018-05-05
CUST001773,Jessica Singh,32,Employed,0.08,67219.4,Mortgage,Memphis,TN,2021-10-27
CUST001774,Patricia Smith,42,Employed,7.09,148903.42,Own,Atlanta,GA,2021-10-28
CUST001775,Neha Rodriguez,31,Self-Employed,0.38,77046.25,Rent,Chicago,IL,2015-10-03
CUST001776,Neha Mehta,24,EMPLOYED,0.41,131003.28,Mortgage,Memphis,TN,2016-08-05
CUST001777,David Garcia,32,Retired,0.0,86177.6,Mortgage,Boston,MA,2019-06-12
CUST001778,Pooja Johnson,39,Self-Employed,11.98,19827.96,Own,San Francisco,CA,2015-07-16
CUST001779,John Hernandez,34,Employed,1.7,130993.22,own,Los Angeles,California,2020-06-09
CUST001780,Ramesh Brown,31,Self-Employed,1.57,64932.64,Rent,Washington,DC,2016-10-24
CUST001781,Joseph Brown,23,employed,4.81,58036.48,Rent,Phoenix,AZ,2020-01-16
CUST001782,Joseph Sharma,39,Self-Employed,7.49,70884.64,Rent,Washington,DC,2017-08-01
CUST001783,Thomas Hernandez,22,Employed,10.16,48679.35,Mortgage,Indianapolis,IN,2016-03-01
CUST001784,Neha Rao,49,Employed,1.44,68611.63,Mortgage,San Antonio,TX,2019-10-01
CUST001785,Robert Rao,40,self-employed,6.74,41976.88,Rent,Raleigh,NC,2021-01-25
CUST001786,Karen Jones,22,Unemployed,0.0,128613.02,Rent,El Paso,TX,2019-01-26
CUST001787,Pooja Gupta,36,Employed,3.94,55929.49,Rent,Dallas,TX,27/10/2015
CUST001788,Michael Nair,30,Employed,1.06,47593.42,Rent,Chicago,IL,2020-09-16
CUST001789,Patricia Anderson,43,Employed,0.79,34373.61,Rent,Washington,DC,16/12/2017
CUST001790,Anil Rao,56,Employed,13.69,70351.93,Mortgage,Fresno,CA,2021-10-29
CUST001791,Linda Brown,22,Employed,3.96,66987.7,Own,El Paso,TX,2020-03-19
CUST001792,Michael Singh,41,Self-Employed,0.02,75588.15,rent,Jacksonville,FL,2019-12-25
CUST001793,Robert Kumar,38,Employed,7.89,32326.7,Own,Milwaukee,WI,2017-07-08
CUST001794,Michael Garcia,48,RETIRED,0.0,22909.14,own,Atlanta,GA,2017-04-24
CUST001795,Linda Miller,42,Employed,1.97,87147.27,Rent,Jacksonville,FL,2019-03-29
CUST001796,Rahul Garcia,30,Unemployed,0.0,145915.81,Rent,Dallas,TX,2016-07-06
CUST001797,Charles Nair,36,Employed,2.99,32344.13,Rent,Phoenix,AZ,2020-11-27
CUST001798,Deepa Rao,30,Unemployed,0.0,155385.56,Mortgage,Milwaukee,WI,2020-03-19
CUST001799,Pooja Sharma,52,Employed,19.7,70993.72,Mortgage,Chicago,IL,2018-05-28
CUST001800,Michael Jones,40,SELF-EMPLOYED,3.93,59620.95,Rent,Denver,CO,2019-06-15
CUST001801,Rahul Hernandez,62,Employed,11.38,47167.99,Rent,Fort Worth,TX,07/08/2020
CUST001802,William Brown,39,Employed,4.4,26089.53,Mortgage,Chicago,Illinois,2016-06-26
CUST001803,Richard Anderson,31,Employed,5.86,108297.47,Mortgage,Fort Worth,TX,2016-01-08
CUST001804,Sunita Rao,22,Employed,0.15,37595.37,Rent,Chicago,IL,2015-09-05
CUST001805,James Davis,22,Self-Employed,3.59,37500.74,Mortgage,Oklahoma City,OK,2018-06-22
CUST001806,Sneha Hernandez,22,Employed,6.39,108570.58,own,Nashville,TN,2017-12-29
CUST001807,Charles Kumar,43,Self-Employed,0.65,19345.4,Mortgage,Minneapolis,MN,2020-12-14
CUST001808,David Williams,46,Employed,5.67,24000.77,Mortgage,Louisville,KY,2021-06-17
CUST001809,Karen Lopez,22,Employed,0.44,59226.21,Mortgage,Fresno,CA,2018-08-24
CUST001810,Sunita Lopez,50,Unemployed,0.0,71394.11,MORTGAGE,Atlanta,GA,2020-08-21
CUST001811,Sarah Jones,34,Self-Employed,19.03,80084.75,Mortgage,San Francisco,CA,09/12/2016
CUST001812,Amit Wilson,41,EMPLOYED,4.93,49957.15,Own,Chicago,IL,2018-01-09
CUST001813,Joseph Jones,59,Self-Employed,0.4,273271.7,Own,Fort Worth,TX,2020-01-28
CUST001814,Ramesh Wilson,50,Unemployed,0.0,52222.28,Rent,Denver,CO,2019-04-04
CUST001815,Sunita Anderson,36,Unemployed,0.0,52131.69,Mortgage,Washington,DC,19/12/2017
CUST001816,Amit Mehta,29,Employed,13.52,37116.17,Mortgage,Houston,TX,2017-11-07
CUST001817,Rahul Smith,22,Unemployed,0.0,64495.07,MORTGAGE,El Paso,TX,2021-12-31
CUST001818,Deepa Jones,31,Employed,7.46,86593.21,Mortgage,Seattle,WA,2017-01-12
CUST001819,James Nair,37,Self-Employed,0.71,123271.79,rent,San Diego,CA,2020-01-14
CUST001820,Amit Williams,28,Employed,7.82,24500.03,Mortgage,Boston,MA,11/03/2015
CUST001821,Jennifer Hernandez,38,Self-Employed,10.98,51658.13,rent,Las Vegas,NV,2020-09-25
CUST001822,Priya Gonzalez,40,Self-Employed,9.88,78278.02,Mortgage,Louisville,KY,2015-11-07
CUST001823,David Wilson,37,Employed,5.29,85155.52,Rent,Baltimore,MD,2016-03-30
CUST001824,Patricia Gonzalez,32,Employed,3.47,60109.86,Own,Memphis,TN,14/08/2021
CUST001825,Robert Mehta,42,Self-Employed,10.38,82905.31,RENT,El Paso,TX,2019-12-05
CUST001826,Barbara Patel,45,Employed,3.66,36850.4,Rent,Jacksonville,FL,2016-03-31
CUST001827,Patricia Shah,26,Employed,1.05,152473.07,Own,Miami,FL,2018-02-13
CUST001828,Amit Martinez,56,Employed,14.31,108616.31,Mortgage,Miami,FL,2019-07-31
CUST001829,Sunita Gonzalez,38,Self-Employed,2.34,26716.68,Mortgage,Boston,MA,2017-01-12
CUST001830,Lisa Reddy,40,Unemployed,0.0,31411.78,Own,Tucson,AZ,2018-08-10
CUST001831,Priya Lopez,48,Self-Employed,1.11,31947.43,RENT,Seattle,Washington,2020-10-13
CUST001832,James Rodriguez,42,Employed,0.59,89929.56,Rent,Philadelphia,PA,2019-11-12
CUST001833,Amit Gupta,51,Employed,4.0,27699.33,Mortgage,Las Vegas,NV,2018-07-31
CUST001834,Barbara Nair,43,Employed,4.04,49088.76,Own,Philadelphia,PA,03/04/2018
CUST001835,Vikram Anderson,32,Retired,0.0,78654.7,Rent,Las Vegas,NV,2020-08-28
CUST001836,Jessica Singh,44,EMPLOYED,1.87,57543.73,Mortgage,Omaha,NE,2018-04-18
CUST001837,Deepa Nair,26,Employed,2.34,69935.77,Own,Jacksonville,Florida,2018-03-14
CUST001838,Neha Shah,41,Self-Employed,7.93,31587.55,Mortgage,Fresno,CA,2017-09-16
CUST001839,Vikram Rao,39,Unemployed,0.0,85554.82,Rent,Denver,CO,2016-10-11
CUST001840,Richard Martinez,37,Employed,12.72,41442.94,Rent,Oklahoma City,OK,2015-09-01
CUST001841,Jennifer Johnson,38,Employed,0.6,49277.76,Mortgage,San Antonio,TX,2017-07-02
CUST001842,Arjun Gonzalez,22,Employed,13.41,69053.65,mortgage,Philadelphia,PA,2019-05-01
CUST001843,William Kumar,33,Self-Employed,5.85,63694.08,MORTGAGE,Oklahoma City,OK,06/06/2017
CUST001844,Charles Miller,41,Employed,2.11,60741.84,own,Denver,CO,2021-04-20
CUST001845,Jennifer Kumar,41,Self-Employed,0.03,38163.08,Rent,Nashville,TN,14/09/2019
CUST001846,Lisa Kumar,27,Employed,8.11,50024.61,Own,Baltimore,MD,2021-12-04
CUST001847,Arjun Rao,55,Unemployed,0.0,59952.64,Mortgage,Omaha,NE,2017-06-17
CUST001848,David Smith,29,Employed,20.21,26237.6,Mortgage,Las Vegas,NV,2021-02-21
CUST001849,Mary Singh,51,Employed,2.75,45364.28,Own,Austin,TX,01/06/2017
CUST001850,Thomas Davis,45,Self-Employed,0.37,75554.38,Rent,Baltimore,MD,2017-05-27
CUST001851,Lisa Reddy,32,Self-Employed,1.88,27820.77,Mortgage,Washington,DC,16/09/2017
CUST001852,Ramesh Kumar,61,Self-Employed,1.85,119844.34,Own,Baltimore,MD,2018-01-30
CUST001853,Linda Reddy,25,Self-Employed,0.54,128254.0,Rent,Chicago,IL,2017-11-13
CUST001854,Patricia Lopez,51,Employed,3.72,28364.95,Own,Washington,DC,2019-02-27
CUST001855,Thomas Shah,52,Employed,4.64,135208.29,Own,Arlington,TX,2015-11-06
CUST001856,Pooja Lopez,31,Employed,6.52,54931.98,Mortgage,Las Vegas,NV,2017-02-05
CUST001857,Linda Johnson,56,Retired,0.0,76965.21,Own,Seattle,WA,2018-06-05
CUST001858,Linda Anderson,36,employed,1.61,44445.07,Rent,Houston,TX,16/09/2020
CUST001859,Lisa Patel,43,Employed,2.19,104174.94,Own,Phoenix,AZ,2017-01-06
CUST001860,James Anderson,43,Employed,11.14,76393.77,Own,Louisville,KY,2019-02-21
CUST001861,Arjun Davis,38,Unemployed,0.0,36735.84,Rent,Boston,MA,2020-05-31
CUST001862,Joseph Lopez,49,Unemployed,0.0,29758.76,Own,Minneapolis,MN,2019-02-10
CUST001863,Lisa Martinez,49,Retired,0.0,24929.78,Rent,Austin,TX,01/12/2019
CUST001864,William Nair,22,Employed,2.76,67021.25,Mortgage,Los Angeles,California,2018-12-30
CUST001865,Anjali Kumar,55,Self-Employed,3.74,84413.52,Own,San Jose,CA,2020-02-07
CUST001866,Sarah Brown,22,Employed,1.69,88484.21,Own,Omaha,NE,05/05/2018
CUST001867,Priya Kumar,52,Employed,3.11,55782.27,Mortgage,Baltimore,MD,2017-03-01
CUST001868,Richard Rao,53,Employed,0.79,29905.63,Mortgage,Chicago,IL,2021-10-27
CUST001869,Rahul Anderson,26,Employed,6.18,39765.51,Own,Dallas,TX,2016-01-29
CUST001870,Michael Jones,35,Self-Employed,2.31,119540.34,Mortgage,Phoenix,AZ,2021-08-20
CUST001871,Ramesh Wilson,26,Retired,0.0,44766.84,Mortgage,Indianapolis,IN,2016-10-20
CUST001872,Jennifer Williams,37,Employed,4.64,65254.52,Mortgage,Boston,MA,06/03/2018
CUST001873,Patricia Wilson,36,retired,0.0,31401.46,Mortgage,Boston,Massachusetts,2021-04-22
CUST001874,William Sharma,49,Employed,0.43,73273.17,Mortgage,Memphis,TN,03/07/2018
CUST001875,Jessica Anderson,55,Employed,3.3,45496.44,Own,Cleveland,OH,28/08/2016
CUST001876,John Lopez,56,Employed,11.22,112198.81,Own,Chicago,IL,2018-06-12
CUST001877,Amit Gonzalez,33,Employed,2.0,95238.03,Rent,Omaha,NE,2015-11-06
CUST001878,Amit Rao,37,Employed,2.94,44470.28,Mortgage,San Jose,CA,2015-09-22
CUST001879,Vikram Rodriguez,22,Self-Employed,0.44,55492.41,Own,Baltimore,MD,2016-09-29
CUST001880,Kiran Shah,30,Self-Employed,6.94,43016.12,Own,Boston,MA,2015-05-03
CUST001881,Ramesh Anderson,51,Unemployed,0.0,25548.66,Mortgage,Boston,MA,18/08/2017
CUST001882,Kiran Reddy,59,Employed,4.98,35793.96,Rent,Baltimore,MD,05/04/2018
CUST001883,Sunita Garcia,25,Self-Employed,2.34,67435.74,Own,Phoenix,AZ,2017-08-26
CUST001884,Barbara Kumar,32,self-employed,2.06,72777.03,Mortgage,Cleveland,OH,19/10/2016
CUST001885,William Sharma,39,Retired,0.0,65455.69,Mortgage,Dallas,Texas,2020-10-24
CUST001886,Anil Jones,43,Employed,4.19,49959.11,Rent,Tucson,AZ,2016-10-21
CUST001887,Pooja Kumar,30,Retired,0.0,104803.24,Own,Boston,MA,24/09/2021
CUST001888,Linda Nair,45,Self-Employed,1.63,62200.92,Mortgage,Louisville,KY,2019-10-24
CUST001889,Jessica Anderson,34,Self-Employed,3.55,91304.22,Own,Oklahoma City,Oklahoma,2020-07-12
CUST001890,Sneha Johnson,39,Employed,1.55,20655.46,Mortgage,Seattle,WA,2016-07-03
CUST001891,David Singh,46,EMPLOYED,0.54,15000.0,Mortgage,Indianapolis,IN,2020-08-07
CUST001892,Rahul Brown,40,Employed,8.03,70988.47,Own,San Diego,CA,2015-03-05
CUST001893,Sunita Brown,34,Employed,6.06,25467.05,Mortgage,Los Angeles,CA,2015-12-06
CUST001894,Linda Lopez,38,Employed,0.44,52708.34,Mortgage,Jacksonville,FL,2021-07-12
CUST001895,Charles Johnson,38,Retired,0.0,49948.2,Mortgage,Miami,FL,2021-05-19
CUST001896,Amit Jones,35,Employed,0.53,155195.42,Mortgage,Tucson,AZ,2018-08-13
CUST001897,Linda Lopez,36,Employed,7.82,76114.79,Own,Memphis,TN,08/04/2019
CUST001898,Lisa Lopez,59,Employed,7.41,66139.1,Own,Sacramento,CA,2016-11-09
CUST001899,Lisa Martinez,46,Employed,2.62,98932.66,Own,San Diego,CA,2016-11-14
CUST001900,Kiran Smith,36,Employed,8.61,74689.78,Mortgage,San Francisco,CA,2017-06-04
CUST001901,Barbara Jones,48,Employed,18.24,45496.64,Mortgage,San Francisco,CA,2019-05-04
CUST001902,Sunita Johnson,35,Employed,17.61,,Own,Baltimore,MD,2015-08-09
CUST001903,Lisa Martinez,54,Self-Employed,19.78,30765.52,Rent,Columbus,OH,2021-05-21
CUST001904,Jessica Garcia,44,Employed,9.37,72689.22,Mortgage,Arlington,TX,2020-11-29
CUST001905,Kiran Smith,38,Unemployed,0.0,23658.04,Rent,Denver,CO,2016-12-10
CUST001906,Linda Singh,45,Retired,0.0,67667.84,Rent,Miami,Florida,2015-02-13
CUST001907,Neha Williams,22,Employed,8.35,67224.55,Rent,Fort Worth,TX,2021-06-07
CUST001908,Robert Wilson,26,Unemployed,0.0,,Own,San Diego,CA,2021-04-08
CUST001909,Sneha Patel,25,Employed,2.06,23412.27,Rent,Dallas,TX,2018-11-04
CUST001910,Lisa Patel,41,Employed,0.38,,Rent,Phoenix,AZ,2020-10-23
CUST001911,Deepa Hernandez,60,Employed,6.27,98086.93,Rent,Baltimore,MD,2015-04-18
CUST001912,Anjali Sharma,66,Employed,2.82,73217.54,Mortgage,Jacksonville,FL,2017-09-01
CUST001913,William Rao,47,Retired,0.0,66714.86,mortgage,Baltimore,MD,21/06/2020
CUST001914,William Kumar,46,Employed,5.28,33735.93,mortgage,Philadelphia,PA,2017-12-06
CUST001915,Anil Rao,22,Employed,19.53,42003.53,Mortgage,Oklahoma City,OK,2021-03-01
CUST001916,Deepa Mehta,33,Employed,3.45,126376.98,Rent,Washington,DC,2020-04-06
CUST001917,Deepa Jones,30,employed,4.66,58052.0,Own,Phoenix,AZ,2021-10-31
CUST001918,Priya Williams,32,Retired,0.0,74997.93,Mortgage,Sacramento,CA,2020-06-25
CUST001919,Sunita Gonzalez,37,Employed,0.88,55875.82,Mortgage,Fresno,CA,2021-11-08
CUST001920,Joseph Gonzalez,34,Employed,3.06,29441.15,Own,Denver,CO,2016-01-13
CUST001921,Arjun Singh,22,Employed,9.31,104850.02,Rent,Nashville,TN,2015-05-17
CUST001922,Robert Mehta,48,Employed,11.99,80978.54,Rent,Austin,TX,29/09/2015
CUST001923,Deepa Reddy,27,Employed,5.13,238800.11,Own,Jacksonville,FL,2017-02-28
CUST001924,Karen Shah,42,Employed,2.24,32553.86,Own,Boston,MA,16/07/2016
CUST001925,Jennifer Garcia,64,Employed,6.93,98080.49,Mortgage,Minneapolis,MN,2019-08-18
CUST001926,Mary Patel,28,Unemployed,0.0,27257.22,Mortgage,Charlotte,NC,2018-08-13
CUST001927,Lisa Singh,22,Employed,1.24,65802.16,MORTGAGE,San Diego,CA,01/03/2018
CUST001928,Linda Shah,36,Unemployed,0.0,107570.74,Rent,Fort Worth,TX,11/12/2019
CUST001929,Jennifer Miller,53,Retired,0.0,17269.87,Rent,Dallas,Texas,09/07/2016
CUST001930,Patricia Patel,63,Retired,0.0,52946.67,mortgage,Indianapolis,IN,2016-10-23
CUST001931,Amit Miller,25,Employed,4.3,42705.12,Own,Miami,FL,2017-10-31
CUST001932,Sneha Kumar,45,Retired,0.0,39293.94,Mortgage,Los Angeles,CA,2020-12-30
CUST001933,Mary Brown,34,Self-Employed,0.13,75442.62,Rent,Boston,MA,2021-05-20
CUST001934,Susan Smith,38,self-employed,1.46,117290.78,Rent,Sacramento,CA,2015-01-06
CUST001935,Karen Miller,71,Employed,8.16,55272.61,Own,Cleveland,OH,2017-04-04
CUST001936,Sarah Nair,22,Employed,2.76,67730.5,Mortgage,Boston,MA,2015-06-23
CUST001937,Deepa Williams,43,Retired,0.0,64124.72,Mortgage,Milwaukee,WI,12/07/2020
CUST001938,Priya Gonzalez,45,Employed,7.95,59938.97,rent,Sacramento,CA,15/08/2019
CUST001939,Robert Sharma,53,Employed,8.64,31144.55,Own,Dallas,TX,2018-09-28
CUST001940,Mary Hernandez,41,Employed,3.05,116432.47,Rent,Arlington,TX,2021-04-09
CUST001941,Ramesh Garcia,43,Retired,0.0,71476.02,Mortgage,Philadelphia,PA,13/01/2017
CUST001942,Sunita Smith,35,Employed,7.59,75881.55,Rent,Phoenix,Arizona,2019-11-23
CUST001943,Amit Hernandez,43,Retired,0.0,36904.7,Mortgage,Nashville,TN,06/06/2020
CUST001944,Anjali Rodriguez,35,Employed,10.07,45454.53,Rent,Louisville,Kentucky,2021-05-21
CUST001945,Jennifer Brown,47,Employed,5.19,53869.49,rent,Atlanta,GA,23/08/2017
CUST001946,Michael Singh,35,Employed,1.03,23849.66,Rent,Tucson,AZ,22/05/2018
CUST001947,David Martinez,44,Self-Employed,3.99,21745.88,Rent,Portland,Oregon,2016-10-17
CUST001948,Barbara Garcia,39,Employed,2.41,41754.03,Own,Portland,OR,2015-05-15
CUST001949,Thomas Rao,53,Employed,0.14,81921.15,Mortgage,Cleveland,OH,2015-03-19
CUST001950,Jennifer Jones,39,Employed,1.09,40461.96,Own,Phoenix,AZ,07/08/2019
CUST001951,Lisa Wilson,22,Employed,1.15,32490.95,Mortgage,Dallas,TX,2016-05-06
CUST001952,David Johnson,55,Self-Employed,0.43,36724.1,Own,Oklahoma City,OK,2016-01-09
CUST001953,Priya Garcia,29,Employed,3.02,45560.42,Mortgage,Phoenix,AZ,2019-07-13
CUST001954,Mary Nair,32,Employed,3.55,48420.79,Rent,Baltimore,MD,2020-08-08
CUST001955,Patricia Martinez,32,Employed,2.08,219545.08,Mortgage,Milwaukee,Wisconsin,2018-11-04
CUST001956,Anjali Brown,56,Employed,2.66,112732.43,RENT,Tucson,AZ,2018-08-16
CUST001957,Priya Jones,22,Retired,0.0,110731.59,Own,Washington,DC,2020-02-13
CUST001958,Sunita Hernandez,75,Employed,0.64,120710.24,Rent,Dallas,TX,2017-04-03
CUST001959,Thomas Gonzalez,52,Employed,4.13,32882.88,Own,Sacramento,CA,2017-07-02
CUST001960,Linda Johnson,42,Employed,6.19,28755.41,Mortgage,Raleigh,NC,14/08/2016
CUST001961,Richard Davis,39,Self-Employed,10.39,30818.73,Mortgage,Jacksonville,Florida,2019-01-27
CUST001962,Sarah Sharma,43,Employed,1.79,133346.15,Rent,Dallas,TX,2019-01-15
CUST001963,Pooja Rao,46,Employed,6.88,43117.53,Rent,Las Vegas,NV,2020-01-11
CUST001964,Pooja Gonzalez,47,Self-Employed,4.66,,Mortgage,Minneapolis,MN,2019-01-14
CUST001965,Linda Rodriguez,46,Self-Employed,3.49,46230.84,Own,Houston,TX,2019-01-03
CUST001966,Patricia Hernandez,41,EMPLOYED,12.6,51887.68,Rent,San Diego,CA,08/07/2021
CUST001967,Anil Singh,37,EMPLOYED,4.84,70336.63,Mortgage,Tucson,AZ,2020-09-13
CUST001968,Sunita Williams,38,Employed,2.28,69603.53,Mortgage,San Jose,CA,2016-09-07
CUST001969,Sneha Smith,37,Self-Employed,6.24,36427.95,Own,Nashville,TN,2021-08-24
CUST001970,Sunita Shah,53,Retired,0.0,90345.26,Rent,Austin,TX,2019-06-24
CUST001971,Joseph Smith,47,Employed,12.52,40801.9,Own,Austin,TX,2017-10-08
CUST001972,Karen Singh,22,Self-Employed,19.63,54515.16,mortgage,Oklahoma City,OK,2020-04-30
CUST001973,Michael Davis,47,Employed,0.5,90405.87,Own,Charlotte,NC,2017-08-16
CUST001974,William Martinez,42,Unemployed,0.0,40737.62,Rent,Washington,DC,19/07/2021
CUST001975,Sunita Anderson,39,Self-Employed,2.83,42548.04,Own,Tucson,AZ,2015-04-01
CUST001976,Jennifer Shah,35,Self-Employed,2.42,85391.41,Rent,Denver,CO,2019-08-07
CUST001977,Pooja Miller,53,Employed,0.98,35787.72,Own,Philadelphia,PA,2018-03-03
CUST001978,Barbara Lopez,51,Employed,8.92,47530.4,Mortgage,San Francisco,CA,2015-04-06
CUST001979,David Davis,30,Self-Employed,5.59,83570.45,Rent,Fort Worth,TX,2017-05-27
CUST001980,Ramesh Singh,44,employed,4.66,205346.79,Own,Sacramento,CA,2015-07-08
CUST001981,Deepa Johnson,28,Employed,2.96,86098.11,Rent,Seattle,WA,17/03/2017
CUST001982,James Anderson,23,Employed,2.46,79505.69,Rent,Dallas,TX,2018-12-18
CUST001983,Charles Shah,32,Employed,7.72,82329.19,Rent,Nashville,Tennessee,2019-12-05
CUST001984,David Smith,50,Self-Employed,3.74,31447.85,Own,Arlington,TX,2016-09-09
CUST001985,Patricia Sharma,51,Employed,4.68,64174.3,Rent,Fresno,CA,23/06/2017
CUST001986,Karen Gupta,46,Employed,0.53,58814.29,Rent,Philadelphia,PA,2016-11-15
CUST001987,Thomas Mehta,48,Employed,3.19,72616.74,Rent,Minneapolis,MN,2021-10-01
CUST001988,Anjali Lopez,46,Unemployed,0.0,64209.4,Rent,Austin,TX,12/02/2021
CUST001989,Jessica Patel,32,Retired,0.0,75193.48,Mortgage,Raleigh,NC,2018-03-19
CUST001990,Pooja Martinez,45,Employed,5.84,49668.18,Rent,Raleigh,NC,2020-06-26
CUST001991,Robert Garcia,49,Employed,1.61,,Mortgage,San Jose,CA,2016-09-22
CUST001992,John Martinez,49,Employed,16.77,28661.29,Mortgage,Austin,TX,2015-04-21
CUST001993,Jennifer Gonzalez,54,Employed,4.65,49417.29,MORTGAGE,Arlington,TX,2015-06-30
CUST001994,Linda Jones,48,Self-Employed,5.18,137929.8,Rent,Omaha,NE,2017-11-06
CUST001995,Karen Wilson,44,Employed,1.1,72495.88,Mortgage,El Paso,Texas,16/07/2015
CUST001996,Jessica Gupta,52,Employed,0.69,59127.26,RENT,Cleveland,OH,2020-10-27
CUST001997,Pooja Hernandez,39,EMPLOYED,3.73,186777.62,Own,Chicago,IL,2021-08-05
CUST001998,Arjun Shah,29,retired,0.0,26462.9,Mortgage,Los Angeles,CA,2020-12-13
CUST001999,Thomas Rao,38,Unemployed,0.0,30770.96,MORTGAGE,Philadelphia,PA,2016-04-11
CUST002000,Deepa Rodriguez,31,Self-Employed,3.55,167313.88,Own,Chicago,IL,2018-05-10
CUST002001,Sarah Mehta,31,Employed,1.11,61548.24,Mortgage,Cleveland,OH,2019-01-01
CUST002002,Priya Hernandez,38,Employed,7.62,51764.0,Rent,San Francisco,CA,2017-12-08
CUST002003,Jessica Anderson,30,Unemployed,0.0,29157.79,Mortgage,Columbus,OH,2015-04-23
CUST002004,Arjun Smith,36,Employed,0.51,,Mortgage,Cleveland,OH,2018-03-09
CUST002005,William Shah,22,Self-Employed,4.79,83006.64,MORTGAGE,Portland,OR,2015-12-05
CUST002006,James Gupta,42,Employed,20.55,31048.43,Mortgage,Arlington,TX,2018-07-01
CUST002007,Sneha Smith,40,Employed,3.76,55041.06,Mortgage,Los Angeles,California,2018-06-03
CUST002008,James Mehta,30,Employed,1.68,48956.65,Mortgage,Miami,FL,2017-11-19
CUST002009,Susan Wilson,47,Unemployed,0.0,69813.75,Mortgage,Fresno,California,2015-08-26
CUST002010,Kiran Rao,51,Employed,22.85,30590.66,Mortgage,Denver,CO,2020-06-17
CUST002011,Vikram Singh,22,Self-Employed,4.15,126901.75,Rent,Nashville,Tennessee,2015-06-26
CUST002012,Jennifer Shah,30,Unemployed,0.0,103724.57,Mortgage,Atlanta,GA,2016-04-12
CUST002013,John Singh,30,Retired,0.0,48150.88,Own,Indianapolis,IN,2021-08-16
CUST002014,Mary Mehta,28,Employed,15.0,52583.03,Rent,Louisville,KY,01/03/2017
CUST002015,Deepa Mehta,49,employed,4.93,55168.46,Own,Nashville,TN,2020-08-14
CUST002016,Linda Lopez,37,Retired,0.0,37534.47,Own,Milwaukee,WI,2018-09-30
CUST002017,Anjali Gupta,36,Employed,0.31,45887.24,Rent,Phoenix,AZ,2021-08-02
CUST002018,Neha Gonzalez,22,Employed,14.02,50911.18,Rent,Houston,TX,07/07/2021
CUST002019,Susan Rao,47,employed,6.19,157585.12,Own,Austin,TX,2018-09-11
CUST002020,James Brown,25,Employed,0.55,105658.87,mortgage,Baltimore,MD,2016-02-03
CUST002021,Anil Lopez,40,Employed,4.89,104903.15,Own,Portland,OR,04/05/2015
CUST002022,Richard Anderson,43,Self-Employed,2.72,74753.8,Rent,Atlanta,GA,05/11/2015
CUST002023,James Davis,56,Self-Employed,7.77,30625.98,Rent,Milwaukee,WI,2019-10-12
CUST002024,Mary Rao,24,Employed,1.6,58402.0,Own,Columbus,OH,2018-02-27
CUST002025,Karen Mehta,22,Unemployed,0.0,107183.02,Own,El Paso,TX,10/10/2020
CUST002026,Neha Miller,42,Employed,0.92,28142.64,Mortgage,Omaha,Nebraska,19/01/2017
CUST002027,Jennifer Gupta,61,Employed,1.46,87722.34,Mortgage,San Jose,CA,2019-10-31
CUST002028,Lisa Nair,54,Retired,0.0,241244.33,Rent,Oklahoma City,OK,2016-12-31
CUST002029,Joseph Davis,42,Employed,0.12,113220.21,Rent,Oklahoma City,OK,2018-01-05
CUST002030,Kiran Lopez,34,Self-Employed,0.24,139862.84,Mortgage,Washington,DC,2016-10-26
CUST002031,Robert Rodriguez,49,Employed,9.03,68254.81,Rent,Louisville,KY,2020-08-22
CUST002032,Kiran Nair,28,Self-Employed,8.14,107018.73,Mortgage,Dallas,TX,2020-02-26
CUST002033,Jessica Smith,45,Employed,0.76,38920.95,Mortgage,Boston,MA,2021-08-31
CUST002034,Richard Shah,46,Employed,5.51,,Rent,Minneapolis,MN,12/08/2020
CUST002035,Vikram Brown,52,Employed,6.85,88666.1,Own,Sacramento,CA,15/04/2021
CUST002036,Karen Patel,73,Employed,0.26,71249.76,Mortgage,San Antonio,TX,2018-01-06
CUST002037,Pooja Sharma,44,Employed,0.46,131874.3,Rent,Oklahoma City,OK,2017-06-13
CUST002038,David Singh,33,Unemployed,0.0,43335.57,Mortgage,Indianapolis,IN,2019-03-24
CUST002039,Richard Mehta,39,Employed,2.34,53517.58,RENT,Milwaukee,WI,02/10/2020
CUST002040,Susan Williams,22,Unemployed,0.0,63403.68,Own,San Diego,CA,2018-11-17
CUST002041,William Reddy,31,Employed,4.08,32280.98,Mortgage,Seattle,WA,2020-07-24
CUST002042,John Jones,35,Employed,0.16,68607.64,Mortgage,Baltimore,MD,2016-01-13
CUST002043,Thomas Patel,33,Retired,0.0,21346.47,Mortgage,Indianapolis,IN,2021-05-09
CUST002044,Joseph Kumar,41,Retired,0.0,112215.09,Rent,San Jose,CA,2017-05-27
CUST002045,Karen Miller,30,Employed,1.87,61573.23,Mortgage,San Antonio,TX,2017-10-31
CUST002046,Mary Nair,53,unemployed,0.0,43803.29,Mortgage,Houston,TX,2016-09-13
CUST002047,Thomas Mehta,40,Employed,7.38,,mortgage,Denver,CO,2017-11-25
CUST002048,Anil Smith,39,Employed,2.12,52013.19,Rent,Memphis,TN,2016-11-20
CUST002049,Ramesh Shah,36,Employed,0.47,90486.49,Mortgage,Arlington,TX,2020-07-16
CUST002050,Patricia Hernandez,41,Retired,0.0,83170.12,Mortgage,Portland,OR,2020-08-18
CUST002051,Ramesh Wilson,49,Retired,0.0,39209.61,Rent,Indianapolis,IN,2020-05-10
CUST002052,Karen Brown,29,Employed,16.66,36039.69,Own,Austin,TX,2020-12-18
CUST002053,Amit Anderson,32,Self-Employed,1.91,88799.76,Rent,Oklahoma City,OK,28/03/2018
CUST002054,Kiran Lopez,36,Unemployed,0.0,38816.15,rent,Cleveland,OH,2021-07-11
CUST002055,Amit Rao,23,Employed,13.88,62065.52,Mortgage,Oklahoma City,OK,2020-01-13
CUST002056,Robert Reddy,30,Self-Employed,2.55,64489.18,Rent,Fort Worth,TX,25/09/2015
CUST002057,Joseph Johnson,34,EMPLOYED,0.49,72203.03,RENT,Austin,TX,2015-10-22
CUST002058,Karen Wilson,50,Employed,3.45,100203.89,Rent,Miami,FL,2019-08-21
CUST002059,Deepa Hernandez,43,Self-Employed,1.06,28063.42,Own,Minneapolis,MN,2016-11-19
CUST002060,James Gonzalez,42,EMPLOYED,2.19,19021.1,rent,Milwaukee,WI,2021-12-14
CUST002061,Richard Hernandez,50,Employed,1.93,,Own,Miami,FL,2021-05-01
CUST002062,Jennifer Patel,38,Employed,21.83,176471.92,Own,Nashville,TN,2019-07-31
CUST002063,Mary Reddy,44,Self-Employed,5.1,201451.61,Rent,Miami,FL,2017-09-27
CUST002064,Joseph Nair,38,Employed,3.38,179639.31,Rent,Los Angeles,CA,2020-12-09
CUST002065,Ramesh Williams,43,Employed,3.61,53327.7,Mortgage,Philadelphia,PA,2019-05-20
CUST002066,Sarah Miller,33,Self-Employed,4.63,20552.36,Mortgage,Louisville,KY,2021-08-15
CUST002067,David Hernandez,22,Employed,10.31,15000.0,Rent,Minneapolis,MN,16/04/2020
CUST002068,Lisa Williams,38,Unemployed,0.0,41422.4,rent,Milwaukee,WI,2020-04-10
CUST002069,Michael Smith,57,employed,4.58,53165.01,Mortgage,Indianapolis,Indiana,2020-09-02
CUST002070,Sneha Wilson,51,Employed,1.94,130662.8,Own,Columbus,OH,2018-04-20
CUST002071,Mary Patel,51,Employed,4.24,100778.8,RENT,Raleigh,NC,2015-12-04
CUST002072,Arjun Rodriguez,54,Employed,3.65,68627.12,Mortgage,Washington,DC,2016-06-27
CUST002073,Sarah Brown,41,Retired,0.0,35104.8,Own,Houston,TX,2016-04-03
CUST002074,Sneha Davis,42,Employed,4.37,33642.06,Mortgage,Houston,TX,2015-12-29
CUST002075,Arjun Johnson,32,Self-Employed,6.18,69736.32,Mortgage,Denver,CO,2015-10-08
CUST002076,Arjun Kumar,36,Employed,1.41,90965.04,Mortgage,Miami,FL,2015-08-08
CUST002077,Sarah Williams,47,Self-Employed,0.57,75745.08,Rent,Omaha,NE,2020-04-28
CUST002078,Deepa Rao,54,Retired,0.0,32184.53,Mortgage,Atlanta,Georgia,2018-06-04
CUST002079,Michael Shah,38,EMPLOYED,5.06,88468.39,Own,Denver,CO,2016-08-28
CUST002080,Deepa Patel,34,Employed,3.16,,Mortgage,Fresno,CA,22/06/2015
CUST002081,Linda Williams,40,Retired,0.0,31495.51,Own,New York,NY,2018-06-14
CUST002082,Patricia Johnson,47,Self-Employed,1.68,37399.31,Mortgage,San Antonio,TX,14/10/2015
CUST002083,Anjali Hernandez,22,Employed,2.27,90499.32,mortgage,Las Vegas,NV,2021-04-21
CUST002084,John Jones,22,Employed,3.75,52015.42,Rent,Dallas,TX,2018-05-17
CUST002085,Patricia Anderson,33,Employed,3.08,155358.15,Rent,San Francisco,CA,2019-01-17
CUST002086,Patricia Martinez,25,Unemployed,0.0,80876.42,Mortgage,Boston,MA,2015-10-17
CUST002087,Ramesh Williams,33,SELF-EMPLOYED,1.87,44713.08,Own,Louisville,KY,27/11/2019
CUST002088,Michael Mehta,38,Retired,0.0,59508.63,mortgage,Boston,MA,2017-06-12
CUST002089,Patricia Singh,34,EMPLOYED,8.13,,mortgage,Chicago,Illinois,2019-01-01
CUST002090,Patricia Martinez,57,Employed,0.2,38675.66,Own,Louisville,KY,19/03/2015
CUST002091,Anjali Gonzalez,43,employed,2.31,34629.01,Rent,Houston,TX,2020-03-17
CUST002092,Michael Gupta,43,Employed,0.46,91202.17,Mortgage,Cleveland,Ohio,2020-03-23
CUST002093,Sunita Davis,47,Employed,6.67,99425.51,Rent,Sacramento,CA,2020-07-02
CUST002094,James Anderson,26,Employed,2.27,,mortgage,Fort Worth,Texas,2020-12-08
CUST002095,Anjali Anderson,52,Unemployed,0.0,148626.37,Rent,Boston,MA,2019-03-23
CUST002096,Ramesh Gupta,39,Employed,0.39,43257.94,Mortgage,Sacramento,CA,2018-05-04
CUST002097,Michael Hernandez,48,Employed,1.11,163499.05,Mortgage,Denver,CO,2015-11-21
CUST002098,Mary Anderson,27,Retired,0.0,34872.27,Rent,Phoenix,Arizona,2018-09-21
CUST002099,Amit Hernandez,22,Retired,0.0,32610.47,rent,Memphis,TN,2015-07-13
CUST002100,Richard Brown,49,Employed,28.44,20827.4,Mortgage,Minneapolis,MN,2016-08-06
CUST002101,Michael Smith,44,retired,0.0,45822.15,Rent,Baltimore,MD,2021-11-05
CUST002102,John Patel,29,Employed,0.31,44256.9,Own,Sacramento,CA,2015-05-23
CUST002103,Richard Patel,29,Employed,1.66,82089.25,Mortgage,Seattle,WA,2015-10-18
CUST002104,William Shah,53,Unemployed,0.0,69309.31,Own,Arlington,TX,2021-01-02
CUST002105,Pooja Rodriguez,25,Self-Employed,6.2,29267.0,Rent,Arlington,TX,2021-08-09
CUST002106,Neha Wilson,59,Unemployed,0.0,47304.67,Own,San Diego,CA,22/04/2018
CUST002107,Sneha Reddy,29,Unemployed,0.0,47912.07,Rent,Dallas,TX,2018-07-09
CUST002108,Deepa Garcia,47,Employed,1.99,20628.12,Mortgage,San Antonio,TX,2018-03-30
CUST002109,Sarah Jones,36,employed,2.16,33237.43,Own,Louisville,KY,2017-02-11
CUST002110,Robert Johnson,47,Employed,9.72,,Mortgage,Boston,MA,2019-12-26
CUST002111,William Martinez,33,Employed,4.31,141516.98,mortgage,El Paso,TX,24/10/2016
CUST002112,Ramesh Kumar,38,Employed,18.24,67162.51,Mortgage,Sacramento,CA,2017-09-12
CUST002113,Neha Martinez,40,Employed,4.93,89080.99,Mortgage,Boston,MA,20/02/2015
CUST002114,Barbara Jones,27,Unemployed,0.0,24362.95,Mortgage,San Jose,CA,2015-06-24
CUST002115,Sneha Martinez,48,Unemployed,0.0,122581.17,Rent,Fort Worth,TX,2015-03-25
CUST002116,Arjun Martinez,33,Self-Employed,15.15,130700.17,Mortgage,Omaha,NE,06/01/2020
CUST002117,Rahul Smith,37,Employed,4.95,18051.66,Mortgage,Minneapolis,MN,2021-03-22
CUST002118,Amit Patel,28,Self-Employed,3.67,39214.82,Rent,Louisville,Kentucky,03/10/2021
CUST002119,Barbara Johnson,22,Self-Employed,2.45,80616.56,OWN,Minneapolis,MN,2016-08-27
CUST002120,Sarah Kumar,37,RETIRED,0.0,,Mortgage,Chicago,IL,2017-07-22
CUST002121,Patricia Wilson,68,Employed,0.72,39851.02,Mortgage,Chicago,IL,2021-01-13
CUST002122,Neha Miller,49,Employed,0.06,49846.34,Mortgage,Chicago,IL,2020-12-09
CUST002123,Richard Shah,39,Retired,0.0,41838.46,Own,Dallas,TX,2016-09-21
CUST002124,Richard Williams,36,Retired,0.0,63975.2,Own,El Paso,TX,2017-01-22
CUST002125,Arjun Miller,40,Employed,7.98,122799.36,Mortgage,Atlanta,GA,2018-12-18
CUST002126,Sneha Nair,46,Employed,6.55,37698.47,Own,Tucson,AZ,2015-05-21
CUST002127,Anil Gupta,25,Unemployed,0.0,109151.52,Mortgage,Milwaukee,WI,2016-07-02
CUST002128,Arjun Patel,53,Employed,0.46,37458.79,Own,San Jose,CA,2018-05-27
CUST002129,Arjun Gupta,48,Self-Employed,0.38,36005.38,Mortgage,Omaha,NE,2018-06-23
CUST002130,Lisa Wilson,48,Employed,12.41,97846.65,Own,Minneapolis,MN,18/02/2017
CUST002131,Arjun Garcia,45,Employed,0.0,104105.68,Rent,Dallas,TX,2016-05-11
CUST002132,Michael Anderson,40,Employed,6.0,99792.27,rent,Oklahoma City,OK,2019-09-14
CUST002133,Robert Sharma,48,Employed,4.95,27187.74,Rent,Arlington,TX,13/05/2015
CUST002134,Joseph Smith,47,Employed,3.48,45271.34,Rent,Oklahoma City,OK,2021-09-28
CUST002135,Joseph Nair,35,Employed,18.43,98104.96,mortgage,Austin,TX,2021-10-18
CUST002136,Joseph Anderson,33,Employed,1.1,61385.27,Mortgage,Louisville,KY,2021-06-10
CUST002137,Jessica Davis,41,Employed,7.69,31438.37,own,Arlington,Texas,2017-08-14
CUST002138,Sneha Reddy,115,Employed,5.62,78825.42,Mortgage,Nashville,TN,2021-01-20
CUST002139,Arjun Reddy,25,Employed,18.33,38992.15,Mortgage,Raleigh,North Carolina,2017-09-25
CUST002140,Anjali Miller,22,Retired,0.0,175731.92,Own,El Paso,TX,2018-06-20
CUST002141,Vikram Garcia,41,Employed,0.69,151282.6,Rent,Minneapolis,MN,2020-06-17
CUST002142,James Lopez,40,Employed,1.84,86030.61,Rent,Minneapolis,MN,2019-01-30
CUST002143,James Williams,42,Employed,9.51,135483.35,Own,Fresno,CA,2016-11-09
CUST002144,Neha Smith,42,Unemployed,0.0,62247.57,Mortgage,Miami,FL,2020-03-29
CUST002145,Linda Jones,37,Employed,2.38,94775.15,Mortgage,Cleveland,OH,2016-01-29
CUST002146,Charles Anderson,57,Employed,4.92,145311.09,Rent,Nashville,TN,2021-12-01
CUST002147,Richard Shah,22,Employed,4.14,69376.2,Mortgage,Atlanta,Georgia,2018-06-10
CUST002148,Rahul Johnson,30,Self-Employed,5.12,51374.01,Own,Los Angeles,CA,2017-12-17
CUST002149,Mary Miller,38,Self-Employed,6.25,21530.52,Rent,Boston,MA,2017-06-18
CUST002150,Richard Martinez,22,Employed,6.52,56960.87,Mortgage,El Paso,TX,2018-08-06
CUST002151,Susan Davis,37,Employed,6.69,98130.54,Mortgage,San Diego,CA,2018-12-06
CUST002152,Thomas Reddy,59,Employed,23.94,105596.45,Mortgage,Portland,OR,2021-05-21
CUST002153,Susan Hernandez,40,Employed,2.2,81033.59,Rent,Raleigh,NC,2017-07-26
CUST002154,Sarah Garcia,42,Self-Employed,0.23,43270.25,Rent,Nashville,TN,2017-08-11
CUST002155,Richard Smith,24,employed,2.15,18286.29,Mortgage,Los Angeles,CA,2021-03-09
CUST002156,Susan Rodriguez,32,Employed,12.13,44483.38,Own,Omaha,NE,2018-03-22
CUST002157,Michael Smith,35,employed,0.44,49880.88,Mortgage,Atlanta,GA,2016-02-14
CUST002158,William Gonzalez,36,Self-Employed,5.21,49624.63,Rent,San Francisco,CA,2019-08-20
CUST002159,Linda Hernandez,55,SELF-EMPLOYED,2.75,86780.2,Own,Raleigh,NC,2020-04-13
CUST002160,Jessica Martinez,46,Retired,0.0,197088.05,Mortgage,Cleveland,OH,2017-07-10
CUST002161,Anil Davis,26,Employed,13.2,64480.46,Own,Charlotte,NC,2016-06-05
CUST002162,Rahul Lopez,42,Employed,7.69,52573.16,Mortgage,Houston,TX,2021-03-05
CUST002163,David Kumar,45,Employed,0.52,51249.8,Own,Raleigh,North Carolina,2019-12-02
CUST002164,Ramesh Nair,53,employed,0.13,64513.57,Own,Atlanta,GA,28/02/2017
CUST002165,John Brown,58,Employed,0.73,36425.48,Mortgage,Austin,TX,2020-09-11
CUST002166,Barbara Jones,27,Employed,1.94,64351.73,Rent,Tucson,AZ,2021-03-01
CUST002167,Richard Miller,30,Employed,1.38,78471.23,Mortgage,Arlington,Texas,2015-01-10
CUST002168,Anjali Nair,24,Retired,0.0,67901.38,Mortgage,Memphis,TN,2016-02-26
CUST002169,Rahul Hernandez,37,Self-Employed,0.77,78788.72,Rent,San Jose,CA,2017-12-21
CUST002170,Ramesh Shah,45,Employed,6.98,77671.88,Mortgage,Indianapolis,IN,2021-05-21
CUST002171,Sarah Johnson,51,Employed,9.33,20678.75,Own,Chicago,IL,2020-10-26
CUST002172,Richard Singh,39,Employed,3.35,87739.03,Own,Cleveland,OH,2019-06-04
CUST002173,Charles Jones,36,Employed,15.68,40030.27,RENT,San Diego,CA,2018-04-10
CUST002174,Priya Davis,41,Employed,0.64,31023.38,Rent,Fort Worth,TX,2018-04-14
CUST002175,Patricia Shah,29,EMPLOYED,0.56,30863.48,Own,Los Angeles,CA,26/09/2019
CUST002176,Karen Jones,65,Retired,0.0,77662.28,rent,Baltimore,MD,2021-08-15
CUST002177,Pooja Patel,22,Employed,20.06,52389.16,Rent,Oklahoma City,Oklahoma,2021-08-17
CUST002178,Kiran Miller,42,Employed,2.69,21825.16,Own,Portland,OR,18/01/2018
CUST002179,Jennifer Sharma,64,Unemployed,0.0,79763.61,Mortgage,San Jose,CA,2017-12-31
CUST002180,John Garcia,40,Employed,1.13,25241.26,MORTGAGE,Portland,OR,2015-09-11
CUST002181,Pooja Gonzalez,37,Employed,9.36,65113.87,Mortgage,Columbus,OH,05/05/2020
CUST002182,Pooja Lopez,35,Employed,1.86,69085.45,Mortgage,Portland,OR,2021-04-03
CUST002183,Kiran Kumar,37,Self-Employed,6.63,101859.15,rent,Minneapolis,MN,2021-04-24
CUST002184,Anil Garcia,56,Employed,18.34,174383.27,Mortgage,Arlington,Texas,2016-01-24
CUST002185,Priya Nair,22,Employed,13.52,26401.98,Mortgage,Atlanta,GA,2021-11-01
CUST002186,Rahul Kumar,58,retired,0.0,58018.41,Mortgage,Houston,TX,2019-06-20
CUST002187,Sneha Nair,22,Employed,0.26,50726.25,Own,Dallas,TX,2017-09-27
CUST002188,Kiran Sharma,36,SELF-EMPLOYED,4.68,77671.98,Rent,Tucson,AZ,2016-08-01
CUST002189,Karen Patel,34,Unemployed,0.0,68145.56,Own,Columbus,OH,28/07/2017
CUST002190,Vikram Shah,47,Employed,2.55,48458.95,Mortgage,Sacramento,CA,15/07/2019
CUST002191,Robert Miller,22,Unemployed,0.0,45956.87,Own,Oklahoma City,OK,2020-01-12
CUST002192,Joseph Miller,45,Self-Employed,0.74,,Mortgage,Atlanta,GA,02/04/2019
CUST002193,Deepa Davis,64,Retired,0.0,108306.12,Mortgage,Tucson,AZ,2018-06-13
CUST002194,Vikram Miller,23,Employed,5.16,78867.34,Rent,Memphis,TN,2015-03-28
CUST002195,Lisa Wilson,42,Retired,0.0,103845.65,Mortgage,Oklahoma City,OK,2019-09-09
CUST002196,Anjali Patel,32,Employed,1.23,49700.1,MORTGAGE,Jacksonville,FL,2018-03-25
CUST002197,David Lopez,45,SELF-EMPLOYED,1.66,40372.28,Mortgage,Milwaukee,WI,26/12/2020
CUST002198,Thomas Singh,40,Employed,4.82,31351.3,Rent,Fresno,CA,2017-05-29
CUST002199,Jennifer Jones,32,Employed,6.46,74261.69,Mortgage,El Paso,TX,2018-03-26
CUST002200,Jennifer Martinez,45,Employed,1.16,32084.36,Rent,Fresno,CA,2020-09-01
CUST002201,Deepa Kumar,61,Employed,15.53,181533.93,Own,Washington,DC,2015-04-26
CUST002202,Neha Davis,37,Employed,0.04,27321.1,MORTGAGE,San Francisco,CA,19/02/2021
CUST002203,Robert Anderson,48,Employed,6.02,70558.4,Own,Arlington,TX,2016-03-14
CUST002204,Pooja Gupta,24,Employed,1.72,153293.98,Rent,Atlanta,GA,2015-09-10
CUST002205,Arjun Wilson,28,Employed,3.26,85772.51,Own,Fort Worth,TX,2016-09-18
CUST002206,Deepa Anderson,45,Employed,4.22,66529.73,Mortgage,Indianapolis,IN,2017-10-22
CUST002207,Ramesh Wilson,57,Employed,4.12,33486.91,Mortgage,Seattle,WA,17/06/2018
CUST002208,Rahul Sharma,44,Unemployed,0.0,26132.59,Rent,Sacramento,CA,2015-03-26
CUST002209,Priya Rodriguez,36,Self-Employed,8.68,,Own,Nashville,TN,04/02/2021
CUST002210,Anjali Smith,39,employed,0.38,147810.8,Rent,Charlotte,North Carolina,2017-09-07
CUST002211,Susan Anderson,24,Employed,6.07,46013.5,Rent,Nashville,TN,2016-03-28
CUST002212,Joseph Rodriguez,47,Self-Employed,2.55,30229.18,Own,Denver,CO,21/02/2018
CUST002213,John Lopez,50,Employed,8.53,15000.0,Rent,Columbus,OH,2021-01-17
CUST002214,Jennifer Martinez,34,Employed,4.69,33241.06,own,Miami,FL,2016-04-01
CUST002215,Pooja Kumar,34,Employed,0.05,55927.19,Rent,Oklahoma City,OK,2015-12-18
CUST002216,Jennifer Rodriguez,43,Retired,0.0,156290.85,Rent,Atlanta,GA,2016-10-13
CUST002217,Joseph Brown,34,Employed,13.0,89668.98,Rent,Washington,District of Columbia,2019-07-28
CUST002218,Linda Williams,39,Self-Employed,0.43,71901.42,Mortgage,Sacramento,CA,2015-06-20
CUST002219,Rahul Johnson,65,Employed,3.41,47095.29,Rent,Seattle,WA,12/03/2017
CUST002220,Richard Hernandez,37,Self-Employed,4.92,42196.84,Own,Denver,CO,13/09/2021
CUST002221,Richard Mehta,35,Employed,1.09,139161.24,Mortgage,San Diego,CA,2021-05-04
CUST002222,Arjun Rodriguez,32,Employed,5.26,67537.83,Mortgage,Cleveland,OH,24/02/2021
CUST002223,Lisa Reddy,48,employed,0.26,16957.06,Mortgage,Fresno,CA,2015-08-30
CUST002224,Karen Miller,37,Retired,0.0,39969.67,Rent,Memphis,TN,2015-03-24
CUST002225,William Rao,32,Employed,7.19,35777.35,Own,Louisville,Kentucky,2016-11-15
CUST002226,Thomas Smith,55,Employed,14.15,43141.54,Rent,Washington,DC,2017-03-21
CUST002227,Lisa Martinez,57,Self-Employed,2.71,83930.67,mortgage,San Jose,CA,2020-05-31
CUST002228,Neha Gonzalez,32,Employed,0.17,56136.03,Rent,Denver,CO,2015-06-12
CUST002229,Vikram Patel,22,Employed,2.09,57175.5,Rent,Chicago,IL,2021-09-27
CUST002230,James Sharma,52,Employed,3.63,131673.93,Rent,Denver,CO,19/02/2016
CUST002231,Pooja Rao,9,Employed,13.73,39423.74,Own,Philadelphia,PA,2016-01-22
CUST002232,Barbara Gonzalez,49,Employed,10.73,183234.08,Mortgage,Washington,DC,2019-07-01
CUST002233,Joseph Davis,22,Unemployed,0.0,40023.24,Mortgage,Baltimore,MD,2019-02-25
CUST002234,Jessica Sharma,50,Employed,6.54,63165.84,Own,San Francisco,CA,09/10/2015
CUST002235,Joseph Kumar,25,Unemployed,0.0,50578.3,Mortgage,Atlanta,GA,07/04/2015
CUST002236,Anil Reddy,48,Employed,9.51,64476.2,Mortgage,Columbus,OH,2020-08-18
CUST002237,Anil Hernandez,40,Employed,5.38,78178.91,Own,Fort Worth,TX,11/08/2017
CUST002238,Jennifer Hernandez,28,EMPLOYED,3.88,77675.96,Mortgage,Fresno,CA,2016-09-10
CUST002239,Richard Wilson,35,Self-Employed,3.23,38106.1,Mortgage,Seattle,WA,2015-12-03
CUST002240,Sunita Miller,48,Employed,7.07,30523.47,Own,Sacramento,CA,02/03/2016
CUST002241,Deepa Anderson,41,self-employed,8.27,268848.44,Mortgage,Seattle,WA,2018-10-11
CUST002242,Mary Lopez,47,Self-Employed,1.23,44784.14,Mortgage,Dallas,TX,2019-09-17
CUST002243,William Patel,63,Employed,3.21,91083.09,Rent,San Antonio,TX,2019-03-13
CUST002244,William Martinez,22,Employed,7.37,22820.52,Mortgage,Arlington,TX,2019-04-04
CUST002245,James Sharma,59,Employed,5.63,50626.6,Mortgage,Raleigh,NC,21/05/2021
CUST002246,Neha Hernandez,41,Self-Employed,4.48,55474.59,Mortgage,Indianapolis,IN,2021-01-16
CUST002247,Joseph Wilson,29,Employed,1.96,79514.05,Rent,Indianapolis,IN,2020-06-25
CUST002248,Ramesh Mehta,24,Self-Employed,4.7,15000.0,Mortgage,Houston,TX,2017-03-27
CUST002249,Vikram Rao,37,Employed,4.74,,Mortgage,Tucson,AZ,2015-04-07
CUST002250,Lisa Hernandez,51,Self-Employed,2.83,30036.1,Mortgage,Charlotte,NC,2020-12-18
CUST002251,Mary Patel,38,EMPLOYED,16.13,72737.14,OWN,Charlotte,NC,2018-03-13
CUST002252,Robert Jones,58,Employed,5.29,32151.12,Own,Houston,TX,2016-09-27
CUST002253,Barbara Hernandez,22,Retired,0.0,35836.08,Rent,San Antonio,TX,2021-12-19
CUST002254,Vikram Gonzalez,39,Self-Employed,0.69,50808.73,rent,Portland,OR,2017-08-26
CUST002255,Jessica Gonzalez,24,Employed,7.07,31843.94,Mortgage,El Paso,TX,01/03/2019
CUST002256,John Singh,44,Self-Employed,4.6,,Mortgage,Atlanta,GA,2020-02-19
CUST002257,Anjali Miller,50,Self-Employed,1.84,29259.94,Mortgage,San Antonio,TX,2018-06-20
CUST002258,Sneha Brown,34,Employed,0.73,19932.32,Rent,Dallas,TX,2019-01-09
CUST002259,Arjun Patel,22,Employed,2.39,110279.6,Rent,New York,NY,2017-11-29
CUST002260,Deepa Shah,42,Employed,2.91,,Rent,Sacramento,CA,2019-12-14
CUST002261,Lisa Williams,45,Retired,0.0,53787.24,Own,Austin,TX,2018-11-18
CUST002262,David Brown,44,Employed,5.55,94064.37,Rent,Portland,OR,2018-08-26
CUST002263,Susan Johnson,54,Employed,1.83,41399.89,Rent,Atlanta,Georgia,2017-01-17
CUST002264,Kiran Smith,27,Employed,8.2,36493.9,Rent,Atlanta,GA,2020-08-27
CUST002265,Susan Miller,48,Employed,5.23,68579.08,MORTGAGE,Fort Worth,TX,2017-09-06
CUST002266,John Gonzalez,54,Employed,1.86,117097.28,Mortgage,Denver,CO,18/02/2021
CUST002267,Charles Miller,22,Employed,2.23,29685.41,Rent,Oklahoma City,OK,13/01/2021
CUST002268,Joseph Martinez,43,Employed,14.25,54715.99,Mortgage,Denver,Colorado,01/09/2019
CUST002269,Amit Williams,33,Retired,0.0,21173.45,Own,Houston,TX,2017-07-08
CUST002270,Anil Johnson,39,Retired,0.0,47291.19,Mortgage,Philadelphia,PA,2019-11-09
CUST002271,Rahul Kumar,44,Employed,5.68,61115.62,RENT,Cleveland,OH,2019-08-06
CUST002272,James Garcia,34,Employed,19.55,35854.53,Rent,Charlotte,NC,18/03/2016
CUST002273,Priya Wilson,31,Unemployed,0.0,45515.35,Own,Fresno,CA,2017-03-07
CUST002274,Vikram Garcia,40,Employed,0.37,,Rent,Chicago,IL,2018-07-15
CUST002275,Linda Jones,26,Self-Employed,4.03,62708.18,Own,Jacksonville,FL,2021-03-15
CUST002276,Sunita Sharma,26,Unemployed,0.0,112805.07,Rent,Portland,OR,2021-07-28
CUST002277,John Gonzalez,48,Self-Employed,1.03,30999.11,Own,Jacksonville,FL,2015-04-25
CUST002278,Jessica Jones,26,Employed,8.63,41208.38,Mortgage,Chicago,IL,2020-11-26
CUST002279,Jessica Martinez,47,Retired,0.0,80945.21,Own,Louisville,KY,2019-03-23
CUST002280,Ramesh Nair,45,Unemployed,0.0,123903.02,Mortgage,Miami,FL,2015-09-28
CUST002281,Sneha Garcia,22,Self-Employed,1.6,24442.68,Mortgage,Jacksonville,FL,2018-09-14
CUST002282,Lisa Patel,31,Employed,1.78,54107.56,Rent,Denver,CO,2016-06-20
CUST002283,Richard Kumar,54,Self-Employed,0.44,70960.49,Mortgage,Chicago,IL,2017-06-07
CUST002284,Anil Rodriguez,28,Employed,13.41,56317.81,Mortgage,New York,NY,2015-04-02
CUST002285,Richard Smith,34,Employed,2.41,,Mortgage,Nashville,TN,2019-04-25
CUST002286,Barbara Anderson,45,Employed,0.89,80874.51,Own,Cleveland,OH,2017-07-21
CUST002287,John Gonzalez,49,Retired,0.0,148985.13,Own,Omaha,NE,2017-12-19
CUST002288,Sarah Kumar,36,Unemployed,0.0,64215.32,Mortgage,San Antonio,TX,2017-04-30
CUST002289,Arjun Patel,32,Self-Employed,5.0,32252.03,mortgage,El Paso,TX,2019-10-06
CUST002290,Kiran Anderson,57,Employed,7.52,44007.87,Own,Denver,CO,2020-05-05
CUST002291,Anil Patel,60,Employed,12.93,173155.94,Mortgage,Milwaukee,WI,2019-09-26
CUST002292,Robert Reddy,51,Unemployed,0.0,103360.43,OWN,Fresno,CA,2015-09-03
CUST002293,Jennifer Martinez,9,EMPLOYED,2.73,87905.35,Mortgage,Tucson,AZ,2015-05-18
CUST002294,Anil Lopez,30,unemployed,0.0,74150.16,Rent,Miami,FL,2017-01-13
CUST002295,Lisa Gonzalez,30,EMPLOYED,4.27,40268.22,Mortgage,Dallas,TX,2018-07-27
CUST002296,Susan Wilson,46,Self-Employed,3.86,53085.4,Rent,Minneapolis,MN,2016-11-07
CUST002297,Sarah Garcia,45,unemployed,0.0,57139.24,Rent,Milwaukee,WI,21/05/2019
CUST002298,Ramesh Anderson,56,EMPLOYED,3.5,83261.75,Mortgage,Seattle,WA,12/10/2020
CUST002299,Anjali Mehta,47,Employed,0.3,148056.81,Mortgage,Fort Worth,TX,2021-02-08
CUST002300,Susan Nair,22,Employed,3.47,117125.69,MORTGAGE,San Diego,CA,2015-04-19
CUST002301,Michael Gonzalez,52,Retired,0.0,25549.41,Mortgage,El Paso,TX,2017-08-24
CUST002302,Robert Davis,28,self-employed,1.0,68486.85,Rent,Austin,TX,2018-02-08
CUST002303,David Rodriguez,35,Self-Employed,2.45,93158.54,Rent,Milwaukee,WI,2020-08-23
CUST002304,Charles Mehta,43,Employed,4.01,86796.03,Rent,San Francisco,California,2019-04-04
CUST002305,John Nair,63,Self-Employed,1.02,41046.45,Mortgage,Jacksonville,FL,22/12/2016
CUST002306,Jessica Sharma,75,Self-Employed,1.62,344023.6,Mortgage,New York,New York,2019-05-10
CUST002307,Sunita Rao,47,Employed,2.34,27826.64,Rent,El Paso,TX,2020-03-11
CUST002308,Linda Lopez,37,Retired,0.0,,Mortgage,Denver,CO,20/12/2015
CUST002309,John Rao,46,Employed,33.48,68882.47,Mortgage,Cleveland,OH,05/04/2021
CUST002310,Michael Kumar,50,Employed,8.17,213220.44,Rent,Fort Worth,TX,2019-11-20
CUST002311,Priya Wilson,36,Employed,8.33,,Rent,Jacksonville,FL,2020-10-24
CUST002312,Deepa Garcia,61,Employed,4.21,51047.05,Own,Arlington,TX,2021-07-13
CUST002313,Thomas Miller,42,Self-Employed,16.26,114276.5,Mortgage,Louisville,KY,2019-02-16
CUST002314,Pooja Johnson,45,Employed,6.59,59235.88,Rent,Las Vegas,NV,2021-12-20
CUST002315,Anil Smith,47,Unemployed,0.0,48983.45,Mortgage,Minneapolis,MN,2021-02-10
CUST002316,John Shah,45,Employed,4.71,84067.87,RENT,Oklahoma City,Oklahoma,2021-04-22
CUST002317,Anil Gonzalez,50,Employed,3.92,70510.07,Mortgage,Philadelphia,PA,2021-03-01
CUST002318,Arjun Reddy,32,Self-Employed,4.34,111108.59,MORTGAGE,Louisville,KY,2018-08-07
CUST002319,Vikram Miller,33,Self-Employed,8.51,129946.92,Own,San Antonio,TX,2019-04-28
CUST002320,Vikram Johnson,26,Employed,3.56,71984.19,Mortgage,Jacksonville,FL,2015-04-03
CUST002321,James Rodriguez,45,Retired,0.0,71327.67,Own,Dallas,TX,2016-01-10
CUST002322,Linda Nair,49,Self-Employed,1.44,68081.89,Rent,Atlanta,GA,27/10/2020
CUST002323,William Hernandez,45,Employed,13.45,80296.26,Rent,Oklahoma City,OK,11/06/2015
CUST002324,Anil Sharma,60,Employed,0.45,61889.29,Mortgage,Indianapolis,IN,2020-07-08
CUST002325,Anil Williams,39,Employed,25.24,59852.29,Own,New York,NY,2015-05-04
CUST002326,Jennifer Singh,48,Unemployed,0.0,122758.74,Own,San Francisco,CA,2018-08-22
CUST002327,Sarah Nair,26,Employed,3.17,148697.56,Mortgage,Memphis,TN,21/08/2018
CUST002328,Deepa Jones,35,Employed,1.86,24232.94,Own,Indianapolis,IN,2021-04-11
CUST002329,Sneha Rodriguez,48,Employed,2.6,60235.23,mortgage,Baltimore,MD,24/01/2020
CUST002330,David Garcia,50,Employed,7.63,39607.88,Mortgage,Seattle,WA,2015-09-06
CUST002331,Mary Gupta,36,Self-Employed,0.75,49682.95,Mortgage,El Paso,TX,2020-06-09
CUST002332,Michael Garcia,39,Self-Employed,1.46,76229.95,Rent,Nashville,TN,2021-12-05
CUST002333,Charles Brown,22,Employed,0.66,89470.39,Rent,Raleigh,NC,2018-07-23
CUST002334,Vikram Garcia,35,Employed,2.78,55978.57,Own,Cleveland,OH,2020-01-20
CUST002335,John Mehta,50,Employed,2.45,18996.23,Rent,New York,NY,2020-06-16
CUST002336,James Mehta,46,Self-Employed,5.23,33556.06,Own,San Francisco,CA,2015-09-24
CUST002337,Karen Jones,46,Unemployed,0.0,102528.88,Own,Boston,MA,2021-05-10
CUST002338,Deepa Lopez,40,Employed,11.14,15000.0,Mortgage,Indianapolis,IN,2017-10-29
CUST002339,Susan Miller,40,Employed,10.62,122082.98,Mortgage,Houston,TX,2019-11-23
CUST002340,Robert Mehta,32,Employed,5.19,81857.73,Own,San Diego,CA,2020-05-30
CUST002341,Jessica Anderson,48,Retired,0.0,131887.64,Mortgage,Milwaukee,WI,2019-07-09
CUST002342,Patricia Shah,45,Employed,2.42,53149.21,Rent,Nashville,TN,2018-12-02
CUST002343,Amit Shah,45,Employed,1.44,17381.41,Own,Austin,Texas,06/01/2018
CUST002344,Michael Gonzalez,33,EMPLOYED,0.73,77514.29,Rent,Louisville,KY,2018-09-17
CUST002345,Lisa Anderson,22,Employed,2.86,128642.42,Rent,Minneapolis,MN,2018-06-15
CUST002346,Patricia Gupta,53,Self-Employed,11.39,104279.81,Own,Nashville,TN,2015-12-12
CUST002347,James Johnson,34,Employed,6.81,40230.68,Mortgage,San Diego,CA,2020-07-01
CUST002348,Anjali Rao,29,Employed,20.94,63073.54,Own,Denver,CO,2021-01-17
CUST002349,Richard Davis,48,Self-Employed,1.08,43490.52,Own,Boston,MA,16/01/2019
CUST002350,Rahul Davis,35,Employed,3.47,36623.31,OWN,Arlington,TX,2020-05-14
CUST002351,Richard Williams,52,Employed,7.88,106216.33,Own,Charlotte,NC,2018-01-16
CUST002352,Mary Wilson,9,Employed,3.09,29187.06,Own,Charlotte,NC,2020-10-27
CUST002353,Mary Smith,48,Self-Employed,2.19,35021.24,Own,Dallas,TX,2019-03-10
CUST002354,Arjun Miller,23,Employed,8.46,,Mortgage,Atlanta,GA,2016-04-15
CUST002355,John Davis,54,Retired,0.0,24485.87,Mortgage,San Jose,CA,2021-03-08
CUST002356,Michael Mehta,43,employed,12.21,65371.95,Rent,Milwaukee,WI,2016-10-20
CUST002357,David Reddy,35,Employed,1.56,120198.74,Own,Omaha,NE,2021-04-25
CUST002358,David Johnson,41,Unemployed,0.0,53587.65,Mortgage,Boston,MA,2016-09-02
CUST002359,Sunita Kumar,22,Unemployed,0.0,24259.2,Rent,Portland,OR,2015-01-07
CUST002360,Michael Hernandez,44,Employed,1.71,99108.13,Own,Sacramento,CA,2017-08-18
CUST002361,Priya Singh,27,Retired,0.0,,Mortgage,Atlanta,GA,2017-07-09
CUST002362,Richard Gupta,23,Employed,3.63,40629.7,Mortgage,Fresno,CA,2020-03-03
CUST002363,Jessica Singh,22,Self-Employed,2.71,44930.29,Rent,Columbus,OH,08/03/2018
CUST002364,Vikram Wilson,53,Employed,9.91,81584.65,Rent,Indianapolis,IN,2016-11-04
CUST002365,Linda Davis,32,Employed,7.94,158438.89,Mortgage,Omaha,NE,2019-12-01
CUST002366,Jessica Brown,58,Employed,1.85,43831.13,Rent,Philadelphia,PA,22/04/2021
CUST002367,Neha Hernandez,33,Employed,3.58,26917.45,Mortgage,Tucson,AZ,2020-10-24
CUST002368,Susan Smith,22,Employed,2.82,87452.51,Mortgage,Baltimore,MD,2015-03-15
CUST002369,Vikram Shah,26,Employed,0.29,96706.98,Rent,Tucson,AZ,2017-07-13
CUST002370,Priya Smith,54,Retired,0.0,60094.82,rent,Boston,MA,2016-02-14
CUST002371,Anjali Miller,38,Employed,1.0,42835.4,Own,Phoenix,AZ,2021-08-25
CUST002372,Anil Davis,33,Employed,13.6,108730.46,Rent,Cleveland,OH,2021-07-28
CUST002373,John Mehta,41,Self-Employed,2.54,82192.69,Mortgage,San Diego,California,2019-01-15
CUST002374,Karen Shah,46,Employed,4.87,,Mortgage,Houston,TX,2017-05-26
CUST002375,Rahul Johnson,53,Employed,8.53,61664.08,Mortgage,Sacramento,CA,2018-03-14
CUST002376,John Miller,57,Employed,0.99,26608.22,Rent,Minneapolis,MN,2021-01-05
CUST002377,Sunita Martinez,35,Employed,3.9,90357.95,Rent,Fort Worth,TX,2015-03-16
CUST002378,Kiran Brown,24,Retired,0.0,51157.27,MORTGAGE,Cleveland,OH,2019-07-11
CUST002379,David Rodriguez,35,Employed,3.56,46100.24,rent,Fresno,CA,2019-05-25
CUST002380,Michael Gupta,43,Employed,4.33,58704.71,Mortgage,San Jose,CA,2019-02-17
CUST002381,Priya Shah,28,Employed,0.93,61339.83,Own,Austin,TX,2016-12-10
CUST002382,Anjali Mehta,28,Employed,4.35,102432.37,Mortgage,Oklahoma City,OK,2017-03-08
CUST002383,William Hernandez,44,Employed,3.03,85361.83,Mortgage,Tucson,AZ,2018-08-07
CUST002384,Susan Shah,39,Self-Employed,3.69,54510.82,MORTGAGE,Baltimore,MD,2021-09-27
CUST002385,Priya Mehta,40,Self-Employed,11.77,94674.59,MORTGAGE,San Diego,CA,2019-01-05
CUST002386,Sneha Williams,30,Unemployed,0.0,76148.63,MORTGAGE,Columbus,OH,2020-05-08
CUST002387,Arjun Smith,37,Employed,3.23,46352.95,Mortgage,Raleigh,NC,2017-11-21
CUST002388,Deepa Gonzalez,28,employed,3.18,55557.24,Rent,Miami,FL,2019-11-07
CUST002389,Pooja Shah,50,Retired,0.0,54779.22,Rent,Philadelphia,PA,2018-01-16
CUST002390,Joseph Kumar,52,Employed,2.29,81077.18,Rent,Minneapolis,MN,2018-02-22
CUST002391,James Davis,22,Retired,0.0,48039.86,Rent,Baltimore,MD,2018-07-25
CUST002392,Mary Gupta,28,Unemployed,0.0,47370.48,OWN,Houston,TX,2016-06-30
CUST002393,Linda Martinez,22,Retired,0.0,195097.44,Rent,Milwaukee,WI,2020-07-26
CUST002394,Sarah Reddy,32,Employed,4.44,105223.43,Mortgage,Dallas,TX,2019-11-26
CUST002395,Ramesh Rao,38,EMPLOYED,1.5,37935.39,Rent,Minneapolis,MN,2020-09-08
CUST002396,Sarah Gupta,22,Self-Employed,0.47,84336.04,Rent,Portland,OR,2017-08-18
CUST002397,Jennifer Johnson,28,self-employed,1.15,64280.4,Own,Milwaukee,WI,2021-06-27
CUST002398,William Lopez,27,Employed,12.25,75730.08,RENT,Cleveland,OH,2018-04-15
CUST002399,Kiran Martinez,42,Self-Employed,0.05,65017.05,Rent,Houston,Texas,2020-11-14
CUST002400,Richard Jones,40,Employed,0.72,122245.38,Rent,Sacramento,CA,2018-05-11
CUST002401,Anjali Miller,31,Employed,7.09,73671.57,Own,Milwaukee,WI,08/03/2018
CUST002402,Robert Davis,42,Unemployed,0.0,57684.67,Rent,Nashville,TN,2020-07-09
CUST002403,Deepa Reddy,33,Employed,5.83,111894.79,RENT,Los Angeles,CA,05/06/2021
CUST002404,Arjun Jones,36,Employed,12.78,68869.66,Mortgage,Louisville,KY,2017-02-28
CUST002405,Karen Hernandez,60,Employed,9.66,64401.17,Rent,San Francisco,CA,2017-07-01
CUST002406,Robert Kumar,56,Employed,3.27,72288.01,Mortgage,New York,NY,11/12/2015
CUST002407,Sunita Shah,24,Employed,2.03,56603.98,Rent,Columbus,OH,2019-11-02
CUST002408,Charles Rao,49,Employed,5.0,60206.54,Mortgage,Raleigh,NC,2021-04-11
CUST002409,Mary Davis,49,Employed,3.81,42107.59,RENT,Phoenix,Arizona,2015-09-11
CUST002410,Arjun Hernandez,26,Unemployed,0.0,38150.71,Rent,Chicago,IL,2020-12-04
CUST002411,Sarah Miller,49,Retired,0.0,32887.82,Rent,Las Vegas,NV,2016-06-09
CUST002412,Patricia Mehta,58,Employed,4.22,25972.93,Mortgage,Washington,DC,2016-05-26
CUST002413,Sarah Mehta,26,EMPLOYED,10.38,35318.76,Mortgage,Phoenix,AZ,2017-03-12
CUST002414,Joseph Gupta,28,Employed,6.63,53929.87,Own,Fresno,CA,10/02/2018
CUST002415,Anjali Kumar,52,Self-Employed,2.08,63695.59,Rent,Houston,TX,09/04/2016
CUST002416,Priya Garcia,43,Self-Employed,11.57,50879.84,MORTGAGE,Phoenix,AZ,11/05/2018
CUST002417,Deepa Shah,46,Retired,0.0,15000.0,Mortgage,Atlanta,GA,2015-11-27
CUST002418,James Williams,44,Employed,2.81,154006.77,Rent,Chicago,Illinois,2016-02-12
CUST002419,Kiran Williams,44,Self-Employed,9.18,114908.11,Mortgage,Denver,CO,2020-12-26
CUST002420,Richard Johnson,24,Employed,1.58,78233.71,Rent,Portland,OR,2016-07-26
CUST002421,Barbara Miller,52,Retired,0.0,188055.87,Mortgage,Jacksonville,FL,2016-03-21
CUST002422,William Williams,54,Employed,0.61,33308.95,Rent,Dallas,TX,2021-08-06
CUST002423,Susan Patel,37,Employed,10.04,185827.68,Own,Portland,OR,2015-07-06
CUST002424,Jessica Davis,39,Self-Employed,6.54,33552.66,Mortgage,Boston,MA,2015-04-09
CUST002425,Pooja Williams,22,Unemployed,0.0,69095.35,Mortgage,Memphis,TN,2019-11-12
CUST002426,Ramesh Reddy,46,Employed,0.11,27880.91,Rent,Baltimore,MD,25/11/2020
CUST002427,Anil Martinez,46,Employed,2.47,60404.35,Own,Memphis,TN,2016-02-05
CUST002428,David Reddy,39,Employed,5.62,75485.8,mortgage,Memphis,TN,2020-07-01
CUST002429,Richard Davis,53,Employed,1.66,54567.07,Rent,Philadelphia,PA,2021-09-05
CUST002430,Ramesh Garcia,35,Employed,18.11,,Own,Fresno,CA,25/06/2021
CUST002431,Sarah Martinez,46,Retired,0.0,63538.97,RENT,Dallas,TX,2020-05-28
CUST002432,Charles Patel,27,Employed,4.56,43763.31,Rent,Washington,DC,2021-08-06
CUST002433,Deepa Shah,39,Self-Employed,1.9,42612.89,Own,San Diego,CA,2016-08-10
CUST002434,Richard Rodriguez,37,Self-Employed,11.33,97396.76,Rent,Jacksonville,FL,24/06/2021
CUST002435,Sneha Williams,42,Unemployed,0.0,40447.28,Mortgage,Fresno,CA,2016-05-29
CUST002436,Rahul Gonzalez,35,Retired,0.0,103698.38,mortgage,Louisville,KY,2019-09-28
CUST002437,Anjali Garcia,38,Self-Employed,3.23,124695.13,Mortgage,Tucson,AZ,2020-10-26
CUST002438,Sneha Anderson,49,EMPLOYED,19.87,21999.43,Rent,Dallas,TX,2021-02-21
CUST002439,Ramesh Kumar,34,Employed,3.02,118155.38,Own,Charlotte,North Carolina,14/06/2016
CUST002440,Ramesh Rao,22,Employed,13.51,206128.21,Mortgage,New York,NY,2017-02-09
CUST002441,Barbara Sharma,60,Employed,18.92,69647.51,Rent,Los Angeles,CA,2016-12-19
CUST002442,Mary Rao,56,Employed,2.45,85772.22,Own,Nashville,TN,12/05/2021
CUST002443,Anjali Wilson,24,SELF-EMPLOYED,16.7,111547.21,Rent,Milwaukee,WI,05/08/2017
CUST002444,Jennifer Rao,48,employed,0.74,50752.22,MORTGAGE,Fresno,CA,2018-06-15
CUST002445,Lisa Gupta,33,Employed,0.87,66793.97,Mortgage,Las Vegas,NV,2019-10-04
CUST002446,Barbara Singh,43,Retired,0.0,27213.82,Rent,Fresno,CA,2021-08-22
CUST002447,Susan Rodriguez,43,Employed,3.15,65067.54,Own,Memphis,TN,2015-07-09
CUST002448,Anjali Anderson,37,Employed,1.0,80730.13,Mortgage,Charlotte,NC,04/04/2015
CUST002449,Lisa Anderson,30,Self-Employed,2.08,81609.24,Rent,Indianapolis,IN,2021-08-01
CUST002450,Charles Gonzalez,31,Self-Employed,0.55,113465.58,Own,Milwaukee,WI,2020-11-26
CUST002451,Sneha Williams,29,Employed,2.81,37613.51,Mortgage,Washington,District of Columbia,2016-04-03
CUST002452,Arjun Jones,30,Self-Employed,8.79,43496.51,Own,San Jose,CA,2015-03-26
CUST002453,Sneha Miller,39,Employed,4.52,186708.6,Rent,Seattle,WA,2015-08-13
CUST002454,Barbara Miller,31,Employed,8.31,54710.07,OWN,Fort Worth,Texas,2016-11-12
CUST002455,James Smith,48,Employed,0.73,67509.27,Mortgage,San Diego,CA,2017-03-22
CUST002456,Pooja Reddy,57,Self-Employed,2.55,57514.59,MORTGAGE,Chicago,IL,2015-09-18
CUST002457,Rahul Sharma,33,Employed,0.2,36570.29,Mortgage,Portland,OR,11/01/2016
CUST002458,Vikram Wilson,42,Self-Employed,2.31,158596.34,Own,Arlington,TX,30/06/2018
CUST002459,Vikram Reddy,45,Employed,4.77,43624.72,Rent,Los Angeles,CA,2018-08-11
CUST002460,Rahul Gonzalez,45,Unemployed,0.0,30443.53,Mortgage,Indianapolis,IN,2021-11-15
CUST002461,Kiran Martinez,40,Unemployed,0.0,45686.4,Mortgage,Columbus,OH,2016-05-31
CUST002462,John Wilson,48,employed,0.32,18015.3,Own,Phoenix,AZ,2021-10-28
CUST002463,Robert Brown,45,Employed,1.82,,Rent,San Antonio,TX,2015-08-08
CUST002464,Anjali Patel,25,Self-Employed,7.38,33494.04,Mortgage,Omaha,Nebraska,2016-03-22
CUST002465,David Miller,50,Employed,0.1,,Own,Chicago,IL,2019-10-15
CUST002466,Ramesh Rodriguez,50,Employed,4.78,,Mortgage,Baltimore,MD,2019-08-03
CUST002467,Neha Kumar,30,Employed,1.01,101995.34,Rent,Omaha,Nebraska,2019-02-16
CUST002468,Kiran Shah,40,employed,14.44,138564.39,Own,Houston,TX,2018-08-29
CUST002469,Rahul Nair,48,Employed,2.81,95674.32,Own,Indianapolis,Indiana,2015-08-16
CUST002470,Patricia Shah,37,Employed,0.25,,Mortgage,Chicago,IL,2016-09-28
CUST002471,Anjali Wilson,52,Self-Employed,6.25,65164.41,Mortgage,Louisville,Kentucky,2018-12-12
CUST002472,Sarah Davis,68,Employed,3.31,23980.81,Rent,Baltimore,Maryland,2018-04-22
CUST002473,Sneha Johnson,30,Employed,10.65,55256.01,Rent,Charlotte,NC,2016-12-20
CUST002474,Rahul Shah,23,Retired,0.0,35729.68,Own,Fresno,CA,2018-07-02
CUST002475,Mary Nair,43,Self-Employed,5.9,90816.46,Mortgage,Columbus,OH,2021-07-29
CUST002476,Barbara Rodriguez,48,Employed,7.29,280310.01,Own,Houston,TX,2017-07-01
CUST002477,Anil Mehta,37,Employed,2.73,,Mortgage,Dallas,Texas,2017-04-03
CUST002478,Barbara Rodriguez,57,Employed,7.86,18129.87,rent,Minneapolis,MN,18/10/2019
CUST002479,Sarah Gupta,23,Employed,0.26,48207.11,Mortgage,Denver,CO,25/02/2019
CUST002480,David Smith,48,Retired,0.0,64440.3,Own,Charlotte,NC,2021-11-09
CUST002481,Linda Rao,32,Self-Employed,5.06,63096.11,Own,Cleveland,OH,2016-10-04
CUST002482,Jennifer Shah,60,Retired,0.0,38619.48,Rent,Oklahoma City,OK,2020-01-25
CUST002483,Anjali Gonzalez,63,Unemployed,0.0,69367.59,Rent,Cleveland,OH,2021-10-22
CUST002484,Jennifer Kumar,30,Employed,0.61,28410.09,Mortgage,Omaha,NE,2021-10-05
CUST002485,Richard Wilson,33,SELF-EMPLOYED,5.21,33963.94,Own,Oklahoma City,OK,2018-05-21
CUST002486,David Wilson,50,Unemployed,0.0,88210.26,Rent,Indianapolis,Indiana,06/03/2015
CUST002487,Thomas Nair,35,Employed,1.23,32552.26,Mortgage,Nashville,TN,2020-07-01
CUST002488,Lisa Kumar,39,Employed,0.22,,Mortgage,San Jose,CA,2021-04-09
CUST002489,Anjali Patel,40,Employed,3.87,26326.25,Rent,Tucson,AZ,2019-11-10
CUST002490,Lisa Reddy,22,EMPLOYED,0.68,172628.22,Own,Charlotte,NC,2015-07-16
CUST002491,Sunita Rao,39,Self-Employed,13.25,37625.53,Mortgage,Portland,OR,2020-10-14
CUST002492,Jennifer Brown,31,self-employed,0.82,52354.86,rent,Nashville,TN,2018-12-14
CUST002493,Neha Jones,34,Retired,0.0,73011.19,Own,Seattle,Washington,2019-07-16
CUST002494,Karen Reddy,57,Self-Employed,1.52,42650.32,Rent,Houston,TX,28/10/2016
CUST002495,Jessica Reddy,24,Unemployed,0.0,65254.06,Mortgage,Sacramento,CA,2017-04-17
CUST002496,Vikram Nair,49,Employed,7.83,84559.78,Rent,Raleigh,NC,2020-09-23
CUST002497,Lisa Smith,36,Employed,1.71,106549.82,Mortgage,Jacksonville,FL,2015-05-20
CUST002498,David Sharma,36,Retired,0.0,96268.69,Rent,Las Vegas,NV,2016-05-04
CUST002499,James Brown,49,Self-Employed,26.3,54009.42,Mortgage,Sacramento,CA,2015-05-11
CUST002500,John Rao,44,Self-Employed,0.81,54831.54,Mortgage,Miami,FL,2021-08-03
CUST002501,Sunita Kumar,46,Employed,0.44,245110.68,Own,Houston,TX,2021-05-03
CUST002502,Sunita Shah,51,Self-Employed,1.82,105866.43,Rent,Washington,DC,2018-01-25
CUST002503,Charles Reddy,36,Unemployed,0.0,,OWN,Memphis,Tennessee,2015-11-10
CUST002504,Ramesh Garcia,32,Employed,7.14,63576.1,Rent,Tucson,Arizona,2016-01-08
CUST002505,Susan Lopez,26,Self-Employed,15.56,48967.6,Mortgage,Oklahoma City,OK,2015-09-09
CUST002506,Susan Nair,30,Employed,7.21,55204.48,Rent,Portland,OR,2018-11-21
CUST002507,William Miller,75,Employed,6.48,28632.65,Mortgage,Portland,OR,2015-06-15
CUST002508,Kiran Garcia,54,Self-Employed,23.81,46762.93,Own,San Jose,CA,03/02/2017
CUST002509,Pooja Brown,23,Employed,7.25,177536.85,Mortgage,Nashville,TN,2016-09-29
CUST002510,Deepa Patel,24,EMPLOYED,0.75,84748.71,Mortgage,Memphis,TN,2016-01-17
CUST002511,Jessica Garcia,45,Self-Employed,3.1,15000.0,Mortgage,Jacksonville,FL,2017-08-14
CUST002512,Richard Johnson,46,Self-Employed,3.5,124247.91,Rent,Fresno,California,2020-07-27
CUST002513,Susan Rao,46,Employed,1.82,,Own,Atlanta,GA,2021-08-12
CUST002514,Richard Rodriguez,36,Retired,0.0,48263.4,Mortgage,Indianapolis,IN,2018-07-11
CUST002515,Sunita Anderson,38,Employed,6.22,92074.94,Own,Charlotte,NC,2016-11-19
CUST002516,Michael Shah,43,Retired,0.0,35751.96,Own,Nashville,TN,2017-11-10
CUST002517,David Williams,41,Self-Employed,4.9,45154.56,Rent,San Jose,CA,2018-04-22
CUST002518,Charles Williams,22,Employed,1.95,147138.24,Mortgage,Milwaukee,WI,2018-02-20
CUST002519,Anjali Brown,37,Employed,3.53,50866.61,Rent,Houston,TX,16/04/2017
CUST002520,Karen Williams,29,Employed,2.06,,own,Sacramento,CA,2020-02-04
CUST002521,Arjun Smith,42,Employed,2.65,57642.65,Own,Portland,OR,2015-05-09
CUST002522,Sarah Sharma,75,Self-Employed,6.59,57116.42,Mortgage,Portland,Oregon,2017-11-16
CUST002523,Kiran Mehta,44,Employed,10.76,122887.08,Mortgage,Sacramento,CA,2018-04-03
CUST002524,Michael Smith,36,Employed,3.55,60391.39,own,Tucson,AZ,2015-08-17
CUST002525,Patricia Rodriguez,51,Self-Employed,4.71,46492.7,Own,Dallas,Texas,2019-03-26
CUST002526,James Mehta,45,Employed,9.99,112087.34,Own,Memphis,TN,2017-02-15
CUST002527,Robert Brown,45,Employed,0.77,64374.58,Mortgage,Indianapolis,IN,15/07/2015
CUST002528,Jessica Kumar,47,Employed,0.88,38176.92,Rent,San Francisco,CA,2018-09-21
CUST002529,James Gonzalez,64,Self-Employed,2.23,119730.48,Mortgage,Columbus,OH,2015-08-28
CUST002530,Amit Rao,26,Self-Employed,1.85,67251.67,Rent,El Paso,TX,2015-08-23
CUST002531,Karen Sharma,45,Self-Employed,21.48,59979.35,Own,Philadelphia,PA,2020-04-10
CUST002532,Sneha Rao,28,Employed,4.15,66619.0,Rent,Baltimore,MD,2016-02-27
CUST002533,Arjun Gupta,46,Employed,3.71,31495.47,Own,Boston,MA,20/02/2016
CUST002534,Ramesh Hernandez,28,Employed,4.32,43625.96,mortgage,Philadelphia,PA,2017-03-18
CUST002535,Rahul Mehta,34,Employed,10.4,60002.98,Own,Fresno,CA,2019-04-25
CUST002536,Arjun Hernandez,36,Employed,1.4,53273.9,Mortgage,Fort Worth,TX,2016-12-16
CUST002537,Sarah Lopez,51,Employed,3.58,128470.81,Rent,Houston,TX,2015-06-22
CUST002538,Vikram Gonzalez,51,EMPLOYED,1.58,68216.62,Mortgage,Seattle,WA,05/10/2018
CUST002539,Patricia Lopez,25,Unemployed,0.0,100001.69,Rent,Memphis,Tennessee,2016-09-23
CUST002540,Arjun Brown,40,employed,7.51,60212.62,Rent,Omaha,NE,2015-09-26
CUST002541,James Anderson,31,Employed,15.78,112845.3,Own,Omaha,NE,2018-07-22
CUST002542,Vikram Reddy,24,Retired,0.0,76002.13,Mortgage,Chicago,IL,2020-03-11
CUST002543,William Smith,37,employed,0.86,60358.21,Rent,Phoenix,AZ,20/03/2020
CUST002544,Linda Kumar,36,Employed,11.34,59398.85,Own,Fort Worth,TX,2017-04-16
CUST002545,Karen Nair,69,Retired,0.0,33770.29,Rent,Raleigh,North Carolina,2020-06-25
CUST002546,Sarah Lopez,45,Retired,0.0,81157.7,RENT,Sacramento,CA,2021-04-04
CUST002547,Deepa Gupta,23,Employed,1.62,58447.09,Rent,Columbus,OH,2021-02-22
CUST002548,Sneha Kumar,33,Self-Employed,1.88,44302.87,Rent,Atlanta,GA,2015-07-12
CUST002549,Sunita Mehta,52,employed,3.01,116294.04,Rent,Columbus,OH,2015-08-23
CUST002550,Richard Smith,65,Self-Employed,8.83,28278.88,Rent,El Paso,TX,2019-01-10
CUST002551,Priya Smith,22,Retired,0.0,46467.22,Mortgage,Nashville,TN,2016-05-21
CUST002552,Rahul Johnson,22,Employed,6.03,110927.4,Own,New York,NY,29/05/2016
CUST002553,Priya Mehta,62,Unemployed,0.0,72353.11,Rent,Columbus,OH,2020-02-21
CUST002554,Deepa Davis,44,Self-Employed,1.09,58179.29,Rent,Fort Worth,TX,2016-10-30
CUST002555,Kiran Gonzalez,29,Employed,2.07,69605.73,Mortgage,San Diego,CA,2017-07-23
CUST002556,Jennifer Lopez,46,Self-Employed,3.81,66679.21,Mortgage,Atlanta,GA,2015-11-08
CUST002557,Ramesh Sharma,22,Employed,12.72,,Mortgage,Indianapolis,IN,23/09/2016
CUST002558,Michael Reddy,40,Employed,4.95,48554.53,RENT,Omaha,NE,2015-12-26
CUST002559,Anjali Martinez,43,Retired,0.0,157930.92,Own,Columbus,OH,2015-05-20
CUST002560,Richard Nair,51,EMPLOYED,0.58,40312.04,Mortgage,Louisville,KY,2016-10-26
CUST002561,Barbara Kumar,27,Employed,0.42,49464.94,Rent,Indianapolis,IN,2019-07-28
CUST002562,Pooja Johnson,41,Unemployed,0.0,43261.9,Own,Sacramento,CA,21/06/2021
CUST002563,William Sharma,28,RETIRED,0.0,56828.37,Rent,Oklahoma City,OK,08/01/2020
CUST002564,Jennifer Martinez,43,Unemployed,0.0,42197.92,Rent,Denver,CO,2015-09-11
CUST002565,Anil Garcia,29,Employed,3.01,80181.24,Rent,Memphis,TN,2017-08-15
CUST002566,Deepa Brown,35,Employed,0.03,67399.17,Mortgage,Milwaukee,WI,2017-11-23
CUST002567,Sneha Mehta,28,Employed,2.16,95237.45,Mortgage,Fresno,CA,2015-01-10
CUST002568,Sarah Davis,47,Employed,0.68,31870.47,Rent,Washington,DC,20/04/2016
CUST002569,Jessica Garcia,50,Retired,0.0,48815.14,mortgage,Nashville,TN,2021-08-18
CUST002570,Jennifer Brown,37,Self-Employed,3.08,52290.31,Own,San Francisco,CA,2015-10-27
CUST002571,Ramesh Nair,40,Employed,2.78,78699.19,Rent,Boston,MA,2021-06-17
CUST002572,Mary Garcia,22,EMPLOYED,5.17,37200.12,Mortgage,Minneapolis,MN,2017-05-01
CUST002573,Priya Gonzalez,36,Retired,0.0,103713.99,Own,Miami,FL,2015-12-27
CUST002574,Karen Davis,39,Unemployed,0.0,122008.91,own,Milwaukee,WI,2019-01-30
CUST002575,Thomas Mehta,71,Employed,11.76,33079.75,Rent,San Antonio,TX,2018-07-25
CUST002576,Sneha Mehta,26,Self-Employed,3.45,44599.43,Rent,Atlanta,GA,2017-03-28
CUST002577,Linda Mehta,57,Employed,2.41,43514.13,MORTGAGE,Oklahoma City,OK,2019-03-19
CUST002578,William Singh,51,Self-Employed,3.69,290521.17,Own,Columbus,OH,2018-04-24
CUST002579,Kiran Williams,43,Self-Employed,4.63,46261.25,Mortgage,Boston,MA,2016-04-01
CUST002580,Arjun Davis,61,Self-Employed,9.41,163828.47,Mortgage,Oklahoma City,OK,2016-03-05
CUST002581,John Shah,44,EMPLOYED,2.51,28001.71,Own,Portland,OR,2021-03-02
CUST002582,Arjun Gonzalez,44,Employed,0.26,33064.3,Mortgage,Chicago,IL,2018-09-14
CUST002583,Anjali Shah,39,Employed,4.98,39657.58,Mortgage,Cleveland,OH,12/01/2015
CUST002584,Ramesh Davis,54,Retired,0.0,36047.27,Mortgage,Charlotte,NC,2015-11-20
CUST002585,Joseph Rodriguez,53,Retired,0.0,,Rent,San Jose,CA,2019-08-17
CUST002586,Linda Martinez,32,Unemployed,0.0,39133.46,Mortgage,Los Angeles,CA,2019-05-10
CUST002587,Jennifer Brown,24,Retired,0.0,36621.66,Rent,San Francisco,CA,2018-07-09
CUST002588,Jennifer Hernandez,37,self-employed,6.9,119980.34,Rent,Sacramento,CA,2018-12-02
CUST002589,Richard Reddy,30,Employed,0.42,124776.1,Rent,Raleigh,NC,2020-01-12
CUST002590,Linda Patel,39,Self-Employed,3.41,105828.79,Own,Raleigh,NC,26/12/2016
CUST002591,Rahul Jones,54,Employed,2.32,81993.84,Rent,Portland,OR,2020-08-13
CUST002592,Priya Gonzalez,34,Employed,11.78,63300.33,Rent,Denver,CO,2018-10-01
CUST002593,James Martinez,39,Employed,0.87,44434.95,Mortgage,San Jose,CA,2021-06-15
CUST002594,Patricia Patel,40,Employed,7.78,33796.26,MORTGAGE,Fort Worth,TX,2016-06-18
CUST002595,Richard Gonzalez,50,Self-Employed,0.25,74443.63,Mortgage,El Paso,TX,2018-07-31
CUST002596,Ramesh Hernandez,22,Employed,6.05,29608.65,Own,Charlotte,NC,2020-03-05
CUST002597,Rahul Mehta,32,Employed,1.74,32979.7,mortgage,Memphis,TN,2017-07-08
CUST002598,William Kumar,42,Self-Employed,18.63,119580.85,Own,Cleveland,OH,2018-05-03
CUST002599,Joseph Brown,54,Self-Employed,5.57,187285.49,Own,Indianapolis,IN,2021-07-29
CUST002600,Vikram Smith,34,Employed,1.85,75809.36,Mortgage,Miami,FL,2019-06-17
CUST002601,Anil Hernandez,22,Employed,1.34,116293.71,rent,Sacramento,CA,2016-04-30
CUST002602,Barbara Martinez,47,Employed,5.1,51662.68,Rent,El Paso,TX,2018-01-31
CUST002603,Joseph Sharma,32,Self-Employed,1.59,26833.21,Rent,San Francisco,CA,2021-04-16
CUST002604,Anil Jones,25,Self-Employed,1.03,86448.4,Mortgage,Miami,FL,2018-03-29
CUST002605,Charles Jones,32,Employed,5.22,84252.51,mortgage,Miami,Florida,2020-05-13
CUST002606,Robert Gupta,37,Retired,0.0,62504.96,Rent,Milwaukee,WI,2017-03-28
CUST002607,Priya Martinez,32,Employed,1.36,51770.45,RENT,Austin,TX,2020-07-28
CUST002608,Pooja Nair,22,Employed,3.84,,Own,Washington,DC,2021-07-25
CUST002609,Linda Rodriguez,50,Employed,5.45,33142.12,Mortgage,Austin,TX,2020-03-26
CUST002610,Sneha Shah,55,Employed,14.23,37636.58,Rent,Dallas,TX,2017-09-02
CUST002611,Jessica Sharma,47,Retired,0.0,32700.19,Own,Fresno,CA,2020-12-01
CUST002612,Charles Nair,26,Employed,2.73,63005.91,Own,Miami,FL,2020-06-30
CUST002613,Anjali Johnson,37,Employed,9.3,31171.65,Mortgage,Jacksonville,FL,27/01/2016
CUST002614,Arjun Jones,39,Employed,2.91,39713.83,Rent,Fresno,CA,05/12/2016
CUST002615,Jessica Reddy,47,employed,0.7,39204.49,Own,Houston,TX,2021-04-07
CUST002616,Joseph Nair,48,Employed,2.09,51207.18,Rent,Tucson,AZ,09/10/2021
CUST002617,Patricia Rao,31,Employed,8.17,24528.12,Own,Chicago,IL,2018-03-07
CUST002618,Susan Sharma,40,Employed,15.6,63090.34,Mortgage,Phoenix,AZ,2021-05-05
CUST002619,Vikram Martinez,45,Employed,20.55,126548.66,Mortgage,Houston,TX,02/04/2019
CUST002620,David Smith,57,Self-Employed,5.1,64944.92,Own,New York,NY,10/05/2021
CUST002621,Vikram Hernandez,48,Self-Employed,3.25,150963.4,Rent,Portland,OR,2020-05-26
CUST002622,Ramesh Mehta,49,Employed,0.88,133305.52,Rent,Dallas,TX,2015-11-30
CUST002623,Sneha Lopez,41,Employed,0.54,95477.04,Mortgage,Charlotte,NC,17/08/2021
CUST002624,Vikram Gonzalez,56,Unemployed,0.0,62618.22,Own,Phoenix,AZ,2020-01-17
CUST002625,John Kumar,44,Employed,6.51,60687.94,Mortgage,San Jose,CA,13/08/2019
CUST002626,Charles Martinez,29,Employed,1.96,94682.06,Rent,New York,NY,2021-06-17
CUST002627,Richard Nair,56,Self-Employed,5.61,47334.64,Own,Columbus,Ohio,2018-12-01
CUST002628,Vikram Brown,48,Self-Employed,4.23,19350.77,Mortgage,Minneapolis,Minnesota,10/03/2015
CUST002629,William Hernandez,34,Employed,14.13,80434.82,Mortgage,Milwaukee,WI,2021-05-03
CUST002630,Patricia Nair,34,Employed,1.18,30374.5,Own,Boston,MA,2015-08-24
CUST002631,Lisa Anderson,43,Employed,4.47,33614.58,Mortgage,Houston,TX,2021-08-16
CUST002632,David Patel,45,Unemployed,0.0,,Mortgage,Arlington,Texas,2015-08-02
CUST002633,William Anderson,42,Employed,1.52,56552.52,Mortgage,Arlington,TX,2015-01-28
CUST002634,Sneha Martinez,43,Employed,2.21,25661.69,Rent,Atlanta,GA,2020-12-29
CUST002635,Barbara Miller,60,Employed,1.74,66124.52,Rent,Miami,FL,2021-06-14
CUST002636,Jessica Reddy,52,Employed,3.75,106903.71,mortgage,Los Angeles,CA,2020-01-06
CUST002637,Richard Reddy,42,Employed,4.08,,Mortgage,New York,NY,2020-11-14
CUST002638,James Lopez,51,Employed,10.03,128475.05,Mortgage,Fresno,CA,26/06/2016
CUST002639,Michael Mehta,27,employed,7.6,23479.84,Rent,Sacramento,CA,2020-08-04
CUST002640,Barbara Gonzalez,44,Self-Employed,1.8,213287.11,Own,Portland,OR,2017-01-16
CUST002641,Ramesh Mehta,61,Employed,13.39,46781.53,Own,New York,NY,2020-08-03
CUST002642,David Johnson,37,Self-Employed,10.14,65340.69,Rent,Los Angeles,CA,2016-05-15
CUST002643,Michael Lopez,29,Employed,4.92,19240.64,Own,Tucson,AZ,2017-06-18
CUST002644,Sneha Garcia,32,Unemployed,0.0,57683.03,Mortgage,Seattle,WA,2018-05-24
CUST002645,Patricia Brown,26,Retired,0.0,68671.48,Mortgage,Fresno,CA,2017-07-05
CUST002646,Pooja Shah,30,Employed,7.79,56857.46,Own,Denver,CO,2020-09-05
CUST002647,Arjun Patel,35,Retired,0.0,42708.42,Rent,Los Angeles,CA,2021-11-29
CUST002648,Ramesh Jones,23,Employed,0.67,33930.22,Rent,Minneapolis,MN,2017-01-11
CUST002649,Vikram Davis,40,Self-Employed,2.62,117985.38,Mortgage,Las Vegas,NV,2021-10-16
CUST002650,Robert Brown,50,Employed,1.19,60991.16,rent,Jacksonville,FL,2015-06-10
CUST002651,Sarah Gonzalez,29,Employed,11.15,150911.89,Own,San Antonio,TX,2015-04-03
CUST002652,Kiran Martinez,58,Employed,11.0,43656.64,Rent,San Antonio,TX,2017-01-26
CUST002653,Susan Shah,46,Employed,2.45,46125.59,Mortgage,Tucson,AZ,2015-01-25
CUST002654,Anjali Rao,52,SELF-EMPLOYED,0.74,97670.67,Mortgage,San Jose,CA,2015-12-17
CUST002655,Jennifer Rao,32,Employed,2.22,22611.53,Own,Indianapolis,IN,2018-11-30
CUST002656,Anil Shah,50,Employed,0.69,28909.4,Mortgage,Fort Worth,TX,2016-09-19
CUST002657,Anjali Rodriguez,26,Retired,0.0,115669.35,Rent,Arlington,TX,2019-08-26
CUST002658,Deepa Lopez,50,retired,0.0,29638.8,Mortgage,Tucson,AZ,2018-02-24
CUST002659,James Brown,42,retired,0.0,20101.9,mortgage,San Francisco,CA,11/12/2016
CUST002660,Linda Williams,46,Unemployed,0.0,183710.48,Rent,Washington,DC,2015-10-01
CUST002661,Linda Sharma,25,Employed,0.63,25944.36,Mortgage,Seattle,WA,2015-12-03
CUST002662,Pooja Davis,29,Employed,2.14,66867.72,Mortgage,Louisville,KY,2020-07-23
CUST002663,Mary Patel,47,Employed,0.2,62408.15,Rent,Philadelphia,PA,2016-02-23
CUST002664,Sneha Rodriguez,28,Retired,0.0,15000.0,Rent,Boston,MA,2019-11-27
CUST002665,Michael Patel,45,Employed,2.14,51001.47,Mortgage,Louisville,KY,2020-02-13
CUST002666,Susan Gonzalez,23,Employed,10.28,78358.36,Mortgage,Milwaukee,Wisconsin,2021-03-21
CUST002667,Sneha Shah,50,Employed,2.49,74056.65,rent,Cleveland,OH,27/01/2016
CUST002668,Ramesh Martinez,25,Employed,4.08,102961.71,own,Indianapolis,IN,2018-12-14
CUST002669,William Brown,46,Employed,18.78,47453.48,Own,Charlotte,NC,2019-12-03
CUST002670,Priya Williams,47,Self-Employed,5.15,91812.4,Mortgage,Nashville,TN,2021-08-16
CUST002671,Susan Gonzalez,31,Employed,3.47,39592.8,Mortgage,Philadelphia,PA,2017-01-15
CUST002672,Mary Gonzalez,46,Employed,0.52,25686.47,Mortgage,Chicago,Illinois,2020-03-30
CUST002673,Amit Sharma,43,Unemployed,0.0,27484.1,Rent,Philadelphia,PA,2021-03-31
CUST002674,John Kumar,33,Self-Employed,5.14,24902.76,Own,Louisville,KY,2018-12-28
CUST002675,Linda Rao,27,employed,0.57,109727.09,Rent,Memphis,TN,2017-02-08
CUST002676,Jessica Mehta,22,Retired,0.0,24131.08,Mortgage,Memphis,Tennessee,2015-01-11
CUST002677,Linda Garcia,44,Self-Employed,3.86,70574.44,Mortgage,Sacramento,CA,2019-02-10
CUST002678,Susan Smith,22,Employed,0.23,51044.11,Mortgage,Atlanta,GA,28/07/2017
CUST002679,Deepa Hernandez,41,Self-Employed,6.33,,Rent,Houston,TX,2019-02-11
CUST002680,Linda Johnson,36,Self-Employed,1.29,135694.92,OWN,New York,NY,2021-05-19
CUST002681,William Patel,48,Employed,3.36,,Own,Austin,Texas,2018-01-06
CUST002682,Jessica Shah,36,Employed,1.38,86418.84,rent,Philadelphia,Pennsylvania,2017-03-30
CUST002683,David Williams,36,Employed,3.36,61238.91,Rent,Miami,FL,2015-08-22
CUST002684,Thomas Rao,48,Self-Employed,1.05,54654.6,Mortgage,Las Vegas,NV,2016-06-05
CUST002685,Robert Williams,44,Employed,4.51,237989.41,Own,El Paso,TX,2019-11-08
CUST002686,Linda Kumar,43,Self-Employed,12.06,25215.02,Mortgage,Cleveland,OH,2019-12-19
CUST002687,Lisa Lopez,45,Employed,8.23,129764.83,mortgage,San Antonio,TX,2021-01-01
CUST002688,David Wilson,22,Employed,1.38,88773.54,Rent,Tucson,Arizona,2018-12-27
CUST002689,James Davis,49,Employed,3.45,44904.13,Mortgage,Chicago,IL,2017-04-13
CUST002690,Lisa Johnson,47,Employed,2.75,159148.2,Own,Charlotte,NC,2020-08-22
CUST002691,Amit Martinez,27,Unemployed,0.0,19754.45,Mortgage,Columbus,OH,2021-08-18
CUST002692,Deepa Jones,37,Self-Employed,8.02,43780.33,Mortgage,Cleveland,OH,2017-11-05
CUST002693,Kiran Nair,39,Employed,0.57,28995.93,Rent,Atlanta,GA,2015-03-30
CUST002694,Priya Kumar,38,Employed,0.92,76668.8,Rent,Seattle,WA,2018-09-24
CUST002695,Neha Gupta,44,Self-Employed,6.05,30704.41,Mortgage,Chicago,IL,2016-01-04
CUST002696,Pooja Miller,57,UNEMPLOYED,0.0,77640.03,Own,Phoenix,AZ,2015-03-29
CUST002697,Michael Mehta,52,SELF-EMPLOYED,15.03,53537.53,MORTGAGE,Seattle,WA,21/10/2021
CUST002698,Robert Davis,24,Employed,24.77,44908.74,Mortgage,Fresno,CA,2021-07-22
CUST002699,Robert Miller,47,Retired,0.0,75598.25,MORTGAGE,Cleveland,OH,2018-03-14
CUST002700,Barbara Martinez,55,Self-Employed,0.14,50961.57,Rent,Chicago,IL,07/01/2018
CUST002701,Jessica Jones,44,Employed,3.3,31157.78,Mortgage,Jacksonville,FL,2021-08-07
CUST002702,Jessica Patel,53,Employed,2.61,321522.82,Own,Oklahoma City,OK,2015-03-20
CUST002703,Neha Rodriguez,64,EMPLOYED,8.04,44698.7,Mortgage,Los Angeles,CA,2020-06-29
CUST002704,William Reddy,52,Self-Employed,1.69,15826.4,OWN,Columbus,OH,2019-07-01
CUST002705,Ramesh Williams,42,Employed,2.44,,Own,Raleigh,NC,2018-08-24
CUST002706,Thomas Rodriguez,52,Employed,0.49,27990.88,Rent,San Jose,CA,2020-06-22
CUST002707,Anjali Shah,41,Employed,2.1,98290.96,Mortgage,Louisville,KY,14/03/2015
CUST002708,David Gonzalez,40,Employed,18.22,72619.71,Mortgage,Phoenix,AZ,2016-06-30
CUST002709,Anil Williams,35,Employed,14.25,76056.19,Mortgage,Nashville,TN,2017-01-04
CUST002710,Thomas Mehta,58,Self-Employed,6.94,47953.47,Mortgage,Austin,TX,2015-09-26
CUST002711,Ramesh Nair,30,Employed,11.89,50634.57,Own,Cleveland,OH,2018-05-24
CUST002712,Barbara Singh,58,Employed,1.19,47927.34,Mortgage,Indianapolis,IN,2015-03-04
CUST002713,Jessica Williams,45,Employed,4.86,57027.23,rent,Cleveland,OH,2018-08-06
CUST002714,Karen Shah,23,Employed,3.47,98834.31,Rent,Memphis,TN,2020-11-22
CUST002715,Richard Nair,44,Employed,2.75,73250.86,Rent,Fresno,CA,2016-12-07
CUST002716,Rahul Patel,22,Employed,1.96,80827.11,Rent,El Paso,TX,2020-07-18
CUST002717,Pooja Gupta,47,Employed,10.06,80800.25,mortgage,Memphis,TN,2016-03-24
CUST002718,David Wilson,50,Unemployed,0.0,101789.83,Mortgage,Dallas,TX,2015-06-17
CUST002719,Barbara Hernandez,32,Employed,6.44,71174.51,Own,Philadelphia,PA,10/05/2017
CUST002720,Ramesh Gonzalez,41,Self-Employed,6.12,74258.6,Mortgage,Minneapolis,MN,2017-11-14
CUST002721,Mary Gupta,63,Employed,0.73,122184.04,Mortgage,Washington,DC,2020-12-07
CUST002722,Sarah Williams,33,Employed,0.25,40173.89,Rent,Houston,TX,2018-07-13
CUST002723,Karen Brown,27,Self-Employed,9.16,35830.49,Mortgage,San Antonio,TX,2018-11-17
CUST002724,Linda Mehta,57,Employed,3.37,29391.1,Rent,Las Vegas,NV,2021-06-21
CUST002725,Sunita Williams,63,Retired,0.0,66819.4,Mortgage,Charlotte,North Carolina,2020-06-03
CUST002726,Arjun Shah,40,Employed,1.76,19687.92,Mortgage,Phoenix,AZ,15/03/2017
CUST002727,Jennifer Lopez,52,Employed,9.9,,Rent,El Paso,TX,31/12/2020
CUST002728,Arjun Rao,56,Employed,8.88,56077.17,Mortgage,Omaha,Nebraska,25/03/2019
CUST002729,Karen Jones,31,Unemployed,0.0,118276.91,Rent,Arlington,TX,2020-06-06
CUST002730,Joseph Rodriguez,34,Retired,0.0,40008.6,Own,Omaha,NE,2020-01-11
CUST002731,James Brown,54,Employed,2.16,52997.98,Rent,Louisville,KY,2015-08-05
CUST002732,Anjali Davis,60,Employed,0.18,117397.63,Own,Oklahoma City,OK,2015-05-10
CUST002733,Anjali Brown,46,Employed,5.82,137294.21,Own,Los Angeles,CA,2015-05-27
CUST002734,Linda Garcia,29,Self-Employed,1.59,39811.4,Rent,Seattle,WA,2020-10-15
CUST002735,Amit Reddy,63,Employed,10.77,66773.98,Mortgage,Baltimore,MD,2019-12-24
CUST002736,Lisa Patel,33,Employed,11.38,71442.73,Own,Miami,FL,2017-07-15
CUST002737,Kiran Brown,35,Employed,6.41,74921.19,Rent,Charlotte,NC,2017-11-30
CUST002738,Amit Lopez,44,Self-Employed,1.0,51146.77,Rent,Washington,DC,2015-11-28
CUST002739,Charles Singh,58,Employed,0.47,129162.95,Own,Sacramento,CA,2017-03-06
CUST002740,Karen Gupta,50,Self-Employed,8.48,19267.56,Mortgage,Memphis,TN,2015-04-08
CUST002741,Michael Johnson,44,Self-Employed,11.18,46505.31,Rent,Las Vegas,NV,2016-06-16
CUST002742,David Hernandez,45,Employed,2.17,78335.68,Rent,Jacksonville,FL,2019-11-21
CUST002743,Anjali Garcia,40,Employed,2.18,78773.73,Rent,Raleigh,NC,2021-01-15
CUST002744,Neha Reddy,46,Self-Employed,2.47,134814.55,Mortgage,Memphis,TN,2016-02-14
CUST002745,Vikram Sharma,22,Employed,8.79,122876.52,mortgage,Philadelphia,PA,2015-09-22
CUST002746,William Rodriguez,36,EMPLOYED,6.14,50446.82,Own,Arlington,TX,08/08/2018
CUST002747,James Mehta,42,Self-Employed,0.65,130603.69,Mortgage,Denver,CO,2019-05-21
CUST002748,Pooja Nair,26,Retired,0.0,39010.06,Own,Indianapolis,IN,2015-09-22
CUST002749,Barbara Mehta,44,Retired,0.0,104666.3,OWN,Phoenix,AZ,2021-10-01
CUST002750,William Jones,37,Self-Employed,6.2,177426.81,Mortgage,Philadelphia,PA,2020-12-14
CUST002751,Anjali Patel,61,EMPLOYED,7.23,124115.33,Own,Seattle,WA,2018-09-07
CUST002752,Karen Johnson,58,Employed,8.44,63797.05,Rent,San Jose,CA,2020-06-10
CUST002753,Rahul Nair,34,Employed,4.91,49066.55,Rent,Memphis,TN,2021-12-26
CUST002754,Sarah Mehta,38,Employed,1.0,23928.97,Own,San Jose,CA,2018-11-22
CUST002755,Sunita Nair,39,Employed,7.89,,Rent,Memphis,TN,24/05/2021
CUST002756,Anil Garcia,34,Employed,11.5,30664.77,Rent,Oklahoma City,OK,2015-12-19
CUST002757,Deepa Lopez,42,Unemployed,0.0,37202.05,Mortgage,Boston,MA,2018-11-28
CUST002758,Anil Kumar,30,Retired,0.0,29306.15,Mortgage,San Antonio,TX,2015-05-15
CUST002759,Charles Rodriguez,26,Retired,0.0,45422.58,Mortgage,Philadelphia,PA,2021-05-04
CUST002760,Ramesh Kumar,47,Employed,1.32,58877.74,Own,New York,NY,2017-02-07
CUST002761,Joseph Martinez,47,Retired,0.0,,Mortgage,Nashville,TN,2019-07-03
CUST002762,Jennifer Martinez,30,EMPLOYED,0.05,41760.08,Own,Baltimore,MD,2019-01-18
CUST002763,Sunita Rao,50,Employed,1.76,113728.6,MORTGAGE,Boston,MA,2016-06-13
CUST002764,Priya Williams,32,Self-Employed,12.82,52842.81,Mortgage,Seattle,WA,19/01/2015
CUST002765,Jennifer Williams,43,EMPLOYED,4.86,37323.06,Mortgage,San Antonio,TX,17/01/2019
CUST002766,Sarah Williams,49,Retired,0.0,68581.31,Mortgage,Dallas,TX,30/07/2017
CUST002767,David Patel,39,employed,0.05,194489.16,Mortgage,Philadelphia,PA,2021-11-15
CUST002768,Patricia Williams,45,Employed,22.88,73210.66,Mortgage,Jacksonville,FL,15/01/2019
CUST002769,Charles Singh,33,Employed,3.04,48160.12,Mortgage,Las Vegas,NV,2021-01-26
CUST002770,Kiran Smith,37,Unemployed,0.0,23945.2,Rent,Baltimore,MD,2019-12-23
CUST002771,Ramesh Mehta,37,Employed,6.37,52488.67,rent,Sacramento,CA,2017-10-02
CUST002772,Pooja Reddy,31,Self-Employed,0.26,68937.59,Mortgage,Sacramento,CA,2021-01-07
CUST002773,William Sharma,37,Self-Employed,9.8,47450.93,Rent,Minneapolis,MN,2019-10-24
CUST002774,Kiran Kumar,22,Self-Employed,3.78,22043.42,Rent,Portland,OR,14/11/2016
CUST002775,Linda Gonzalez,34,Employed,3.01,35941.96,Own,San Antonio,TX,2019-06-13
CUST002776,James Gupta,36,Employed,7.09,143303.94,Own,Los Angeles,CA,2017-06-27
CUST002777,Richard Reddy,36,Self-Employed,7.45,141548.91,Own,Philadelphia,PA,2017-11-21
CUST002778,James Nair,37,Retired,0.0,35172.38,Mortgage,Washington,DC,2021-03-21
CUST002779,Ramesh Nair,39,Unemployed,0.0,89648.71,mortgage,Sacramento,CA,2019-02-24
CUST002780,Neha Davis,45,Employed,5.13,29520.98,Mortgage,Philadelphia,PA,09/01/2019
CUST002781,Amit Mehta,50,Employed,5.63,139050.13,Rent,Omaha,NE,2019-11-26
CUST002782,Robert Gupta,32,Employed,9.78,69365.26,Own,Omaha,NE,2019-04-09
CUST002783,Deepa Garcia,25,Self-Employed,5.86,105850.7,Mortgage,Oklahoma City,OK,2018-11-23
CUST002784,Amit Davis,27,Employed,0.53,21395.67,Mortgage,Memphis,TN,28/10/2016
CUST002785,Susan Williams,34,Self-Employed,5.19,89911.6,Rent,New York,NY,2020-04-16
CUST002786,Rahul Jones,35,Retired,0.0,59599.09,Own,Denver,CO,28/01/2015
CUST002787,Pooja Lopez,30,Employed,0.07,99823.35,Own,Portland,OR,2017-08-25
CUST002788,Patricia Wilson,24,Employed,1.21,103665.09,Own,Memphis,TN,2017-09-15
CUST002789,Kiran Gonzalez,34,Retired,0.0,62284.68,MORTGAGE,Philadelphia,PA,11/12/2015
CUST002790,David Lopez,42,Employed,0.54,41751.98,Mortgage,Sacramento,CA,09/10/2015
CUST002791,Linda Hernandez,47,Employed,1.21,95589.45,Rent,Indianapolis,IN,2019-12-21
CUST002792,Sarah Singh,33,Employed,4.15,57751.66,Mortgage,Cleveland,OH,2018-06-11
CUST002793,Linda Martinez,35,Employed,0.82,35465.97,Own,Tucson,AZ,2018-02-26
CUST002794,Lisa Sharma,28,Self-Employed,1.64,34472.21,Mortgage,Austin,TX,2019-03-25
CUST002795,Charles Rodriguez,39,Employed,9.47,24678.84,RENT,Memphis,TN,2019-12-08
CUST002796,Jessica Smith,29,Employed,10.95,44082.82,Mortgage,Austin,TX,2015-06-23
CUST002797,Vikram Miller,46,Self-Employed,2.03,116031.3,Rent,Dallas,TX,2019-09-20
CUST002798,Lisa Shah,22,employed,11.46,66615.85,Mortgage,Seattle,WA,2016-05-13
CUST002799,Pooja Johnson,35,Employed,4.41,43570.66,Mortgage,Nashville,Tennessee,2015-05-13
CUST002800,Anil Gupta,43,self-employed,1.28,97043.4,Rent,Seattle,WA,2019-08-26
CUST002801,Kiran Johnson,42,Unemployed,0.0,,Own,Miami,FL,2017-07-03
CUST002802,Neha Smith,72,EMPLOYED,12.76,63399.43,OWN,San Jose,CA,2021-09-14
CUST002803,Anil Hernandez,44,Employed,5.38,53756.6,Own,Phoenix,AZ,2019-06-05
CUST002804,Lisa Lopez,27,Self-Employed,1.12,95557.02,Own,Austin,TX,2017-10-11
CUST002805,Michael Smith,38,Self-Employed,0.45,23240.76,Mortgage,Las Vegas,NV,2015-11-01
CUST002806,Neha Reddy,22,Employed,1.3,35949.89,Mortgage,Seattle,WA,2018-12-07
CUST002807,Susan Gonzalez,39,Employed,2.07,22405.3,Mortgage,Portland,OR,2018-11-08
CUST002808,Neha Smith,30,Employed,2.03,51238.27,Mortgage,Nashville,TN,2015-01-12
CUST002809,Michael Wilson,50,Self-Employed,3.45,123853.72,Mortgage,Atlanta,GA,2021-10-30
CUST002810,Kiran Miller,33,Employed,3.52,44211.12,Own,Phoenix,AZ,26/07/2021
CUST002811,Jennifer Kumar,38,UNEMPLOYED,0.0,44072.43,Mortgage,Boston,MA,21/04/2019
CUST002812,Pooja Jones,32,Employed,2.11,101016.05,Mortgage,San Francisco,CA,2016-09-30
CUST002813,Sunita Brown,60,Self-Employed,0.56,113678.52,Rent,Indianapolis,IN,2020-02-12
CUST002814,Kiran Smith,36,Retired,0.0,56775.34,Mortgage,Miami,FL,2017-10-13
CUST002815,Barbara Rao,61,Employed,21.26,90294.24,Mortgage,Omaha,NE,2018-04-26
CUST002816,Thomas Davis,49,Employed,5.3,31376.9,Rent,Arlington,Texas,2020-09-14
CUST002817,Sneha Gonzalez,45,Employed,2.9,136869.69,Mortgage,Fort Worth,Texas,2019-11-13
CUST002818,Rahul Martinez,44,Employed,0.44,217341.21,Mortgage,Milwaukee,WI,14/07/2018
CUST002819,Rahul Wilson,44,Employed,1.2,81857.03,Mortgage,San Antonio,TX,2015-04-04
CUST002820,Susan Singh,22,Employed,4.27,17143.96,Mortgage,Dallas,TX,2015-09-30
CUST002821,Karen Brown,36,Retired,0.0,42832.9,Mortgage,Nashville,TN,2021-10-29
CUST002822,Deepa Mehta,50,Self-Employed,0.1,86482.31,Mortgage,New York,NY,10/07/2017
CUST002823,Deepa Garcia,39,Unemployed,0.0,46495.47,Mortgage,Louisville,KY,2015-09-01
CUST002824,William Lopez,23,Employed,2.2,128453.1,Rent,El Paso,TX,2017-05-05
CUST002825,Ramesh Smith,39,Employed,0.76,85211.73,OWN,Arlington,TX,2019-10-28
CUST002826,Neha Nair,60,Employed,15.83,39187.56,Own,Memphis,TN,2016-05-12
CUST002827,Richard Brown,54,Employed,0.17,61044.53,Rent,El Paso,TX,2015-11-23
CUST002828,Richard Martinez,39,Employed,18.26,35020.89,Own,Baltimore,MD,2020-07-05
CUST002829,Robert Jones,51,Employed,5.34,53661.39,MORTGAGE,El Paso,TX,2019-05-18
CUST002830,Vikram Wilson,35,Self-Employed,2.61,42926.48,Rent,Las Vegas,NV,2020-12-09
CUST002831,Arjun Johnson,22,Employed,3.88,121158.77,Own,Omaha,NE,2018-03-04
CUST002832,David Mehta,28,Employed,2.64,213119.27,Rent,Dallas,TX,2016-08-04
CUST002833,Richard Sharma,58,employed,4.26,25369.1,Own,Nashville,TN,01/07/2016
CUST002834,Karen Brown,36,Retired,0.0,18884.0,Own,Oklahoma City,OK,2018-07-10
CUST002835,Sunita Sharma,37,Employed,0.64,51683.64,Own,Omaha,NE,2017-06-19
CUST002836,Kiran Mehta,36,Employed,3.76,24075.51,Mortgage,Fort Worth,TX,2021-06-28
CUST002837,William Hernandez,62,Employed,0.37,,Rent,Atlanta,GA,31/08/2017
CUST002838,Vikram Kumar,59,Employed,1.73,93841.42,Rent,Oklahoma City,Oklahoma,2019-05-28
CUST002839,Anjali Jones,66,Self-Employed,13.08,146749.91,Mortgage,Jacksonville,FL,2018-10-06
CUST002840,Linda Brown,38,Employed,10.45,67564.42,Own,Louisville,KY,2018-09-12
CUST002841,Mary Jones,43,Employed,8.9,53322.14,Rent,Oklahoma City,OK,2018-02-18
CUST002842,Barbara Lopez,22,Employed,3.54,18269.15,Rent,Denver,CO,2019-04-19
CUST002843,Pooja Smith,57,Unemployed,0.0,60822.26,Mortgage,Miami,FL,2020-08-07
CUST002844,Sarah Johnson,25,Employed,0.65,,rent,Cleveland,OH,2015-01-22
CUST002845,Arjun Wilson,42,Employed,12.59,87848.95,Rent,Indianapolis,IN,2021-10-29
CUST002846,James Wilson,26,Employed,9.05,39140.27,Rent,Oklahoma City,OK,2020-02-03
CUST002847,Sneha Martinez,32,Employed,2.36,46118.45,Own,Memphis,TN,2015-08-26
CUST002848,Charles Sharma,29,Employed,6.53,,Rent,Seattle,WA,2020-09-09
CUST002849,Jennifer Rao,32,Employed,9.64,15141.95,Own,Louisville,KY,2020-06-10
CUST002850,Ramesh Davis,33,Employed,4.84,30788.66,Rent,Boston,Massachusetts,2016-09-10
CUST002851,Barbara Reddy,33,Employed,9.6,23337.21,Own,San Diego,CA,2017-02-03
CUST002852,Pooja Garcia,50,unemployed,0.0,73278.86,Rent,Cleveland,OH,29/06/2018
CUST002853,Sarah Rodriguez,5,Employed,3.1,43875.86,Mortgage,Fort Worth,TX,2018-06-14
CUST002854,Linda Rodriguez,42,Employed,4.33,43349.82,Mortgage,Raleigh,NC,2021-11-21
CUST002855,Sarah Mehta,54,Employed,4.99,33168.38,Own,Fresno,CA,2015-11-13
CUST002856,Ramesh Miller,33,employed,21.71,15000.0,Mortgage,Jacksonville,Florida,2020-03-07
CUST002857,Sneha Nair,31,Employed,9.35,148002.8,Rent,Sacramento,CA,2020-05-08
CUST002858,Michael Nair,37,Employed,0.28,32854.29,Rent,Los Angeles,CA,2015-04-04
CUST002859,Pooja Gupta,54,Employed,0.93,46748.99,Own,Milwaukee,WI,2015-09-23
CUST002860,Susan Miller,42,Employed,5.35,25010.84,Mortgage,Columbus,OH,2016-06-21
CUST002861,Barbara Davis,33,Employed,1.38,107275.78,Mortgage,Baltimore,MD,2017-07-18
CUST002862,Linda Jones,45,unemployed,0.0,65254.96,Mortgage,Denver,CO,2019-01-08
CUST002863,Vikram Johnson,26,Employed,5.49,36467.65,Rent,Phoenix,AZ,2016-05-25
CUST002864,Karen Miller,48,Employed,3.84,47318.77,Rent,Portland,OR,2017-07-01
CUST002865,Barbara Wilson,44,Employed,8.18,163882.99,Mortgage,Miami,FL,16/01/2020
CUST002866,Mary Gupta,36,Employed,1.92,57309.31,Mortgage,Dallas,TX,2018-04-09
CUST002867,Richard Williams,29,Employed,2.0,53688.81,Rent,Nashville,TN,2020-12-28
CUST002868,Patricia Gonzalez,29,Employed,0.82,34035.9,Own,Indianapolis,Indiana,2019-11-28
CUST002869,Sunita Kumar,46,Employed,5.28,19211.25,Own,San Francisco,CA,2018-10-01
CUST002870,Lisa Nair,54,Employed,6.17,54392.24,Own,San Jose,CA,05/08/2019
CUST002871,Joseph Davis,32,Employed,0.74,72786.89,Own,Las Vegas,NV,2021-01-28
CUST002872,Arjun Wilson,45,Employed,1.47,115815.15,Mortgage,Memphis,TN,2021-01-26
CUST002873,Sneha Johnson,22,Self-Employed,0.84,15535.8,rent,Phoenix,AZ,2021-06-11
CUST002874,Pooja Wilson,32,Retired,0.0,30483.54,Own,Baltimore,MD,2019-12-02
CUST002875,Patricia Martinez,39,Self-Employed,1.17,42258.27,Rent,Omaha,NE,2017-09-07
CUST002876,Linda Rodriguez,29,Employed,0.83,59749.22,Mortgage,Atlanta,GA,2019-09-05
CUST002877,Rahul Rodriguez,28,Self-Employed,0.36,54884.14,Mortgage,Raleigh,NC,2018-07-05
CUST002878,Neha Nair,31,Employed,8.9,55658.32,OWN,Louisville,KY,2015-08-07
CUST002879,Sunita Davis,43,Unemployed,0.0,76485.59,Own,Fresno,CA,2015-08-19
CUST002880,Priya Johnson,37,Self-Employed,0.15,34822.68,Own,Minneapolis,Minnesota,2015-10-20
CUST002881,Susan Johnson,22,Self-Employed,0.33,104870.85,Rent,Portland,Oregon,2016-11-19
CUST002882,James Johnson,22,employed,2.29,77658.13,Rent,Fresno,CA,2021-06-16
CUST002883,Priya Miller,32,Employed,4.54,49419.51,Rent,Chicago,IL,2017-06-02
CUST002884,Charles Sharma,45,Employed,2.54,156458.3,MORTGAGE,Boston,MA,2020-07-17
CUST002885,Karen Gupta,22,Employed,3.04,,Mortgage,Fresno,CA,2015-07-04
CUST002886,Michael Wilson,34,Employed,12.59,104792.47,Mortgage,Omaha,NE,2020-03-02
CUST002887,Susan Rodriguez,33,Employed,7.11,15000.0,mortgage,Philadelphia,PA,2017-04-11
CUST002888,Kiran Lopez,56,Employed,2.09,154410.06,MORTGAGE,San Antonio,TX,2015-12-05
CUST002889,Arjun Martinez,35,Retired,0.0,96457.24,Rent,Indianapolis,IN,2015-04-25
CUST002890,Linda Brown,44,Employed,6.91,199555.0,Mortgage,Washington,DC,2019-01-11
CUST002891,James Mehta,41,Employed,4.26,125803.79,rent,Austin,TX,08/02/2019
CUST002892,William Hernandez,22,Unemployed,0.0,154354.26,Mortgage,Arlington,TX,10/01/2016
CUST002893,Rahul Reddy,49,Retired,0.0,101436.97,Mortgage,Chicago,IL,2017-11-29
CUST002894,Rahul Reddy,42,Employed,4.15,134486.07,Mortgage,Cleveland,OH,2021-06-09
CUST002895,Amit Gupta,46,Employed,0.36,198089.5,Own,Louisville,KY,2017-08-29
CUST002896,Rahul Davis,75,Employed,0.16,68181.79,Rent,El Paso,TX,2017-04-18
CUST002897,Karen Miller,22,Employed,9.09,23310.56,Rent,Las Vegas,NV,2018-03-04
CUST002898,Anjali Williams,60,Unemployed,0.0,49787.71,Rent,San Antonio,TX,2019-03-05
CUST002899,Michael Jones,36,Self-Employed,4.11,75657.16,Rent,New York,NY,2017-01-23
CUST002900,Linda Johnson,43,Employed,5.84,62625.8,Own,San Antonio,TX,2021-04-12
CUST002901,Richard Miller,39,Unemployed,0.0,28340.94,Mortgage,San Francisco,CA,20/07/2017
CUST002902,Deepa Brown,34,Self-Employed,4.32,22502.0,Rent,Charlotte,NC,2015-06-09
CUST002903,John Singh,33,Retired,0.0,,Mortgage,Minneapolis,MN,2016-06-03
CUST002904,Arjun Martinez,43,Retired,0.0,97211.45,Own,Tucson,AZ,2018-12-13
CUST002905,Sneha Rao,22,Employed,0.06,154539.32,Own,Sacramento,CA,2020-01-05
CUST002906,Richard Singh,49,Employed,5.52,103770.87,Mortgage,Raleigh,North Carolina,26/12/2021
CUST002907,Barbara Johnson,35,Employed,2.02,112922.43,Rent,Cleveland,OH,2015-03-23
CUST002908,William Miller,26,Retired,0.0,57040.15,Own,Charlotte,NC,2017-06-03
CUST002909,Sunita Singh,34,Retired,0.0,,Mortgage,Baltimore,MD,2020-08-26
CUST002910,Thomas Rao,55,employed,4.48,45563.75,Own,Boston,MA,2020-11-07
CUST002911,Neha Lopez,33,Employed,1.99,51263.86,Mortgage,Louisville,KY,09/12/2015
CUST002912,Deepa Shah,44,Employed,1.16,44434.37,RENT,Milwaukee,WI,02/08/2015
CUST002913,Linda Wilson,31,self-employed,1.45,61871.62,Mortgage,Raleigh,NC,2018-02-15
CUST002914,John Sharma,49,EMPLOYED,21.83,78030.25,Mortgage,Minneapolis,Minnesota,2021-11-08
CUST002915,Sunita Kumar,48,Employed,4.78,99888.43,Own,San Jose,CA,2017-07-23
CUST002916,Pooja Smith,62,Employed,2.9,50671.97,Own,Washington,DC,2016-08-05
CUST002917,David Gupta,37,self-employed,1.31,19105.75,Own,Los Angeles,CA,2018-11-22
CUST002918,Karen Nair,48,Unemployed,0.0,44813.89,Rent,Atlanta,GA,2020-04-04
CUST002919,William Martinez,41,employed,2.45,61465.19,Own,San Antonio,TX,2019-07-20
CUST002920,Robert Patel,130,Employed,1.79,124702.32,Mortgage,Denver,CO,2016-08-28
CUST002921,Patricia Nair,31,Self-Employed,1.26,42587.47,Rent,Portland,OR,2021-08-26
CUST002922,Richard Reddy,48,Retired,0.0,81432.21,rent,Philadelphia,PA,2021-06-27
CUST002923,Vikram Sharma,37,Employed,1.6,71257.31,Mortgage,San Diego,California,2016-11-14
CUST002924,Pooja Williams,39,Employed,4.93,61472.2,Mortgage,San Jose,CA,2016-07-06
CUST002925,David Anderson,41,Employed,1.37,104644.06,Own,Washington,DC,2020-02-05
CUST002926,Pooja Gonzalez,43,Employed,0.31,40275.37,Own,Nashville,TN,2016-05-26
CUST002927,Anjali Gonzalez,38,EMPLOYED,2.22,42399.34,Mortgage,El Paso,TX,2017-07-18
CUST002928,Karen Miller,42,Employed,4.4,59448.13,Mortgage,Milwaukee,WI,2017-08-12
CUST002929,Susan Smith,58,Employed,0.31,40778.57,Own,Columbus,OH,2017-02-10
CUST002930,David Patel,51,Self-Employed,3.01,81211.11,Rent,Tucson,Arizona,2021-08-07
CUST002931,Jessica Patel,50,Employed,0.27,39029.95,Rent,Atlanta,GA,2016-09-22
CUST002932,James Kumar,5,Employed,7.31,68581.8,Mortgage,Washington,DC,2018-12-03
CUST002933,Anil Kumar,29,Employed,10.27,56381.5,Own,Atlanta,GA,22/03/2020
CUST002934,Amit Rodriguez,51,EMPLOYED,16.59,68115.19,Mortgage,San Antonio,TX,2018-04-30
CUST002935,Lisa Davis,50,Employed,5.88,45440.32,Mortgage,Baltimore,MD,2021-01-28
CUST002936,Charles Nair,57,Unemployed,0.0,48851.83,Mortgage,Baltimore,MD,2015-11-07
CUST002937,Karen Singh,32,Employed,5.92,63424.5,Rent,Oklahoma City,OK,2019-01-06
CUST002938,Linda Garcia,37,Employed,9.64,67591.99,Mortgage,Phoenix,AZ,2017-03-24
CUST002939,Joseph Johnson,22,Employed,8.23,59723.38,Own,Nashville,TN,2019-08-12
CUST002940,Sarah Martinez,35,Unemployed,0.0,166577.74,Mortgage,Chicago,IL,2015-05-10
CUST002941,Robert Shah,51,Employed,5.26,33042.76,Rent,San Diego,CA,2019-12-05
CUST002942,Barbara Rodriguez,34,Employed,0.88,,Rent,Los Angeles,CA,2020-11-09
CUST002943,William Rodriguez,47,Employed,5.94,23291.01,Rent,El Paso,TX,2018-07-27
CUST002944,Patricia Shah,37,Employed,6.56,74850.56,Mortgage,San Antonio,TX,2020-09-08
CUST002945,Sarah Miller,43,self-employed,8.08,30664.23,Rent,Austin,TX,2019-05-28
CUST002946,Linda Smith,26,Employed,8.51,50666.18,Rent,Indianapolis,IN,2019-03-28
CUST002947,Neha Shah,41,Unemployed,0.0,47894.76,Mortgage,Tucson,AZ,2021-10-18
CUST002948,Rahul Hernandez,22,Employed,11.69,70865.19,Mortgage,Jacksonville,FL,2018-07-15
CUST002949,Jennifer Nair,37,Retired,0.0,42972.92,Rent,Sacramento,CA,16/01/2016
CUST002950,Thomas Reddy,22,Employed,19.09,41890.59,Rent,Austin,TX,28/11/2017
CUST002951,William Wilson,54,UNEMPLOYED,0.0,141706.58,Rent,El Paso,TX,2018-07-26
CUST002952,Charles Hernandez,49,Employed,4.1,71021.65,Mortgage,Sacramento,CA,2018-09-18
CUST002953,Patricia Shah,45,Employed,3.06,42760.48,Rent,Las Vegas,NV,2020-10-09
CUST002954,James Lopez,58,Employed,1.78,51508.38,Mortgage,Milwaukee,WI,2015-11-18
CUST002955,Joseph Reddy,28,Unemployed,0.0,160686.89,Mortgage,Charlotte,NC,2020-03-14
CUST002956,Karen Garcia,60,Employed,1.22,51994.91,Rent,Louisville,KY,2018-09-29
CUST002957,Thomas Smith,51,Employed,15.59,39594.05,Rent,Jacksonville,FL,2021-11-26
CUST002958,Michael Reddy,37,Employed,4.84,39695.87,RENT,Jacksonville,FL,2015-01-10
CUST002959,Anjali Shah,53,Retired,0.0,43067.51,Rent,Las Vegas,NV,2020-08-17
CUST002960,Thomas Shah,26,Employed,2.45,41910.91,Rent,Louisville,KY,2020-08-30
CUST002961,Jessica Anderson,30,Employed,1.77,27783.88,mortgage,Los Angeles,California,2016-03-13
CUST002962,Joseph Hernandez,32,Retired,0.0,30499.94,Rent,Arlington,Texas,20/01/2020
CUST002963,Karen Miller,33,Retired,0.0,36403.05,Rent,Fort Worth,TX,2018-10-26
CUST002964,Vikram Jones,27,Employed,11.04,85386.44,Mortgage,Baltimore,MD,2016-05-03
CUST002965,Deepa Davis,54,Unemployed,0.0,47631.88,Mortgage,Raleigh,North Carolina,2021-09-20
CUST002966,Ramesh Lopez,36,Employed,3.01,52875.9,Mortgage,Las Vegas,NV,2017-04-07
CUST002967,Barbara Sharma,44,Employed,4.2,128290.54,Rent,Memphis,TN,2020-09-03
CUST002968,Jennifer Sharma,33,Unemployed,0.0,130223.08,Rent,New York,NY,2017-06-19
CUST002969,Susan Anderson,22,Self-Employed,1.07,50550.34,Rent,Columbus,OH,30/08/2021
CUST002970,Susan Garcia,43,Employed,16.86,41006.34,Mortgage,Columbus,OH,2019-08-06
CUST002971,Richard Patel,22,Employed,5.49,35644.2,Rent,Seattle,WA,23/12/2018
CUST002972,Kiran Reddy,39,Employed,9.67,90732.01,rent,Phoenix,AZ,2015-11-22
CUST002973,Susan Shah,23,Self-Employed,3.73,52953.83,Own,Cleveland,OH,2017-10-12
CUST002974,Charles Smith,63,Retired,0.0,47481.86,Mortgage,San Antonio,TX,2020-12-09
CUST002975,Lisa Garcia,50,Employed,4.19,36746.61,Mortgage,Fresno,CA,2020-01-06
CUST002976,Susan Gonzalez,41,Unemployed,0.0,37729.6,Rent,Jacksonville,FL,2019-02-13
CUST002977,Richard Williams,55,Employed,9.56,72550.27,Rent,Boston,MA,2020-01-08
CUST002978,Barbara Williams,29,Self-Employed,5.24,27193.6,Rent,Oklahoma City,OK,2015-12-30
CUST002979,Ramesh Davis,46,Employed,1.66,108762.43,Mortgage,Fort Worth,Texas,2017-07-06
CUST002980,Anil Shah,42,Employed,1.6,43464.21,Own,Milwaukee,WI,02/02/2018
CUST002981,Vikram Brown,43,Employed,11.66,54732.8,Rent,San Diego,California,2015-04-24
CUST002982,Amit Jones,55,Retired,0.0,26844.42,Mortgage,San Francisco,CA,2016-07-09
CUST002983,James Gupta,48,Employed,7.2,59431.55,Mortgage,Miami,FL,2018-07-16
CUST002984,Michael Gonzalez,43,Employed,2.68,49168.45,Mortgage,Tucson,AZ,2017-10-13
CUST002985,Anjali Smith,22,Unemployed,0.0,58101.78,Own,Oklahoma City,OK,06/08/2017
CUST002986,Linda Smith,28,Employed,1.42,144787.92,Rent,Omaha,NE,2020-10-17
CUST002987,Robert Jones,38,Employed,0.12,66610.59,Rent,Memphis,TN,2018-05-10
CUST002988,Sarah Rao,41,Employed,2.83,37168.04,Mortgage,Arlington,TX,2017-01-15
CUST002989,Jennifer Rodriguez,26,Unemployed,0.0,39073.82,Rent,Louisville,KY,2018-11-10
CUST002990,Barbara Shah,68,Employed,4.23,85569.03,Mortgage,Raleigh,NC,2020-11-05
CUST002991,James Smith,58,Employed,1.3,130511.42,Mortgage,San Diego,CA,2018-05-30
CUST002992,Michael Singh,47,Employed,5.26,70908.87,Rent,Washington,DC,2016-08-12
CUST002993,Arjun Nair,40,Retired,0.0,90511.09,mortgage,Washington,DC,2017-02-24
CUST002994,Jennifer Miller,37,Employed,4.0,86322.25,Own,Milwaukee,WI,2021-01-25
CUST002995,William Sharma,28,Employed,9.24,140286.02,Rent,Arlington,TX,2019-07-21
CUST002996,Deepa Garcia,40,Self-Employed,4.49,18587.52,Mortgage,Jacksonville,FL,2017-03-15
CUST002997,Lisa Hernandez,43,Employed,0.5,89351.33,Own,Nashville,TN,2018-02-07
CUST002998,Sneha Jones,25,Employed,8.29,108038.36,Own,Arlington,TX,2020-02-07
CUST002999,Sarah Johnson,44,Retired,0.0,26816.32,Rent,Raleigh,North Carolina,2021-07-07
CUST003000,Karen Shah,38,Employed,10.72,35192.88,Mortgage,Philadelphia,PA,2020-08-10
CUST003001,Linda Smith,22,Self-Employed,3.69,35937.28,Own,Dallas,TX,2021-10-23
CUST003002,Robert Brown,29,Unemployed,0.0,38666.38,Rent,Oklahoma City,OK,2016-05-16
CUST003003,Charles Brown,35,Employed,17.89,44845.11,Rent,San Diego,CA,2019-12-15
CUST003004,Pooja Wilson,62,Employed,2.83,69255.77,Mortgage,Indianapolis,IN,14/10/2021
CUST003005,Barbara Smith,46,Retired,0.0,100650.04,Own,Nashville,Tennessee,2017-08-03
CUST003006,Joseph Smith,23,Self-Employed,8.74,114552.69,Mortgage,San Diego,CA,2020-08-19
CUST003007,Joseph Wilson,45,Employed,0.58,36217.81,Own,Jacksonville,FL,2020-03-02
CUST003008,Anjali Jones,22,Employed,0.14,36068.61,MORTGAGE,Boston,MA,2018-01-24
CUST003009,Neha Shah,52,Self-Employed,4.64,131859.61,Mortgage,San Jose,CA,2019-09-18
CUST003010,Charles Davis,34,Employed,0.92,88260.36,Mortgage,Minneapolis,MN,2019-10-09
CUST003011,Anjali Mehta,38,Employed,1.48,62926.26,mortgage,Memphis,TN,2021-10-12
CUST003012,Linda Sharma,55,Retired,0.0,79538.94,Mortgage,Portland,OR,2015-07-10
CUST003013,David Brown,24,Employed,5.29,58812.97,Rent,Omaha,NE,2018-06-07
CUST003014,Joseph Brown,23,Unemployed,0.0,82022.66,Mortgage,Dallas,TX,2019-10-13
CUST003015,Charles Lopez,32,Self-Employed,11.4,48940.47,Mortgage,Cleveland,OH,27/03/2018
CUST003016,John Gupta,52,Employed,0.65,70353.16,Rent,Memphis,TN,2020-12-04
CUST003017,Arjun Brown,22,Self-Employed,13.14,24189.46,Own,Las Vegas,NV,2019-08-07
CUST003018,Rahul Williams,22,Employed,10.07,39629.51,Own,Jacksonville,FL,26/08/2016
CUST003019,Robert Gupta,34,Employed,0.23,39886.5,Rent,Miami,FL,2015-05-20
CUST003020,Barbara Garcia,46,Employed,18.91,47827.97,Mortgage,Fresno,CA,2015-07-22
CUST003021,Ramesh Kumar,54,Employed,3.07,34340.89,Mortgage,Jacksonville,FL,2018-08-18
CUST003022,Arjun Gupta,34,Self-Employed,18.34,43472.06,Rent,Sacramento,CA,2015-08-23
CUST003023,Susan Mehta,35,Retired,0.0,24133.39,Mortgage,Austin,TX,2020-01-03
CUST003024,Ramesh Jones,53,Unemployed,0.0,,RENT,Miami,FL,2016-12-08
CUST003025,Lisa Gupta,22,Employed,3.58,56982.07,Rent,Denver,CO,2021-09-28
CUST003026,Charles Lopez,35,Self-Employed,1.61,21522.96,Own,Dallas,TX,2019-04-13
CUST003027,Michael Rodriguez,42,Employed,3.34,36282.91,Rent,Jacksonville,FL,2021-12-14
CUST003028,Kiran Mehta,45,Employed,0.57,73273.98,Rent,Oklahoma City,OK,2020-04-19
CUST003029,Rahul Rodriguez,33,Employed,11.96,43225.54,Mortgage,Baltimore,MD,2020-05-10
CUST003030,John Smith,40,Employed,6.25,39412.37,Rent,Arlington,TX,2020-06-02
CUST003031,Barbara Rao,22,Employed,8.18,57253.52,Mortgage,Houston,TX,2021-03-08
CUST003032,Barbara Hernandez,32,Employed,3.79,73582.21,Own,Washington,DC,28/06/2015
CUST003033,Barbara Gonzalez,45,Employed,0.67,25290.61,Own,New York,NY,26/05/2019
CUST003034,Deepa Reddy,28,EMPLOYED,3.85,83289.44,Mortgage,Miami,FL,2015-07-11
CUST003035,Sneha Williams,40,Retired,0.0,37042.61,Mortgage,Dallas,TX,2016-01-02
CUST003036,Linda Patel,45,Retired,0.0,59233.54,Mortgage,Fort Worth,TX,2018-10-06
CUST003037,Ramesh Reddy,35,Self-Employed,4.77,58615.12,Rent,Memphis,TN,2015-01-21
CUST003038,Karen Jones,42,Employed,9.61,43641.35,Own,Sacramento,CA,2019-03-31
CUST003039,Jennifer Hernandez,28,Self-Employed,6.2,32396.45,Mortgage,Minneapolis,MN,2016-10-11
CUST003040,William Garcia,37,Self-Employed,1.27,50442.44,Mortgage,Miami,FL,2016-04-17
CUST003041,Anjali Lopez,47,Self-Employed,8.55,158767.82,Rent,Portland,OR,2021-08-28
CUST003042,Priya Sharma,41,Employed,1.85,26449.56,Mortgage,Miami,FL,2016-02-23
CUST003043,Ramesh Sharma,32,Employed,1.23,165278.6,Rent,Portland,OR,23/04/2015
CUST003044,Sunita Gupta,42,Employed,16.24,51234.44,Rent,Baltimore,MD,13/12/2021
CUST003045,Arjun Jones,48,Employed,0.08,61158.42,Mortgage,Miami,FL,30/03/2020
CUST003046,Sarah Gonzalez,22,Employed,0.92,,OWN,Austin,TX,2021-12-17
CUST003047,Sunita Singh,53,Self-Employed,3.15,37693.33,Own,Philadelphia,PA,2015-05-15
CUST003048,Kiran Singh,35,Self-Employed,0.91,44278.49,Own,Cleveland,OH,2017-03-18
CUST003049,Kiran Singh,45,Employed,0.91,31970.95,Own,Los Angeles,CA,12/06/2016
CUST003050,Joseph Gonzalez,54,Employed,5.03,52820.21,Mortgage,Charlotte,NC,2016-02-23
CUST003051,Jennifer Patel,23,Self-Employed,8.55,46900.82,Mortgage,Denver,CO,13/08/2020
CUST003052,Sunita Kumar,31,Employed,5.42,181764.78,Own,Chicago,IL,2018-04-15
CUST003053,Joseph Nair,36,Employed,0.53,29744.97,Own,Seattle,WA,2019-05-04
CUST003054,Jennifer Davis,30,Unemployed,0.0,63679.27,Rent,Charlotte,NC,2019-11-23
CUST003055,Rahul Smith,60,Employed,12.8,69473.99,Own,Fresno,CA,2019-07-30
CUST003056,Jessica Smith,29,Unemployed,0.0,31502.04,Own,Denver,CO,2015-05-23
CUST003057,Rahul Singh,33,Unemployed,0.0,90408.76,Rent,Austin,TX,2016-03-03
CUST003058,Sneha Jones,42,Unemployed,0.0,47145.97,Own,Milwaukee,WI,2019-04-02
CUST003059,Linda Johnson,25,Employed,5.52,15000.0,Mortgage,Cleveland,OH,2019-09-03
CUST003060,Neha Lopez,35,employed,19.07,88957.12,Own,Miami,FL,2017-04-21
CUST003061,William Martinez,43,Employed,21.48,30633.07,Rent,Sacramento,CA,2020-06-15
CUST003062,Anil Jones,36,Employed,3.56,31931.08,Mortgage,Minneapolis,MN,2015-02-28
CUST003063,Sunita Davis,38,EMPLOYED,0.48,,Own,San Diego,CA,19/12/2018
CUST003064,Jessica Davis,33,Self-Employed,2.04,48615.76,Mortgage,Cleveland,Ohio,2020-08-13
CUST003065,Patricia Reddy,22,Retired,0.0,103845.89,own,San Diego,California,2015-04-13
CUST003066,William Brown,43,Unemployed,0.0,123760.02,MORTGAGE,Seattle,WA,2017-02-18
CUST003067,Barbara Gonzalez,61,Employed,16.14,40661.74,Rent,Fresno,CA,2018-05-24
CUST003068,Mary Nair,40,Self-Employed,1.52,96370.7,Own,Boston,MA,2020-03-21
CUST003069,Ramesh Lopez,42,Employed,3.85,38052.56,Mortgage,Fresno,CA,2021-08-11
CUST003070,Patricia Nair,48,Employed,1.72,228632.13,Mortgage,Chicago,IL,2015-09-22
CUST003071,Michael Mehta,24,UNEMPLOYED,0.0,39506.71,Rent,Baltimore,MD,2017-09-21
CUST003072,John Sharma,60,Employed,23.0,110818.88,Rent,Fresno,CA,2021-03-26
CUST003073,David Smith,42,Employed,10.23,99337.06,Rent,Columbus,Ohio,2017-02-22
CUST003074,Barbara Lopez,59,Unemployed,0.0,72377.64,Rent,Las Vegas,NV,2018-10-15
CUST003075,Barbara Williams,31,Employed,1.63,40041.6,Mortgage,San Antonio,TX,2015-02-26
CUST003076,Sarah Williams,61,Retired,0.0,54674.98,Rent,Indianapolis,IN,2015-05-09
CUST003077,James Patel,49,Employed,6.88,16446.16,Mortgage,Nashville,Tennessee,2017-07-15
CUST003078,Sunita Jones,46,Unemployed,0.0,68504.32,Mortgage,Chicago,Illinois,2020-11-11
CUST003079,Susan Sharma,42,Employed,26.6,73848.37,RENT,Baltimore,MD,2021-12-27
CUST003080,William Reddy,37,Employed,10.75,64867.35,Rent,San Francisco,CA,2018-09-25
CUST003081,Amit Nair,54,Employed,0.12,15000.0,Own,Washington,DC,2020-12-24
CUST003082,Lisa Sharma,41,Self-Employed,2.41,28018.44,Own,Philadelphia,PA,2015-07-03
CUST003083,Sunita Reddy,22,Unemployed,0.0,38221.19,Rent,Baltimore,MD,15/01/2020
CUST003084,Arjun Anderson,26,Self-Employed,1.38,71324.51,Mortgage,San Diego,CA,2021-02-10
CUST003085,James Martinez,37,Retired,0.0,71225.3,Rent,Indianapolis,IN,2015-04-07
CUST003086,Linda Jones,43,Unemployed,0.0,54060.86,Rent,Columbus,OH,07/12/2020
CUST003087,Patricia Shah,39,Employed,11.69,87653.54,Rent,Raleigh,NC,2017-07-12
CUST003088,Robert Gupta,54,Self-Employed,15.57,32346.29,MORTGAGE,Washington,DC,2015-07-03
CUST003089,Susan Kumar,22,Employed,0.05,86348.01,Mortgage,Arlington,TX,2021-05-28
CUST003090,David Smith,41,Employed,10.38,79606.04,Mortgage,Las Vegas,NV,2015-10-29
CUST003091,Vikram Wilson,22,Employed,4.11,75096.77,Rent,Austin,TX,02/05/2019
CUST003092,Anil Singh,49,Employed,1.36,53678.92,Rent,Arlington,TX,2018-03-01
CUST003093,Thomas Patel,38,Self-Employed,4.8,179592.61,Mortgage,Dallas,TX,2015-01-30
CUST003094,Pooja Martinez,45,Employed,27.35,80492.35,Rent,Columbus,OH,2018-11-11
CUST003095,Joseph Wilson,29,Self-Employed,1.62,,rent,Columbus,OH,2021-04-03
CUST003096,David Rodriguez,55,Retired,0.0,69493.14,Rent,Houston,TX,2015-03-30
CUST003097,Jennifer Kumar,52,Employed,6.0,94041.37,Mortgage,Cleveland,OH,2016-07-10
CUST003098,Anjali Jones,47,Self-Employed,0.22,42071.88,Own,Washington,DC,2015-12-23
CUST003099,Jessica Gonzalez,38,self-employed,8.59,115100.78,Mortgage,Fresno,CA,17/01/2015
CUST003100,Patricia Davis,46,Employed,5.29,75298.86,MORTGAGE,Seattle,WA,2017-12-05
CUST003101,Vikram Garcia,31,Self-Employed,9.2,15000.0,Rent,Omaha,NE,2016-11-21
CUST003102,John Nair,50,Employed,1.31,71668.26,Own,Fresno,CA,2021-06-04
CUST003103,Anil Sharma,59,Employed,9.39,46928.6,Rent,Austin,Texas,02/01/2020
CUST003104,Priya Shah,52,Employed,2.98,82644.86,Rent,Oklahoma City,OK,03/02/2018
CUST003105,Vikram Gonzalez,31,EMPLOYED,0.71,105506.61,Own,Denver,CO,2015-05-18
CUST003106,David Johnson,44,Employed,11.58,67312.23,Rent,Denver,CO,2019-03-25
CUST003107,Rahul Shah,24,Employed,6.1,162616.73,Mortgage,Cleveland,OH,13/11/2018
CUST003108,Ramesh Miller,46,EMPLOYED,0.92,53786.4,Rent,Seattle,WA,2020-03-26
CUST003109,Karen Brown,45,Unemployed,0.0,87106.84,Own,Minneapolis,MN,2019-09-27
CUST003110,Michael Williams,22,Unemployed,0.0,97048.44,Rent,San Antonio,TX,2016-12-29
CUST003111,Rahul Gupta,26,Employed,16.53,56477.21,MORTGAGE,Dallas,TX,2021-12-05
CUST003112,Arjun Smith,36,Employed,10.87,95536.59,Rent,Portland,Oregon,2017-06-12
CUST003113,Sarah Martinez,36,EMPLOYED,2.13,41906.5,Rent,Houston,TX,2015-09-09
CUST003114,David Singh,25,Unemployed,0.0,46465.2,Mortgage,Seattle,WA,26/09/2015
CUST003115,Michael Williams,44,Employed,1.68,27241.77,Own,Dallas,TX,2019-04-03
CUST003116,Jessica Gupta,43,Employed,6.79,69206.18,Own,Dallas,TX,2017-02-15
CUST003117,James Rao,37,Employed,0.88,72776.69,Mortgage,Indianapolis,IN,2018-06-13
CUST003118,Lisa Miller,30,Self-Employed,2.07,121486.44,Rent,San Jose,CA,2021-11-30
CUST003119,Richard Shah,52,Employed,4.66,96248.05,Own,Oklahoma City,Oklahoma,2017-03-26
CUST003120,Robert Davis,59,Employed,10.49,,Rent,Indianapolis,IN,2016-09-15
CUST003121,Karen Williams,34,Self-Employed,5.05,29527.94,Rent,Louisville,KY,2021-09-07
CUST003122,Robert Patel,32,Self-Employed,14.04,77630.08,Mortgage,Miami,FL,2016-04-06
CUST003123,Sneha Johnson,45,Self-Employed,13.35,116593.86,Mortgage,San Jose,CA,2019-04-12
CUST003124,Patricia Hernandez,35,Employed,6.33,94193.93,Rent,Cleveland,OH,2015-09-01
CUST003125,Jennifer Martinez,38,Self-Employed,1.63,114770.13,Own,Seattle,WA,2020-12-17
CUST003126,James Lopez,48,Employed,5.75,52726.12,Mortgage,Portland,OR,2017-04-17
CUST003127,Charles Gonzalez,22,Employed,1.07,45253.2,Own,Memphis,TN,21/06/2018
CUST003128,Pooja Miller,55,employed,2.03,38478.66,Rent,Baltimore,MD,2019-03-18
CUST003129,Priya Rao,40,Employed,7.09,57899.39,MORTGAGE,Phoenix,AZ,2019-05-15
CUST003130,Vikram Reddy,35,Employed,9.51,57116.34,MORTGAGE,Philadelphia,PA,19/06/2017
CUST003131,Neha Jones,38,Employed,2.7,67778.92,mortgage,Louisville,KY,02/06/2019
CUST003132,Michael Hernandez,39,Employed,3.71,55404.8,Mortgage,Minneapolis,MN,2017-10-06
CUST003133,Sunita Reddy,22,Employed,2.44,,Own,Seattle,WA,2021-12-29
CUST003134,Pooja Brown,57,Self-Employed,3.26,37570.84,Rent,Boston,MA,2017-09-09
CUST003135,Pooja Rao,40,Employed,3.59,105342.41,Mortgage,Milwaukee,WI,2019-08-03
CUST003136,Barbara Smith,45,retired,0.0,62687.09,Rent,Miami,FL,2016-09-25
CUST003137,Anjali Sharma,51,Employed,6.94,53924.15,Own,Oklahoma City,OK,2017-11-15
CUST003138,Robert Martinez,27,Employed,18.45,38236.37,Mortgage,Raleigh,NC,2015-01-23
CUST003139,David Jones,45,Employed,2.88,26926.12,Own,New York,NY,24/06/2015
CUST003140,Anil Williams,36,Self-Employed,0.43,131239.41,Rent,Philadelphia,PA,2017-11-21
CUST003141,Jennifer Nair,50,self-employed,5.83,83515.14,Rent,Milwaukee,WI,2021-08-04
CUST003142,Joseph Miller,22,Retired,0.0,22598.74,Own,Washington,DC,14/11/2021
CUST003143,Barbara Rao,38,Employed,9.19,94644.72,Own,Phoenix,AZ,2016-07-15
CUST003144,David Kumar,32,Employed,0.79,104139.72,Rent,Fresno,CA,2015-08-04
CUST003145,Amit Reddy,45,Self-Employed,5.18,64513.23,Own,Louisville,KY,2018-10-23
CUST003146,Amit Rao,45,Self-Employed,3.07,156195.94,Mortgage,Columbus,OH,2020-05-31
CUST003147,Arjun Anderson,31,Retired,0.0,68188.54,Mortgage,Las Vegas,NV,2017-01-18
CUST003148,William Hernandez,31,Employed,4.16,25588.69,Own,Columbus,OH,2021-06-24
CUST003149,Charles Lopez,38,Self-Employed,5.76,74540.76,Mortgage,Miami,FL,2020-06-21
CUST003150,Ramesh Johnson,29,Employed,9.52,69351.18,Mortgage,Seattle,WA,2020-10-10
CUST003151,Anjali Davis,50,Employed,1.34,41690.22,Mortgage,Oklahoma City,OK,2016-04-16
CUST003152,Jessica Gupta,35,EMPLOYED,1.73,84468.61,Mortgage,Denver,CO,24/06/2015
CUST003153,John Jones,22,Self-Employed,3.98,22013.27,Rent,El Paso,TX,2019-11-17
CUST003154,Kiran Brown,35,Self-Employed,2.13,108482.06,Own,Sacramento,CA,2015-07-06
CUST003155,James Jones,27,Employed,4.2,,Mortgage,Cleveland,OH,2015-06-30
CUST003156,Lisa Singh,22,Employed,1.12,33157.77,Mortgage,Dallas,TX,28/03/2019
CUST003157,Jennifer Sharma,25,Employed,1.84,55921.55,Rent,Cleveland,OH,2017-10-14
CUST003158,Michael Anderson,41,Employed,1.96,77635.79,Own,Miami,FL,01/06/2015
CUST003159,Priya Garcia,55,Employed,24.35,66062.36,Rent,El Paso,Texas,2017-08-30
CUST003160,Charles Garcia,43,Employed,9.63,38345.96,Mortgage,Houston,TX,2017-07-08
CUST003161,John Rodriguez,32,Self-Employed,9.09,44194.09,Rent,Chicago,IL,2017-09-01
CUST003162,Rahul Lopez,45,Employed,3.6,30338.55,Mortgage,San Antonio,TX,2016-08-14
CUST003163,Jennifer Williams,34,Employed,3.14,52323.04,Mortgage,Milwaukee,WI,2015-01-03
CUST003164,Susan Nair,31,Retired,0.0,114120.79,Rent,Los Angeles,CA,2017-06-28
CUST003165,Anil Rodriguez,26,Employed,1.1,59721.19,Mortgage,San Diego,CA,2021-05-03
CUST003166,Sneha Rodriguez,22,Self-Employed,11.29,100272.68,Rent,Austin,TX,2015-05-06
CUST003167,Deepa Shah,35,Employed,3.73,143378.15,Own,Baltimore,MD,2015-06-20
CUST003168,William Brown,41,Retired,0.0,42074.15,Mortgage,Milwaukee,WI,2018-11-17
CUST003169,Kiran Johnson,38,Employed,4.48,53533.13,Rent,New York,NY,2021-11-03
CUST003170,Rahul Martinez,35,SELF-EMPLOYED,2.37,220293.43,Rent,Las Vegas,NV,2021-10-31
CUST003171,Vikram Wilson,28,Employed,1.6,142430.02,Rent,Fort Worth,TX,2016-08-17
CUST003172,William Anderson,47,Retired,0.0,21950.77,mortgage,Dallas,TX,2018-12-18
CUST003173,Rahul Kumar,24,Employed,2.32,75530.29,Rent,Nashville,TN,2021-03-10
CUST003174,Priya Lopez,49,EMPLOYED,0.79,59894.26,Own,Austin,Texas,2021-08-28
CUST003175,Jennifer Mehta,27,Employed,1.63,98309.1,Own,Seattle,WA,2015-02-12
CUST003176,Sunita Kumar,30,Retired,0.0,38292.63,own,Philadelphia,PA,2015-05-15
CUST003177,Deepa Rodriguez,22,Self-Employed,0.71,36179.03,Rent,Boston,MA,2018-11-05
CUST003178,Robert Gupta,33,Employed,0.48,39909.02,Mortgage,San Francisco,CA,2016-04-14
CUST003179,Patricia Reddy,51,EMPLOYED,3.06,42482.3,Rent,Philadelphia,PA,2018-12-30
CUST003180,Sarah Nair,46,Employed,0.44,97654.84,Own,Boston,MA,2019-10-18
CUST003181,James Jones,51,Employed,2.5,29474.46,Mortgage,Austin,TX,2020-06-12
CUST003182,Michael Martinez,46,Employed,1.95,41209.81,Mortgage,Houston,TX,2019-04-09
CUST003183,Anjali Garcia,26,Retired,0.0,20467.48,Mortgage,Louisville,KY,2019-01-11
CUST003184,Vikram Williams,36,Self-Employed,3.35,109564.72,Own,Nashville,TN,2017-04-12
CUST003185,Joseph Gonzalez,30,Retired,0.0,128363.08,Mortgage,Charlotte,NC,2016-12-03
CUST003186,Anil Mehta,55,Employed,2.92,49205.27,Own,Las Vegas,NV,2018-06-04
CUST003187,Jennifer Lopez,25,Self-Employed,2.24,50072.66,Mortgage,Philadelphia,PA,2020-11-18
CUST003188,Anil Anderson,50,employed,7.94,78584.77,Own,San Antonio,TX,2016-02-23
CUST003189,Anil Brown,50,Employed,5.93,145029.03,Mortgage,New York,NY,2018-01-12
CUST003190,Jennifer Garcia,61,Employed,10.3,76509.21,Own,Columbus,OH,2015-05-27
CUST003191,Michael Gonzalez,35,Employed,5.53,39398.18,Mortgage,Atlanta,GA,2021-03-23
CUST003192,Ramesh Miller,48,Retired,0.0,,Own,Phoenix,AZ,2018-04-18
CUST003193,Vikram Hernandez,67,Employed,3.54,,Mortgage,Dallas,TX,2017-12-16
CUST003194,John Hernandez,32,Unemployed,0.0,62563.15,Mortgage,Raleigh,NC,19/05/2019
CUST003195,Arjun Gupta,22,Self-Employed,9.22,40408.83,Rent,Charlotte,NC,11/10/2015
CUST003196,Kiran Miller,22,Employed,1.0,67304.38,Mortgage,Tucson,AZ,2017-06-28
CUST003197,Sneha Brown,48,Employed,1.26,,Rent,Baltimore,MD,23/09/2016
CUST003198,Karen Anderson,22,Employed,9.91,31732.99,Rent,New York,NY,2015-12-20
CUST003199,Robert Singh,35,Employed,3.32,29548.29,Rent,New York,NY,2016-04-13
CUST003200,Barbara Sharma,45,Self-Employed,3.01,152880.63,Rent,El Paso,TX,2019-12-03
CUST003201,Barbara Shah,42,Retired,0.0,102067.81,Mortgage,San Diego,CA,19/05/2018
CUST003202,Jessica Hernandez,45,Employed,0.95,169111.03,Rent,Las Vegas,NV,2016-03-03
CUST003203,Robert Gupta,42,Retired,0.0,82782.38,Mortgage,Dallas,TX,2016-09-21
CUST003204,Anjali Johnson,55,Employed,8.25,46258.71,Mortgage,Atlanta,GA,24/10/2019
CUST003205,Rahul Wilson,28,EMPLOYED,9.07,132455.84,Mortgage,Phoenix,AZ,2017-07-30
CUST003206,Sneha Miller,31,Employed,0.15,58697.9,MORTGAGE,Charlotte,NC,2021-08-11
CUST003207,Patricia Miller,30,Employed,6.28,68357.4,Rent,Memphis,TN,2019-08-11
CUST003208,Mary Rao,49,Employed,0.48,58355.29,Mortgage,Philadelphia,PA,2015-01-29
CUST003209,Ramesh Rodriguez,50,Employed,17.04,15000.0,Own,San Antonio,Texas,2019-06-05
CUST003210,Thomas Shah,45,Employed,3.29,156817.97,Mortgage,San Antonio,TX,27/12/2020
CUST003211,Susan Williams,54,Employed,7.47,80386.57,Rent,Oklahoma City,OK,2021-01-31
CUST003212,Barbara Williams,25,Employed,4.86,72976.58,Own,Boston,MA,2015-05-26
CUST003213,Karen Gonzalez,60,Employed,15.18,57695.49,Mortgage,Nashville,TN,2017-08-24
CUST003214,Jennifer Martinez,58,Employed,18.18,66042.69,Rent,Dallas,TX,2017-10-20
CUST003215,Deepa Wilson,48,Employed,1.63,41841.03,Mortgage,Memphis,TN,2015-03-18
CUST003216,Amit Miller,61,Unemployed,0.0,,Rent,Dallas,TX,2016-03-18
CUST003217,Thomas Garcia,22,Employed,3.51,27330.02,Rent,San Jose,CA,2016-11-12
CUST003218,Patricia Williams,33,Employed,0.98,66945.96,MORTGAGE,Phoenix,AZ,2015-10-24
CUST003219,Ramesh Hernandez,31,Self-Employed,11.71,83863.36,Own,Tucson,AZ,2019-08-09
CUST003220,Lisa Garcia,48,Employed,2.15,53146.02,Own,Cleveland,OH,2020-07-10
CUST003221,Richard Lopez,27,Self-Employed,0.46,74796.07,Mortgage,New York,NY,2018-11-03
CUST003222,Sunita Sharma,49,Employed,0.84,33030.92,Rent,Arlington,Texas,2016-07-19
CUST003223,Sneha Singh,56,Employed,3.6,33540.33,Mortgage,Austin,TX,14/07/2016
CUST003224,David Nair,48,Employed,10.67,69011.63,Rent,Baltimore,MD,2015-04-29
CUST003225,Ramesh Lopez,43,employed,4.95,89960.84,Own,Washington,DC,2016-08-15
CUST003226,Anjali Smith,28,Self-Employed,1.21,19439.85,Rent,Columbus,OH,2018-10-15
CUST003227,Richard Williams,29,Employed,1.76,81896.57,Mortgage,San Jose,CA,2017-05-12
CUST003228,Barbara Hernandez,54,Retired,0.0,43220.88,Mortgage,Portland,OR,2019-05-27
CUST003229,Priya Smith,49,Employed,0.27,53333.31,Own,Arlington,TX,04/06/2019
CUST003230,Barbara Anderson,39,Retired,0.0,26803.54,Mortgage,Baltimore,MD,2017-04-22
CUST003231,Barbara Sharma,34,Employed,11.81,35919.29,Own,Columbus,OH,11/05/2018
CUST003232,Priya Brown,22,Employed,5.67,106902.79,Own,Philadelphia,PA,2019-02-25
CUST003233,Sunita Rodriguez,27,Employed,14.34,61066.46,own,San Antonio,TX,2017-03-29
CUST003234,Amit Reddy,62,EMPLOYED,0.83,47587.86,Mortgage,Dallas,TX,2021-02-27
CUST003235,James Anderson,24,Unemployed,0.0,55832.25,Mortgage,San Diego,CA,2016-02-04
CUST003236,William Shah,42,Employed,1.19,,Rent,Raleigh,NC,2017-04-12
CUST003237,Deepa Shah,52,SELF-EMPLOYED,3.95,77986.94,Rent,Memphis,Tennessee,14/01/2019
CUST003238,Michael Johnson,24,Employed,3.35,57238.6,Rent,Washington,DC,07/11/2016
CUST003239,Jessica Reddy,42,Self-Employed,3.59,115355.68,Rent,Las Vegas,NV,2015-11-13
CUST003240,Richard Wilson,51,Employed,1.56,107181.35,Rent,Oklahoma City,OK,2019-03-31
CUST003241,David Gupta,40,Self-Employed,7.59,76728.09,Mortgage,Dallas,TX,29/08/2019
CUST003242,Anjali Miller,74,EMPLOYED,6.79,61868.54,Mortgage,Indianapolis,IN,2017-09-26
CUST003243,Neha Miller,22,Retired,0.0,88822.27,Mortgage,Seattle,WA,2019-10-06
CUST003244,Richard Mehta,52,Retired,0.0,72298.63,Mortgage,Philadelphia,PA,02/06/2021
CUST003245,James Lopez,37,Unemployed,0.0,113151.18,Mortgage,Indianapolis,IN,2016-02-21
CUST003246,Rahul Smith,49,Employed,11.68,102717.4,Mortgage,Sacramento,CA,2020-12-08
CUST003247,Lisa Martinez,45,EMPLOYED,12.59,32501.7,Own,Omaha,NE,2016-03-26
CUST003248,Pooja Brown,31,Employed,5.24,31207.76,Own,Omaha,NE,2020-01-25
CUST003249,Kiran Shah,42,Retired,0.0,39310.63,Rent,Omaha,NE,2016-08-21
CUST003250,Anil Wilson,22,RETIRED,0.0,107547.0,Own,Denver,CO,2019-02-11
CUST003251,Sunita Lopez,47,Employed,2.46,23253.59,Own,Los Angeles,CA,2017-09-14
CUST003252,Neha Singh,43,Employed,9.98,75875.9,Mortgage,Nashville,TN,2020-02-07
CUST003253,Ramesh Kumar,47,Unemployed,0.0,74423.41,Mortgage,Columbus,OH,2016-07-28
CUST003254,Arjun Brown,52,Employed,1.39,120281.35,Mortgage,Tucson,AZ,27/06/2018
CUST003255,Susan Anderson,44,employed,0.24,66716.21,Mortgage,Omaha,NE,2019-11-01
CUST003256,Ramesh Lopez,41,Retired,0.0,26744.24,Own,Minneapolis,MN,2016-11-18
CUST003257,Susan Singh,29,Unemployed,0.0,33670.83,Own,Fort Worth,TX,2016-05-25
CUST003258,David Singh,31,Retired,0.0,29460.41,Own,Louisville,KY,2019-07-23
CUST003259,Ramesh Gonzalez,54,Employed,7.29,43357.44,Mortgage,Denver,CO,2018-02-02
CUST003260,Charles Mehta,57,Employed,2.67,53651.2,Mortgage,Houston,TX,2019-01-23
CUST003261,Ramesh Shah,37,Self-Employed,2.05,29754.48,Rent,Indianapolis,IN,2017-09-02
CUST003262,Charles Nair,40,Employed,0.95,144697.0,Mortgage,Miami,FL,2016-04-03
CUST003263,Michael Williams,29,Employed,13.61,27033.47,Mortgage,Memphis,TN,25/06/2020
CUST003264,Michael Williams,54,Unemployed,0.0,,Mortgage,San Diego,CA,2021-03-28
CUST003265,Mary Gupta,47,Retired,0.0,121917.25,Mortgage,Indianapolis,IN,2019-06-21
CUST003266,Sunita Brown,63,Employed,2.01,102639.85,Rent,Miami,FL,2020-07-07
CUST003267,Kiran Reddy,29,Employed,1.67,39487.52,Own,Omaha,NE,2016-06-09
CUST003268,Michael Shah,35,Employed,0.89,73531.6,Own,Phoenix,AZ,2016-07-01
CUST003269,Deepa Kumar,42,Employed,2.19,27821.86,mortgage,Tucson,AZ,2019-01-04
CUST003270,Robert Mehta,47,Employed,3.19,103419.03,Rent,New York,NY,2020-07-28
CUST003271,Charles Wilson,37,Employed,4.01,57274.41,Rent,Boston,MA,2015-11-10
CUST003272,Jessica Davis,29,Employed,0.85,46836.02,Rent,Oklahoma City,OK,2021-01-20
CUST003273,Anil Singh,50,Unemployed,0.0,28731.61,Mortgage,Dallas,Texas,2017-06-04
CUST003274,Anjali Brown,48,Employed,1.87,15000.0,Rent,Memphis,TN,2015-06-09
CUST003275,Richard Sharma,29,Employed,12.5,32108.48,OWN,Cleveland,OH,10/03/2018
CUST003276,Linda Lopez,56,Self-Employed,2.0,116737.01,Rent,Portland,OR,2021-05-14
CUST003277,Anil Wilson,54,employed,9.93,47018.67,Rent,Boston,MA,2016-05-09
CUST003278,Vikram Smith,41,Retired,0.0,54089.9,Rent,Fresno,CA,23/10/2017
CUST003279,Rahul Davis,40,Self-Employed,3.52,88728.16,Mortgage,Jacksonville,FL,2019-03-18
CUST003280,Pooja Martinez,46,Retired,0.0,176910.87,rent,Atlanta,GA,2016-11-15
CUST003281,Karen Mehta,29,Employed,2.45,132588.12,Mortgage,Phoenix,AZ,2016-10-09
CUST003282,Thomas Martinez,40,Employed,4.82,33409.61,Own,Los Angeles,CA,07/07/2018
CUST003283,Sunita Mehta,22,Employed,5.9,18665.98,Rent,Raleigh,NC,2018-10-20
CUST003284,Sarah Smith,50,Retired,0.0,246660.59,Own,Phoenix,AZ,2018-10-19
CUST003285,Sunita Johnson,22,Employed,4.21,233606.88,Own,New York,NY,2020-05-22
CUST003286,James Smith,58,Employed,1.22,67041.84,Mortgage,San Francisco,CA,2021-02-06
CUST003287,Barbara Lopez,36,Self-Employed,22.82,27936.99,mortgage,Columbus,OH,2020-03-25
CUST003288,Amit Reddy,37,Employed,5.76,106717.02,Own,Chicago,IL,2018-05-12
CUST003289,Priya Hernandez,32,SELF-EMPLOYED,2.35,56117.88,Own,Houston,TX,2016-11-12
CUST003290,David Patel,36,Retired,0.0,55949.87,Rent,Louisville,KY,2021-09-02
CUST003291,Ramesh Davis,57,Retired,0.0,102403.41,Own,Minneapolis,MN,2021-11-06
CUST003292,Vikram Miller,22,Employed,0.41,73176.15,Mortgage,Denver,CO,2020-06-01
CUST003293,Vikram Johnson,55,Employed,0.1,29392.98,Rent,Minneapolis,MN,2017-08-06
CUST003294,Ramesh Jones,44,Employed,0.23,49274.15,Mortgage,Portland,OR,2016-03-30
CUST003295,Anjali Reddy,25,Employed,5.78,89026.71,Own,Las Vegas,NV,2020-05-07
CUST003296,Susan Gonzalez,27,Self-Employed,6.2,81320.33,mortgage,Louisville,KY,2019-10-09
CUST003297,Priya Kumar,60,Self-Employed,6.44,70067.19,Mortgage,Philadelphia,PA,2016-04-25
CUST003298,David Wilson,28,Self-Employed,4.97,104825.65,Rent,Fresno,CA,2018-09-22
CUST003299,Joseph Brown,26,Employed,1.68,48193.04,Mortgage,Fresno,CA,2019-05-29
CUST003300,William Kumar,53,Self-Employed,0.91,66649.44,Own,Arlington,TX,2021-09-01
CUST003301,Linda Shah,44,Employed,13.15,15000.0,Own,San Jose,CA,2016-01-31
CUST003302,Vikram Rao,28,Employed,12.22,45716.29,Mortgage,Seattle,WA,2016-11-19
CUST003303,Thomas Singh,42,Self-Employed,1.39,94687.92,rent,Philadelphia,PA,2019-12-20
CUST003304,David Hernandez,27,Employed,0.92,47370.9,Mortgage,Nashville,TN,2017-06-24
CUST003305,Jessica Williams,53,Self-Employed,2.35,45263.83,Own,Philadelphia,Pennsylvania,2016-05-02
CUST003306,Jennifer Smith,52,Employed,0.25,32052.43,Rent,Minneapolis,MN,2021-12-26
CUST003307,Ramesh Smith,46,Employed,0.88,109318.35,Mortgage,Columbus,OH,2018-05-13
CUST003308,Barbara Smith,44,Employed,2.39,83206.27,Rent,San Jose,CA,2020-06-22
CUST003309,Jennifer Patel,61,Self-Employed,1.36,98247.86,Mortgage,Fresno,CA,2016-10-18
CUST003310,Anjali Smith,39,Employed,6.67,21253.39,Mortgage,Oklahoma City,OK,2019-09-11
CUST003311,William Anderson,25,Self-Employed,11.77,54378.82,Mortgage,Louisville,KY,2019-09-10
CUST003312,Neha Garcia,45,Self-Employed,11.99,50611.46,Rent,Raleigh,NC,2017-09-25
CUST003313,Sarah Shah,65,Employed,4.64,50597.48,Rent,Phoenix,AZ,2021-06-15
CUST003314,Joseph Martinez,27,Unemployed,0.0,41372.99,Rent,Nashville,Tennessee,2019-07-02
CUST003315,Richard Singh,35,Unemployed,0.0,48646.61,Mortgage,Las Vegas,NV,2017-02-22
CUST003316,Sarah Reddy,44,Unemployed,0.0,99686.63,Mortgage,Indianapolis,IN,2020-01-15
CUST003317,Anjali Rao,39,Self-Employed,5.04,19001.8,Mortgage,Houston,TX,2021-08-07
CUST003318,Thomas Mehta,28,Employed,2.15,173924.55,Rent,Indianapolis,IN,2020-04-09
CUST003319,Patricia Rodriguez,53,Employed,0.03,80041.83,Own,Philadelphia,Pennsylvania,2016-07-18
CUST003320,Jennifer Jones,67,Self-Employed,4.28,58372.54,Own,Las Vegas,NV,2019-03-17
CUST003321,Mary Shah,42,Employed,1.11,103166.61,Own,San Diego,CA,2015-12-29
CUST003322,Michael Brown,29,self-employed,10.88,25056.77,Own,Milwaukee,WI,2015-05-21
CUST003323,Anil Gupta,22,EMPLOYED,13.59,,Own,Arlington,TX,2018-08-22
CUST003324,Linda Brown,43,Employed,0.88,55678.8,Own,Omaha,NE,2020-04-03
CUST003325,Barbara Martinez,53,Employed,0.15,135854.02,Mortgage,Houston,TX,2016-12-23
CUST003326,Thomas Garcia,45,Employed,0.02,58226.86,Own,Nashville,Tennessee,2021-06-30
CUST003327,Jennifer Williams,39,Employed,12.21,78435.57,Rent,Jacksonville,Florida,2018-11-21
CUST003328,Kiran Lopez,32,Unemployed,0.0,42034.78,Own,San Diego,CA,2015-10-19
CUST003329,Jessica Gonzalez,26,Employed,2.86,80186.08,Rent,New York,NY,2016-08-31
CUST003330,Michael Sharma,50,Employed,0.29,163790.55,Rent,Dallas,TX,2021-04-28
CUST003331,Mary Wilson,50,Employed,2.34,108805.38,Own,New York,NY,2016-09-22
CUST003332,John Sharma,22,Employed,7.7,57018.23,own,Austin,TX,2017-06-13
CUST003333,John Miller,59,Employed,2.61,89795.89,Own,Miami,FL,2019-11-29
CUST003334,Sunita Gonzalez,46,Self-Employed,7.47,84669.45,Mortgage,Washington,DC,2017-04-08
CUST003335,Priya Shah,56,Unemployed,0.0,81141.73,Mortgage,Tucson,AZ,2021-08-15
CUST003336,Deepa Garcia,23,Unemployed,0.0,116677.85,Mortgage,Tucson,AZ,2016-10-19
CUST003337,Susan Martinez,23,Employed,6.69,116155.68,Mortgage,San Francisco,CA,2017-09-16
CUST003338,James Garcia,38,Employed,10.56,55475.95,Mortgage,Austin,TX,2018-01-15
CUST003339,Robert Brown,46,Unemployed,0.0,88003.11,mortgage,Boston,MA,2016-01-19
CUST003340,Arjun Lopez,61,Employed,5.88,47578.82,Rent,Dallas,TX,2020-08-05
CUST003341,Sneha Gupta,48,Employed,6.05,34411.86,Mortgage,Seattle,WA,2016-10-24
CUST003342,James Garcia,37,Unemployed,0.0,50934.91,Own,San Diego,CA,2018-02-18
CUST003343,Amit Reddy,27,Self-Employed,15.05,57195.65,Own,Los Angeles,CA,2017-02-23
CUST003344,Thomas Brown,54,Employed,1.15,22093.78,Mortgage,El Paso,TX,2016-08-12
CUST003345,Richard Gupta,28,Employed,2.15,100327.94,Mortgage,Las Vegas,NV,2015-05-02
CUST003346,Mary Singh,59,Employed,3.65,15000.0,Own,Seattle,WA,2019-03-22
CUST003347,Mary Kumar,36,Employed,0.67,305251.15,Mortgage,Tucson,Arizona,04/04/2016
CUST003348,Pooja Rao,59,Employed,4.5,147432.76,Mortgage,Phoenix,AZ,05/10/2017
CUST003349,Barbara Miller,48,Employed,1.01,51194.88,Mortgage,San Francisco,CA,2019-06-24
CUST003350,Rahul Brown,38,Employed,12.84,60213.74,Own,Cleveland,OH,2019-04-11
CUST003351,Jessica Smith,33,self-employed,10.98,,Rent,Phoenix,AZ,2017-06-10
CUST003352,Priya Jones,35,Self-Employed,3.93,42045.34,Mortgage,Miami,FL,2019-05-11
CUST003353,Joseph Williams,45,Self-Employed,2.98,67209.61,Mortgage,Milwaukee,WI,2015-03-26
CUST003354,William Rodriguez,40,Employed,0.54,,Rent,Minneapolis,MN,05/01/2019
CUST003355,Karen Sharma,32,Employed,8.67,56581.44,Mortgage,Boston,MA,2021-11-03
CUST003356,Richard Williams,38,Employed,2.39,66761.15,Rent,Houston,TX,2016-05-30
CUST003357,Neha Nair,40,Employed,1.41,27224.79,Mortgage,Miami,FL,2018-09-20
CUST003358,Charles Anderson,22,Retired,0.0,61312.67,Rent,Cleveland,OH,2016-02-25
CUST003359,Kiran Wilson,45,Self-Employed,5.52,66043.48,Mortgage,Austin,TX,2016-02-27
CUST003360,Pooja Gonzalez,28,Employed,0.38,64686.63,Mortgage,Boston,MA,2019-12-18
CUST003361,Richard Rodriguez,26,Employed,8.08,52601.59,Mortgage,Austin,TX,04/06/2018
CUST003362,Susan Miller,22,Employed,6.94,118505.5,Own,San Francisco,CA,2017-09-16
CUST003363,Karen Gonzalez,22,Employed,2.56,48426.79,Rent,San Antonio,TX,17/03/2020
CUST003364,Michael Patel,23,Employed,0.66,68623.86,Mortgage,Cleveland,OH,2017-10-28
CUST003365,Lisa Garcia,31,Employed,3.44,130402.16,Rent,San Diego,CA,2019-11-21
CUST003366,Jessica Reddy,63,Employed,7.21,57089.43,Own,Charlotte,NC,2021-08-16
CUST003367,Kiran Wilson,33,Employed,0.4,68096.29,Mortgage,Minneapolis,MN,2020-11-10
CUST003368,Deepa Wilson,5,Self-Employed,0.89,56509.79,Rent,New York,NY,25/06/2016
CUST003369,Karen Hernandez,44,EMPLOYED,4.82,125796.64,Rent,Chicago,IL,2016-11-15
CUST003370,Michael Gupta,41,Unemployed,0.0,51295.86,Own,New York,NY,2020-07-30
CUST003371,Anjali Wilson,39,Employed,11.77,129315.8,Rent,Indianapolis,IN,2019-05-17
CUST003372,Richard Patel,25,UNEMPLOYED,0.0,56266.09,Rent,Chicago,Illinois,2018-06-12
CUST003373,Neha Lopez,57,Employed,12.56,35750.67,Rent,Atlanta,GA,2016-09-17
CUST003374,John Anderson,61,Employed,3.14,90005.31,Rent,Boston,MA,2015-09-05
CUST003375,David Johnson,22,Employed,7.75,49871.22,RENT,Memphis,TN,07/06/2017
CUST003376,Pooja Rodriguez,27,Employed,0.25,,Mortgage,San Jose,CA,2015-04-08
CUST003377,Sunita Martinez,36,Employed,1.74,15000.0,Rent,Jacksonville,FL,2021-11-19
CUST003378,Amit Lopez,28,Employed,5.17,60061.43,mortgage,Chicago,IL,2018-01-23
CUST003379,Vikram Smith,46,Unemployed,0.0,45444.03,Mortgage,Sacramento,CA,2017-07-25
CUST003380,Linda Garcia,31,Employed,4.23,31635.8,Mortgage,Portland,OR,2016-02-12
CUST003381,Priya Wilson,65,Employed,3.28,42961.32,Rent,Charlotte,NC,2015-12-06
CUST003382,Susan Lopez,54,Employed,1.33,42437.09,Own,Oklahoma City,OK,09/12/2019
CUST003383,Sarah Williams,42,EMPLOYED,0.96,58174.86,Rent,Indianapolis,IN,2015-01-22
CUST003384,Jessica Mehta,52,Unemployed,0.0,26360.03,Mortgage,Portland,OR,2018-12-10
CUST003385,Rahul Lopez,53,Retired,0.0,72385.72,Mortgage,Oklahoma City,OK,2015-01-05
CUST003386,Barbara Rao,33,Employed,2.86,135907.38,Own,Seattle,WA,2021-05-12
CUST003387,Priya Brown,30,Employed,10.97,70866.78,Mortgage,Phoenix,AZ,2017-01-11
CUST003388,James Hernandez,40,Unemployed,0.0,97284.33,rent,Cleveland,Ohio,07/08/2019
CUST003389,James Nair,50,Employed,0.68,115466.7,Mortgage,Boston,Massachusetts,2021-11-05
CUST003390,Arjun Miller,41,Self-Employed,5.9,125730.21,Rent,San Diego,CA,2021-06-26
CUST003391,Anil Patel,22,Retired,0.0,183888.19,Own,Minneapolis,MN,2021-11-11
CUST003392,Priya Davis,30,Self-Employed,2.86,44377.1,Rent,Houston,TX,2016-08-07
CUST003393,John Gonzalez,39,Employed,4.91,38906.23,Rent,Jacksonville,FL,2020-01-06
CUST003394,Charles Gupta,39,Unemployed,0.0,95805.88,Mortgage,Charlotte,NC,2017-11-24
CUST003395,Jessica Kumar,63,RETIRED,0.0,91579.23,mortgage,Tucson,AZ,2020-07-17
CUST003396,Jessica Brown,23,self-employed,17.37,95359.11,Mortgage,Chicago,IL,2020-12-17
CUST003397,Karen Nair,46,Employed,13.52,186012.56,Mortgage,Louisville,Kentucky,2016-04-08
CUST003398,John Patel,57,retired,0.0,60284.0,Mortgage,Phoenix,AZ,2018-12-06
CUST003399,Sunita Mehta,67,Retired,0.0,77318.92,Rent,Milwaukee,WI,2016-11-14
CUST003400,Ramesh Hernandez,35,Retired,0.0,33248.57,Rent,Denver,CO,2020-11-21
CUST003401,Priya Miller,45,Employed,2.0,215602.71,Mortgage,Nashville,TN,2018-09-02
CUST003402,Richard Johnson,46,Self-Employed,2.91,48926.43,rent,Oklahoma City,OK,2020-08-03
CUST003403,Kiran Sharma,42,Self-Employed,0.07,49765.16,Own,Philadelphia,PA,2017-03-21
CUST003404,Robert Rodriguez,38,Employed,0.28,48627.77,Mortgage,Sacramento,CA,2021-11-16
CUST003405,Sunita Brown,45,Employed,7.38,40662.54,Mortgage,Milwaukee,WI,2021-10-02
CUST003406,Linda Anderson,22,Self-Employed,2.04,,Own,New York,NY,2018-03-03
CUST003407,David Gupta,48,unemployed,0.0,43729.47,own,Boston,MA,2020-07-31
CUST003408,Priya Patel,41,unemployed,0.0,26384.25,MORTGAGE,Fort Worth,TX,2020-01-25
CUST003409,Anjali Davis,37,EMPLOYED,8.2,37376.94,Rent,Denver,CO,2015-07-04
CUST003410,Mary Martinez,64,EMPLOYED,5.45,192794.06,Rent,Cleveland,OH,2019-10-16
CUST003411,Mary Shah,31,Employed,1.12,93096.61,Mortgage,Nashville,TN,2017-08-24
CUST003412,James Anderson,35,Unemployed,0.0,104353.82,Mortgage,Arlington,TX,09/02/2018
CUST003413,Charles Jones,63,Employed,6.09,121336.78,mortgage,Indianapolis,Indiana,2020-01-05
CUST003414,Vikram Johnson,30,Self-Employed,2.01,179958.35,Mortgage,Milwaukee,WI,08/05/2015
CUST003415,Amit Johnson,33,Self-Employed,1.07,20684.64,Rent,Boston,Massachusetts,2021-06-29
CUST003416,Arjun Shah,38,Retired,0.0,28625.98,Mortgage,Raleigh,NC,21/05/2017
CUST003417,Mary Williams,50,Employed,1.6,36966.44,Own,Miami,FL,2021-07-23
CUST003418,Sneha Brown,42,Self-Employed,4.51,45168.81,Own,Fort Worth,TX,2019-04-11
CUST003419,Sunita Reddy,24,Retired,0.0,49994.0,Rent,Fresno,CA,2015-06-29
CUST003420,Lisa Rodriguez,33,Self-Employed,11.85,45789.65,own,Indianapolis,IN,2019-06-30
CUST003421,Priya Rao,32,Employed,2.11,68294.56,Rent,San Jose,CA,2019-06-12
CUST003422,Neha Gonzalez,39,Employed,11.9,61155.63,Own,New York,NY,2020-10-10
CUST003423,Jennifer Singh,45,Unemployed,0.0,38804.8,Rent,Portland,OR,2019-10-26
CUST003424,Priya Sharma,45,employed,4.64,16230.88,Mortgage,Los Angeles,CA,08/12/2020
CUST003425,Patricia Gonzalez,22,Self-Employed,0.7,33000.53,Rent,Charlotte,NC,2018-07-12
CUST003426,Lisa Nair,52,Self-Employed,7.53,43064.61,Mortgage,Fresno,CA,2021-03-27
CUST003427,Anil Sharma,43,Retired,0.0,51624.54,Own,Washington,DC,2020-08-15
CUST003428,Linda Lopez,56,Employed,9.98,30400.05,Mortgage,New York,NY,02/07/2018
CUST003429,Michael Smith,45,Self-Employed,3.01,44601.2,Mortgage,El Paso,TX,2018-01-05
CUST003430,Joseph Johnson,53,Employed,0.5,30375.98,Rent,New York,NY,2015-09-25
CUST003431,James Jones,45,Employed,2.26,55520.54,Rent,Memphis,TN,2021-11-17
CUST003432,Michael Hernandez,56,Employed,7.56,31449.72,rent,Nashville,TN,2020-09-21
CUST003433,Ramesh Davis,46,Unemployed,0.0,35977.79,Own,San Antonio,TX,27/02/2020
CUST003434,David Williams,38,unemployed,0.0,27304.03,Mortgage,Columbus,OH,2019-03-10
CUST003435,Richard Reddy,67,EMPLOYED,3.54,54606.03,Rent,Tucson,AZ,2015-08-07
CUST003436,Rahul Singh,50,EMPLOYED,1.85,35601.08,Rent,Indianapolis,IN,2015-06-13
CUST003437,James Nair,46,Self-Employed,7.05,103163.52,Own,Portland,OR,2016-09-04
CUST003438,Patricia Rodriguez,24,Self-Employed,0.27,76382.6,Rent,Miami,FL,2021-06-26
CUST003439,Robert Brown,24,Self-Employed,3.44,57416.61,Rent,Houston,TX,2019-02-14
CUST003440,Patricia Martinez,43,Retired,0.0,37105.06,MORTGAGE,San Jose,CA,2015-12-21
CUST003441,John Rodriguez,41,Unemployed,0.0,75230.51,Own,Seattle,WA,24/05/2021
CUST003442,Arjun Nair,32,Employed,0.73,90619.12,Own,Philadelphia,PA,2016-09-07
CUST003443,Anjali Rodriguez,41,Employed,2.64,65225.97,Rent,Chicago,IL,2017-10-11
CUST003444,David Jones,59,Employed,3.84,156720.79,Mortgage,Charlotte,North Carolina,2019-07-15
CUST003445,Anil Brown,48,Unemployed,0.0,78887.84,Mortgage,Tucson,AZ,2016-01-04
CUST003446,William Hernandez,26,Employed,0.06,103586.71,Rent,Portland,OR,2015-11-01
CUST003447,Barbara Rao,38,Self-Employed,1.07,64869.92,Rent,Boston,Massachusetts,2016-10-20
CUST003448,Sunita Shah,30,Employed,3.35,89805.25,rent,Milwaukee,WI,2015-12-02
CUST003449,Deepa Mehta,35,Retired,0.0,37120.75,Own,Philadelphia,PA,15/12/2017
CUST003450,Linda Kumar,35,Self-Employed,6.61,45476.95,Rent,Raleigh,North Carolina,2020-06-19
CUST003451,Amit Davis,34,Employed,0.82,73837.21,Own,San Antonio,Texas,2021-03-01
CUST003452,Sneha Mehta,24,Employed,7.41,73516.1,Own,Minneapolis,MN,2019-03-02
CUST003453,Kiran Rodriguez,38,Employed,1.15,81191.6,Own,Dallas,TX,2015-10-25
CUST003454,Priya Rao,33,Unemployed,0.0,115871.34,Mortgage,Louisville,KY,2021-02-28
CUST003455,Sneha Davis,22,Self-Employed,3.26,25463.91,Rent,Phoenix,AZ,2018-07-28
CUST003456,Jennifer Rodriguez,64,Self-Employed,2.13,33367.19,Mortgage,Raleigh,NC,2018-05-29
CUST003457,Charles Nair,53,Employed,0.12,68716.43,Own,Cleveland,OH,2021-12-12
CUST003458,Jennifer Lopez,35,Employed,11.96,38769.22,Mortgage,Houston,TX,2019-09-04
CUST003459,Sarah Mehta,40,Employed,1.69,454367.19,Own,Las Vegas,NV,2019-10-16
CUST003460,Jessica Nair,25,Employed,0.73,81587.53,Own,Dallas,TX,2017-11-29
CUST003461,John Williams,60,Employed,0.71,57125.25,Mortgage,Indianapolis,IN,2020-08-21
CUST003462,Kiran Johnson,62,Employed,18.37,43946.07,Mortgage,Denver,CO,2018-03-27
CUST003463,Jessica Smith,41,Employed,0.66,44886.96,Mortgage,San Francisco,CA,2015-06-03
CUST003464,Jessica Anderson,115,Self-Employed,2.13,60966.78,MORTGAGE,Oklahoma City,OK,2019-11-10
CUST003465,Anjali Miller,42,Unemployed,0.0,64035.26,Own,Louisville,KY,2018-05-30
CUST003466,Kiran Brown,23,Employed,6.65,45523.34,Rent,Oklahoma City,OK,2016-10-30
CUST003467,Arjun Miller,35,Self-Employed,4.54,50823.22,Mortgage,Oklahoma City,Oklahoma,2018-02-24
CUST003468,Amit Kumar,41,employed,3.81,134130.8,Own,Baltimore,MD,2017-12-23
CUST003469,Priya Rao,34,Employed,9.68,137407.05,Mortgage,Seattle,WA,2016-04-16
CUST003470,Lisa Nair,37,Retired,0.0,69648.77,Mortgage,Charlotte,NC,2019-05-27
CUST003471,Anil Shah,38,Employed,15.56,26775.54,Rent,Phoenix,AZ,2019-05-07
CUST003472,Barbara Kumar,39,Employed,4.87,82710.5,Rent,Fort Worth,TX,2017-06-19
CUST003473,Michael Jones,40,Employed,2.19,152141.98,Rent,Dallas,TX,2019-11-10
CUST003474,Joseph Lopez,27,EMPLOYED,0.19,136198.5,Rent,Raleigh,North Carolina,2021-11-14
CUST003475,Anjali Anderson,31,Self-Employed,6.46,93027.97,mortgage,San Antonio,TX,2016-12-03
CUST003476,Pooja Miller,24,Employed,2.34,,Mortgage,San Jose,CA,2018-11-02
CUST003477,Vikram Miller,51,Employed,4.57,61822.99,Own,San Antonio,TX,2018-02-22
CUST003478,John Rodriguez,22,Unemployed,0.0,87278.7,Rent,Austin,TX,2017-09-01
CUST003479,Ramesh Garcia,53,employed,0.04,39796.52,Own,Baltimore,MD,2021-10-18
CUST003480,Lisa Patel,56,Employed,7.13,71350.47,Mortgage,Milwaukee,WI,2017-10-30
CUST003481,Michael Jones,36,Retired,0.0,132948.96,Own,Oklahoma City,OK,2015-12-20
CUST003482,Anil Brown,22,Employed,0.66,42038.7,Mortgage,Portland,OR,2015-06-10
CUST003483,Linda Davis,35,Unemployed,0.0,35708.14,Own,San Diego,CA,2020-07-03
CUST003484,Mary Anderson,39,Retired,0.0,63480.84,Own,Fresno,CA,2019-04-18
CUST003485,Susan Rodriguez,27,Employed,9.24,52260.84,Own,Washington,DC,2016-02-04
CUST003486,Mary Sharma,33,Employed,3.69,,Mortgage,Columbus,OH,2016-04-03
CUST003487,Amit Anderson,58,Employed,8.78,45617.39,Mortgage,Baltimore,MD,2016-11-19
CUST003488,Neha Rodriguez,47,Unemployed,0.0,167889.91,Mortgage,Nashville,TN,2019-06-19
CUST003489,Linda Singh,28,Employed,2.96,27617.21,mortgage,Milwaukee,WI,2017-10-01
CUST003490,Jennifer Lopez,22,SELF-EMPLOYED,2.32,127037.92,Mortgage,San Francisco,CA,2020-03-25
CUST003491,Ramesh Miller,36,Retired,0.0,37838.81,RENT,San Diego,CA,18/04/2015
CUST003492,Barbara Gonzalez,37,Unemployed,0.0,20382.06,Mortgage,Philadelphia,PA,2021-09-27
CUST003493,Pooja Wilson,45,Retired,0.0,69059.59,Own,Austin,TX,2018-05-27
CUST003494,Pooja Hernandez,33,Self-Employed,18.59,51391.87,Own,Nashville,TN,2019-12-15
CUST003495,Patricia Anderson,46,Retired,0.0,30768.12,MORTGAGE,Omaha,NE,04/10/2020
CUST003496,Karen Lopez,63,Employed,2.74,21832.91,rent,Chicago,IL,28/05/2017
CUST003497,Michael Johnson,49,Self-Employed,0.89,,Own,Columbus,OH,2020-12-09
CUST003498,Anjali Reddy,39,Self-Employed,4.55,107527.52,Rent,Oklahoma City,OK,2015-09-04
CUST003499,Ramesh Miller,37,Employed,9.41,85048.09,own,San Jose,CA,2018-03-26
CUST003500,Charles Miller,35,Employed,1.42,61946.35,Mortgage,Philadelphia,PA,2015-04-02
CUST003501,Vikram Garcia,54,self-employed,0.05,79802.37,Rent,Indianapolis,Indiana,2018-11-07
CUST003502,Karen Kumar,32,Employed,5.88,58904.43,Mortgage,Washington,District of Columbia,2017-12-09
CUST003503,Kiran Kumar,40,Employed,0.16,25391.39,Mortgage,Louisville,KY,2015-02-21
CUST003504,Ramesh Brown,40,Employed,2.63,25526.28,Rent,Minneapolis,MN,2021-07-11
CUST003505,Patricia Shah,33,Retired,0.0,53002.74,Own,Houston,TX,2017-07-05
CUST003506,Sarah Brown,23,Employed,2.44,,Mortgage,Nashville,TN,2018-06-18
CUST003507,Joseph Brown,43,Unemployed,0.0,99766.69,Mortgage,San Francisco,CA,2017-01-29
CUST003508,Patricia Johnson,39,Employed,8.03,94313.77,Rent,Jacksonville,FL,2019-05-11
CUST003509,Karen Davis,46,Employed,1.79,86084.08,Rent,Los Angeles,CA,2019-12-25
CUST003510,John Singh,33,Employed,0.99,50606.25,Own,Louisville,KY,2019-09-27
CUST003511,Michael Rodriguez,54,self-employed,2.46,26150.11,Rent,Baltimore,Maryland,2016-03-21
CUST003512,Joseph Gupta,29,Unemployed,0.0,76668.23,Own,Sacramento,CA,2017-02-18
CUST003513,Vikram Gonzalez,60,Self-Employed,5.86,82051.44,Own,Sacramento,CA,2018-12-21
CUST003514,Vikram Brown,22,Self-Employed,6.19,15000.0,Mortgage,Indianapolis,IN,2020-09-12
CUST003515,Joseph Reddy,45,Employed,0.07,36293.61,Rent,San Antonio,TX,2017-11-15
CUST003516,Karen Sharma,45,Self-Employed,5.94,39551.84,Rent,Milwaukee,Wisconsin,20/07/2019
CUST003517,Jessica Garcia,30,Employed,1.78,64280.41,Mortgage,San Antonio,TX,2016-07-05
CUST003518,Jessica Lopez,45,Employed,5.34,36974.5,Mortgage,Dallas,TX,2020-12-14
CUST003519,Charles Nair,55,Unemployed,0.0,58519.73,Rent,San Diego,CA,2020-05-02
CUST003520,Charles Reddy,22,Unemployed,0.0,52768.99,rent,New York,NY,2017-03-10
CUST003521,James Brown,46,Employed,1.03,54421.27,Rent,Houston,TX,09/06/2016
CUST003522,Susan Kumar,22,Retired,0.0,38955.04,Own,Charlotte,NC,2015-11-04
CUST003523,Sneha Reddy,28,Self-Employed,6.72,40807.0,Rent,Dallas,TX,2018-08-12
CUST003524,Lisa Nair,59,Employed,9.07,31314.6,Rent,Fort Worth,TX,2020-06-10
CUST003525,Sarah Garcia,33,Employed,2.86,75210.07,Rent,Louisville,KY,01/08/2016
CUST003526,Priya Mehta,25,Retired,0.0,84344.22,Own,Boston,Massachusetts,2020-10-08
CUST003527,John Garcia,37,Self-Employed,2.11,37708.06,Rent,Philadelphia,PA,2021-10-17
CUST003528,Susan Hernandez,64,EMPLOYED,3.46,149101.72,Rent,Raleigh,NC,2019-09-10
CUST003529,Anil Jones,22,Self-Employed,5.2,49574.86,mortgage,Raleigh,North Carolina,2020-10-23
CUST003530,James Mehta,27,Employed,8.42,149958.13,Rent,San Francisco,CA,2017-11-13
CUST003531,Sneha Wilson,57,Employed,1.01,40730.14,Rent,Phoenix,AZ,2020-01-23
CUST003532,Arjun Smith,62,Self-Employed,2.6,17748.45,Mortgage,Los Angeles,CA,2019-07-22
CUST003533,Susan Rodriguez,38,Employed,3.09,76215.39,Rent,Phoenix,Arizona,2016-02-15
CUST003534,John Garcia,25,Self-Employed,3.35,69503.13,OWN,Fort Worth,TX,2018-08-12
CUST003535,James Gupta,65,Retired,0.0,61122.56,Mortgage,Baltimore,MD,2017-07-31
CUST003536,Neha Sharma,59,Retired,0.0,40727.57,Mortgage,Dallas,TX,29/02/2020
CUST003537,James Sharma,48,Self-Employed,10.87,58644.95,Own,Philadelphia,Pennsylvania,30/08/2016
CUST003538,Sarah Sharma,30,RETIRED,0.0,44057.21,Rent,El Paso,TX,2020-12-21
CUST003539,Linda Johnson,39,Unemployed,0.0,49940.63,Own,San Diego,CA,02/06/2018
CUST003540,Mary Patel,38,Employed,3.26,99208.54,Rent,Chicago,IL,21/05/2021
CUST003541,Charles Davis,43,Retired,0.0,66871.65,Mortgage,Milwaukee,WI,2019-11-15
CUST003542,Amit Kumar,57,Employed,0.6,86333.31,Mortgage,Houston,TX,2020-02-07
CUST003543,David Rao,50,Employed,0.33,52097.85,Mortgage,Austin,TX,2015-12-22
CUST003544,Barbara Rao,27,self-employed,19.04,48766.05,Own,Cleveland,OH,2019-07-11
CUST003545,Michael Brown,56,Employed,5.14,29968.75,own,Las Vegas,NV,2020-07-01
CUST003546,Lisa Reddy,43,employed,3.01,47953.07,Own,Louisville,KY,2021-04-07
CUST003547,Arjun Anderson,48,Self-Employed,7.17,15000.0,Rent,Miami,FL,2020-10-07
CUST003548,Kiran Reddy,57,Employed,0.48,42018.56,Rent,Los Angeles,CA,2016-09-30
CUST003549,Neha Singh,26,Retired,0.0,57003.93,Rent,Memphis,TN,2019-08-08
CUST003550,Thomas Mehta,39,Employed,5.4,83969.1,Rent,Las Vegas,NV,2015-04-04
CUST003551,Kiran Rodriguez,33,Retired,0.0,50959.85,Mortgage,Jacksonville,FL,11/04/2019
CUST003552,Rahul Anderson,22,Employed,1.46,73762.38,mortgage,Washington,DC,2021-07-15
CUST003553,James Lopez,44,self-employed,15.46,16189.64,Mortgage,Columbus,OH,2016-10-10
CUST003554,Lisa Nair,70,Employed,1.79,57866.73,Rent,Jacksonville,FL,27/09/2017
CUST003555,Arjun Kumar,22,Self-Employed,0.67,21857.48,Own,Seattle,WA,2015-10-13
CUST003556,Sneha Brown,39,employed,4.98,28999.04,Mortgage,Seattle,WA,2015-02-12
CUST003557,Karen Mehta,47,Employed,4.27,53514.11,Own,Baltimore,MD,2021-10-24
CUST003558,Amit Reddy,41,Employed,7.03,128766.81,Mortgage,San Jose,CA,2018-07-14
CUST003559,Mary Jones,38,Employed,7.01,74811.29,Mortgage,Chicago,IL,2018-02-14
CUST003560,Sunita Davis,24,Retired,0.0,60532.68,Own,Arlington,Texas,11/08/2020
CUST003561,Barbara Lopez,42,Employed,1.16,59176.62,Mortgage,Arlington,TX,2015-06-18
CUST003562,Kiran Smith,30,Self-Employed,10.91,39019.73,Own,Arlington,TX,2017-01-30
CUST003563,Sarah Patel,22,Self-Employed,1.43,43200.61,Own,Indianapolis,IN,2016-11-13
CUST003564,Ramesh Lopez,54,Employed,0.49,77375.51,Mortgage,Denver,CO,2018-06-14
CUST003565,Jessica Reddy,51,employed,1.79,26076.34,mortgage,Miami,FL,2021-07-06
CUST003566,Jennifer Miller,40,Employed,3.3,85462.45,Rent,Portland,OR,2017-10-20
CUST003567,Anjali Shah,42,employed,1.16,47424.57,Mortgage,Sacramento,CA,2019-11-27
CUST003568,Michael Rodriguez,52,Employed,2.03,98256.26,Rent,Atlanta,GA,2015-01-24
CUST003569,Deepa Kumar,42,Employed,3.6,106580.52,Own,Houston,Texas,2020-12-01
CUST003570,Susan Rodriguez,50,Employed,1.95,21941.82,Mortgage,Philadelphia,Pennsylvania,2017-04-24
CUST003571,Neha Hernandez,36,Unemployed,0.0,42236.99,Mortgage,Seattle,WA,2016-07-12
CUST003572,Vikram Patel,55,Unemployed,0.0,,Own,Memphis,TN,2019-09-14
CUST003573,Sunita Rodriguez,43,Self-Employed,7.9,20178.3,Own,Dallas,TX,2017-04-15
CUST003574,Lisa Miller,42,Employed,15.43,32224.43,Rent,Portland,OR,07/11/2019
CUST003575,Robert Patel,24,EMPLOYED,0.8,259044.08,Rent,Fort Worth,TX,11/10/2019
CUST003576,Amit Nair,43,Employed,5.71,86310.45,Own,Tucson,AZ,2017-10-01
CUST003577,Arjun Gupta,30,Employed,11.8,189164.59,Own,Indianapolis,IN,2019-02-16
CUST003578,Linda Wilson,32,Employed,1.78,98465.26,Rent,Fresno,CA,2021-04-27
CUST003579,Anil Patel,30,Retired,0.0,38364.74,Own,Los Angeles,CA,2018-11-01
CUST003580,Neha Martinez,27,Employed,11.77,,Rent,Memphis,TN,2019-02-26
CUST003581,Linda Smith,65,Employed,1.78,,Rent,Washington,DC,2017-01-03
CUST003582,Kiran Mehta,55,Self-Employed,0.29,77847.24,Rent,Atlanta,Georgia,2019-12-03
CUST003583,Barbara Anderson,63,Unemployed,0.0,42344.54,OWN,Fresno,CA,2019-02-28
CUST003584,Barbara Kumar,25,Employed,2.01,24197.49,Own,Miami,Florida,2016-02-27
CUST003585,Charles Gupta,40,EMPLOYED,0.07,430480.24,RENT,Washington,DC,2021-03-07
CUST003586,David Martinez,24,Unemployed,0.0,55012.2,Mortgage,Cleveland,OH,2018-02-16
CUST003587,Kiran Martinez,31,Employed,0.62,49244.68,Mortgage,Minneapolis,MN,2020-08-02
CUST003588,John Martinez,28,Self-Employed,11.6,64087.25,Mortgage,Oklahoma City,OK,2015-11-14
CUST003589,James Anderson,54,Unemployed,0.0,51759.48,Own,Memphis,TN,2018-08-11
CUST003590,Robert Miller,35,Retired,0.0,64449.51,Rent,Seattle,WA,18/09/2018
CUST003591,Charles Patel,52,Employed,7.81,129594.86,Rent,Jacksonville,FL,2015-12-11
CUST003592,Linda Johnson,47,Employed,8.21,55562.9,Rent,Los Angeles,CA,06/07/2018
CUST003593,Kiran Martinez,67,Employed,11.58,29803.28,Rent,Oklahoma City,OK,2018-05-08
CUST003594,James Wilson,22,Employed,3.44,54339.88,Mortgage,Omaha,NE,2021-11-11
CUST003595,Neha Mehta,55,Self-Employed,21.61,45313.44,Mortgage,Charlotte,NC,2017-07-13
CUST003596,James Johnson,53,Retired,0.0,140693.54,Own,Los Angeles,CA,2019-07-06
CUST003597,Thomas Jones,28,Employed,7.82,120894.25,Own,Seattle,WA,2016-06-28
CUST003598,Neha Martinez,52,Employed,2.25,63864.25,Own,Houston,TX,2017-02-08
CUST003599,Pooja Mehta,44,Employed,14.18,27799.09,Mortgage,Atlanta,GA,2016-04-11
CUST003600,Barbara Williams,37,Employed,5.78,28694.61,OWN,Tucson,AZ,2015-07-12
CUST003601,Karen Jones,30,Employed,0.4,60419.91,Rent,Washington,DC,2017-02-13
CUST003602,Richard Wilson,31,Employed,0.57,,Rent,Raleigh,NC,2016-11-20
CUST003603,Jennifer Martinez,64,Unemployed,0.0,47821.29,Own,Charlotte,NC,2019-03-17
CUST003604,Joseph Johnson,40,Employed,8.29,44886.76,Mortgage,Austin,TX,2021-04-18
CUST003605,Sneha Lopez,49,employed,2.0,41953.64,Rent,San Antonio,TX,2015-03-06
CUST003606,Sarah Mehta,30,Employed,3.69,59039.6,Rent,Indianapolis,IN,2021-08-16
CUST003607,Anjali Wilson,30,Employed,9.58,15000.0,Rent,Indianapolis,IN,2021-05-22
CUST003608,Vikram Brown,52,Employed,0.55,30921.41,Mortgage,Seattle,WA,13/04/2021
CUST003609,Thomas Martinez,23,Unemployed,0.0,,Own,Fresno,CA,2016-10-14
CUST003610,Lisa Garcia,35,Retired,0.0,123562.44,Mortgage,Houston,TX,2021-08-14
CUST003611,Ramesh Mehta,40,Employed,0.43,,mortgage,Charlotte,NC,2018-01-15
CUST003612,Priya Patel,41,self-employed,2.17,66721.39,Mortgage,Cleveland,OH,2018-06-10
CUST003613,William Mehta,37,Employed,1.45,68591.62,Rent,Memphis,TN,2021-05-11
CUST003614,Richard Rodriguez,44,Employed,7.14,130450.6,Mortgage,Washington,DC,2015-03-23
CUST003615,William Wilson,48,Self-Employed,0.01,127713.72,Rent,Jacksonville,FL,2018-02-10
CUST003616,Richard Martinez,48,Employed,0.61,57843.61,Own,Jacksonville,FL,2021-07-13
CUST003617,Lisa Williams,28,Employed,0.52,45013.11,Mortgage,Indianapolis,IN,2017-07-19
CUST003618,Lisa Patel,36,Employed,1.91,40203.13,Mortgage,Raleigh,NC,2019-03-09
CUST003619,Anil Singh,54,Employed,1.32,51811.22,Mortgage,Oklahoma City,OK,2017-01-18
CUST003620,Susan Gonzalez,50,Employed,1.3,46146.67,Rent,Washington,DC,24/09/2015
CUST003621,Ramesh Brown,23,Employed,2.31,83464.48,Mortgage,Raleigh,NC,2018-03-05
CUST003622,William Kumar,44,Employed,1.2,77048.15,Rent,Los Angeles,CA,2018-11-19
CUST003623,Deepa Nair,5,SELF-EMPLOYED,0.56,85398.24,rent,Washington,DC,2017-11-17
CUST003624,Priya Kumar,40,Employed,4.38,127461.58,Rent,Cleveland,OH,2015-05-09
CUST003625,Neha Anderson,62,Employed,15.16,183087.87,mortgage,Cleveland,OH,2020-07-12
CUST003626,Neha Wilson,28,Employed,4.67,64524.36,Mortgage,San Jose,CA,2015-06-08
CUST003627,Anil Wilson,29,Unemployed,0.0,115806.77,Own,Cleveland,OH,2016-09-06
CUST003628,Sunita Anderson,49,Employed,17.91,48484.72,Mortgage,Fort Worth,TX,2019-06-29
CUST003629,Mary Singh,22,Unemployed,0.0,121905.84,Rent,Miami,FL,2019-02-28
CUST003630,Mary Rao,32,Employed,3.08,113199.33,Own,Fresno,CA,2016-05-25
CUST003631,Sunita Williams,47,Retired,0.0,109650.09,Rent,Nashville,TN,2020-12-27
CUST003632,William Gupta,32,employed,1.94,63350.74,Rent,Jacksonville,FL,2016-07-07
CUST003633,Lisa Davis,37,Employed,4.75,40094.13,Rent,Miami,FL,2018-12-02
CUST003634,Pooja Lopez,48,employed,4.89,25933.29,Mortgage,Chicago,Illinois,2021-02-09
CUST003635,William Gupta,45,Employed,9.23,58452.96,Mortgage,Philadelphia,PA,2015-12-16
CUST003636,Charles Johnson,43,Self-Employed,8.93,150212.69,Own,Houston,TX,2018-11-28
CUST003637,Vikram Jones,35,Employed,0.77,49716.55,Rent,Charlotte,NC,2017-04-01
CUST003638,Vikram Mehta,44,Employed,0.92,95901.41,Own,Omaha,NE,2021-03-05
CUST003639,James Anderson,38,Self-Employed,1.26,99346.68,Mortgage,Charlotte,NC,2020-08-27
CUST003640,Amit Anderson,45,Retired,0.0,50503.01,Mortgage,Los Angeles,CA,2021-03-09
CUST003641,Patricia Williams,9,Retired,0.0,131901.0,Mortgage,Tucson,AZ,2015-04-02
CUST003642,Patricia Rodriguez,37,Employed,1.98,15000.0,Mortgage,Atlanta,GA,2020-02-23
CUST003643,Michael Hernandez,28,Employed,15.28,28748.76,Mortgage,New York,New York,2019-01-23
CUST003644,Michael Martinez,39,Employed,0.63,34565.82,Rent,El Paso,TX,2021-02-01
CUST003645,Sneha Nair,30,Unemployed,0.0,36613.45,Own,Arlington,TX,2018-02-08
CUST003646,Arjun Johnson,26,Unemployed,0.0,,Rent,Fort Worth,Texas,2019-05-07
CUST003647,Linda Reddy,43,Retired,0.0,71255.17,Rent,Dallas,TX,21/10/2021
CUST003648,Pooja Reddy,42,Employed,3.96,75841.0,Own,El Paso,TX,2020-10-13
CUST003649,Patricia Nair,49,Unemployed,0.0,85617.84,Rent,Jacksonville,FL,25/10/2018
CUST003650,Jessica Kumar,34,Unemployed,0.0,33858.23,Own,Oklahoma City,OK,2018-01-10
CUST003651,Barbara Singh,44,Employed,7.17,28827.77,Rent,Houston,TX,2016-09-03
CUST003652,Kiran Jones,46,self-employed,3.43,75947.06,Rent,Los Angeles,CA,2015-07-11
CUST003653,Joseph Mehta,45,Employed,0.22,41021.88,Rent,San Jose,CA,2021-12-31
CUST003654,Barbara Martinez,30,Self-Employed,0.97,23335.12,Mortgage,Raleigh,NC,2019-07-10
CUST003655,Lisa Reddy,41,Retired,0.0,107238.07,Mortgage,San Jose,CA,2015-06-07
CUST003656,James Sharma,44,employed,2.12,138283.49,Rent,San Diego,CA,2020-03-07
CUST003657,Richard Brown,40,Self-Employed,7.42,152404.97,Mortgage,Tucson,AZ,2020-08-08
CUST003658,John Smith,22,Employed,5.44,66983.7,Rent,Boston,MA,2019-10-20
CUST003659,Barbara Gupta,41,Unemployed,0.0,87165.1,Rent,Phoenix,AZ,2020-12-04
CUST003660,Linda Kumar,66,self-employed,0.68,136205.62,Mortgage,Boston,MA,14/06/2017
CUST003661,Michael Davis,35,Retired,0.0,40747.53,Own,Louisville,KY,2015-12-28
CUST003662,Jessica Brown,31,Self-Employed,5.15,116588.58,Mortgage,Raleigh,NC,2021-03-10
CUST003663,Sneha Smith,44,EMPLOYED,1.79,70631.94,Rent,San Antonio,TX,2015-06-12
CUST003664,Pooja Anderson,43,Employed,3.7,103593.2,Own,El Paso,TX,2018-03-17
CUST003665,Vikram Johnson,54,Self-Employed,4.73,66946.95,Own,Nashville,TN,2021-08-21
CUST003666,Linda Martinez,24,Employed,0.01,130320.75,Own,Oklahoma City,OK,2020-05-03
CUST003667,Vikram Sharma,48,Self-Employed,5.55,68467.49,Mortgage,Dallas,TX,2017-09-17
CUST003668,Susan Davis,47,Employed,5.34,24578.14,Mortgage,Austin,TX,19/12/2020
CUST003669,Thomas Gupta,38,Unemployed,0.0,143079.54,mortgage,Las Vegas,NV,2021-11-09
CUST003670,Deepa Mehta,44,Employed,7.75,33910.55,Mortgage,Miami,FL,2018-10-21
CUST003671,Linda Wilson,52,Retired,0.0,126986.36,Mortgage,Oklahoma City,OK,2015-10-02
CUST003672,Barbara Shah,50,Self-Employed,1.71,56718.42,Rent,Jacksonville,Florida,2017-11-23
CUST003673,Mary Garcia,26,Employed,0.88,121249.61,Own,Sacramento,CA,2021-05-10
CUST003674,Barbara Reddy,49,Employed,5.8,118286.06,Own,Arlington,TX,2016-08-18
CUST003675,Sarah Garcia,39,Retired,0.0,77504.07,Rent,Washington,DC,2018-11-06
CUST003676,Pooja Reddy,40,Self-Employed,9.76,81236.6,Rent,Charlotte,NC,18/08/2021
CUST003677,Richard Sharma,40,Employed,3.27,77155.42,Mortgage,Raleigh,North Carolina,27/05/2015
CUST003678,Sneha Martinez,38,Retired,0.0,17884.78,RENT,Jacksonville,FL,2015-11-21
CUST003679,Charles Mehta,54,employed,5.14,64279.63,Own,Memphis,TN,02/07/2021
CUST003680,Michael Patel,38,EMPLOYED,1.68,30649.19,Own,Nashville,TN,2015-08-23
CUST003681,Kiran Lopez,26,Self-Employed,3.16,66350.88,Mortgage,Denver,CO,2017-03-29
CUST003682,Karen Gonzalez,35,Employed,3.77,30158.87,Rent,Dallas,TX,2017-10-06
CUST003683,Anjali Nair,42,Employed,8.44,29408.2,Mortgage,Jacksonville,FL,2021-06-30
CUST003684,Michael Anderson,54,Self-Employed,9.9,156836.74,Mortgage,New York,NY,2015-10-13
CUST003685,Sunita Wilson,47,Self-Employed,5.74,113739.77,Own,Cleveland,OH,2021-05-12
CUST003686,Barbara Smith,29,Employed,1.74,59725.51,Mortgage,Louisville,KY,12/10/2015
CUST003687,Charles Anderson,69,self-employed,3.76,66893.77,Own,Cleveland,Ohio,2021-02-10
CUST003688,Linda Patel,43,Employed,0.7,51598.63,Mortgage,Chicago,Illinois,2017-06-17
CUST003689,Anjali Smith,55,employed,1.31,84282.19,Mortgage,Jacksonville,FL,2021-02-19
CUST003690,Lisa Johnson,38,Unemployed,0.0,39909.41,Rent,Omaha,NE,2018-06-19
CUST003691,Deepa Johnson,46,Employed,0.38,108688.81,Mortgage,Oklahoma City,OK,2019-03-31
CUST003692,Neha Jones,50,Self-Employed,10.81,51438.79,Mortgage,Arlington,TX,2020-05-03
CUST003693,Anil Reddy,54,Self-Employed,0.65,46541.13,Mortgage,Charlotte,NC,2019-12-30
CUST003694,Anil Rodriguez,52,Self-Employed,5.97,60659.27,Rent,Cleveland,OH,2015-04-02
CUST003695,James Garcia,50,Employed,3.52,,Rent,San Antonio,TX,2020-10-23
CUST003696,Neha Kumar,36,Employed,8.91,72926.65,Rent,Miami,FL,2021-12-26
CUST003697,Pooja Miller,33,Employed,6.76,,Mortgage,San Jose,CA,22/07/2018
CUST003698,Neha Nair,43,Self-Employed,7.13,79309.58,Mortgage,El Paso,TX,22/07/2021
CUST003699,Amit Gonzalez,51,Employed,2.71,124194.47,Mortgage,Phoenix,AZ,30/10/2016
CUST003700,Pooja Williams,37,Employed,8.98,,Rent,Indianapolis,IN,2017-04-27
CUST003701,Susan Shah,52,Self-Employed,0.5,55362.33,Own,Washington,DC,2017-03-24
CUST003702,Barbara Lopez,57,unemployed,0.0,78968.03,Own,Oklahoma City,OK,19/12/2017
CUST003703,Arjun Anderson,29,Employed,26.12,46096.19,Rent,Austin,TX,2020-05-25
CUST003704,William Rodriguez,29,Retired,0.0,79109.82,Own,Philadelphia,PA,14/09/2018
CUST003705,Lisa Gonzalez,38,Employed,0.43,83553.24,Rent,El Paso,Texas,2019-08-22
CUST003706,John Shah,43,Employed,4.25,114686.44,Rent,Baltimore,MD,28/04/2019
CUST003707,Sneha Gonzalez,33,Employed,1.9,41622.91,MORTGAGE,New York,NY,2016-04-15
CUST003708,Sneha Gupta,56,Employed,6.52,34007.45,Mortgage,San Francisco,CA,2021-05-21
CUST003709,Susan Patel,45,RETIRED,0.0,49784.23,Mortgage,Columbus,OH,2020-02-25
CUST003710,Pooja Rao,40,Employed,0.0,33501.6,mortgage,Indianapolis,IN,2015-11-16
CUST003711,Amit Rodriguez,22,Employed,9.35,84010.66,Mortgage,Phoenix,AZ,09/08/2021
CUST003712,William Nair,24,Self-Employed,1.27,29820.44,Rent,Washington,DC,2019-06-11
CUST003713,Priya Patel,43,Self-Employed,16.89,242755.45,Own,San Francisco,CA,2017-10-02
CUST003714,Neha Patel,22,Retired,0.0,130295.04,Rent,San Antonio,Texas,2018-02-04
CUST003715,Vikram Williams,52,Employed,1.06,60327.63,Rent,New York,NY,2018-11-09
CUST003716,Robert Smith,38,Employed,5.06,100753.95,Rent,Houston,TX,31/08/2018
CUST003717,David Davis,75,Employed,1.76,22424.71,Mortgage,Memphis,TN,2018-08-21
CUST003718,Michael Mehta,67,Self-Employed,0.54,272126.96,Mortgage,Baltimore,MD,2015-09-07
CUST003719,Michael Sharma,37,Self-Employed,10.36,42018.75,Rent,Portland,OR,2021-04-14
CUST003720,Sneha Hernandez,38,Retired,0.0,55698.11,Rent,Austin,TX,2017-12-26
CUST003721,Joseph Rao,51,Self-Employed,2.73,19661.94,Rent,Portland,OR,2016-04-24
CUST003722,Sarah Brown,60,retired,0.0,80159.4,Rent,Miami,FL,2019-07-11
CUST003723,Susan Reddy,22,Retired,0.0,30828.46,Mortgage,Memphis,TN,2015-04-27
CUST003724,Anjali Rao,22,Employed,4.0,63639.74,Own,Washington,DC,2018-06-22
CUST003725,Sunita Williams,32,Employed,4.24,43193.07,OWN,Fresno,California,2015-07-23
CUST003726,Patricia Gupta,46,Employed,7.2,,Mortgage,Memphis,TN,2016-11-10
CUST003727,Thomas Brown,45,Employed,8.78,36952.3,Mortgage,San Antonio,TX,2019-07-03
CUST003728,Robert Reddy,52,Employed,2.76,68560.57,Mortgage,Atlanta,GA,2019-12-03
CUST003729,John Anderson,25,EMPLOYED,6.81,27753.17,Mortgage,Cleveland,OH,2016-11-19
CUST003730,Rahul Gupta,22,employed,12.06,38204.67,Mortgage,Charlotte,NC,2018-11-02
CUST003731,Mary Garcia,50,Employed,10.87,89140.05,Own,Austin,Texas,04/11/2017
CUST003732,Priya Brown,30,Employed,3.48,285354.61,Rent,Baltimore,MD,2016-01-09
CUST003733,Deepa Gonzalez,22,Employed,4.67,79742.13,Rent,Phoenix,AZ,2017-02-05
CUST003734,William Shah,41,Employed,5.59,34532.05,rent,Chicago,IL,2016-06-06
CUST003735,Richard Miller,49,Employed,8.55,48037.22,Own,Denver,CO,2019-12-17
CUST003736,Thomas Sharma,38,Employed,3.54,61019.78,Mortgage,Los Angeles,CA,2016-02-27
CUST003737,Deepa Mehta,34,Unemployed,0.0,,Rent,Oklahoma City,OK,2020-02-08
CUST003738,Charles Davis,38,EMPLOYED,2.43,102933.14,Mortgage,San Francisco,CA,05/05/2018
CUST003739,Richard Reddy,35,Unemployed,0.0,68219.39,Mortgage,San Antonio,TX,2016-08-09
CUST003740,David Wilson,23,Employed,4.89,103229.65,Mortgage,Phoenix,AZ,2020-06-07
CUST003741,Amit Miller,31,Employed,7.0,49579.55,Mortgage,El Paso,TX,2018-04-04
CUST003742,Jennifer Patel,46,Employed,3.47,132627.55,Own,Austin,TX,2015-03-31
CUST003743,Mary Shah,43,employed,0.96,54182.25,Own,Memphis,TN,2019-01-26
CUST003744,Michael Miller,42,Employed,0.61,33432.58,Mortgage,Austin,TX,2021-02-02
CUST003745,Robert Jones,28,SELF-EMPLOYED,3.28,221104.83,Mortgage,Phoenix,AZ,2021-05-21
CUST003746,James Lopez,37,Retired,0.0,20030.54,Rent,Sacramento,CA,2016-04-16
CUST003747,Sunita Patel,22,Retired,0.0,38436.27,Mortgage,Philadelphia,Pennsylvania,2015-11-03
CUST003748,John Hernandez,42,Self-Employed,1.11,41100.82,Mortgage,El Paso,TX,13/06/2015
CUST003749,Susan Mehta,57,Employed,4.18,269677.95,Rent,Omaha,NE,2015-02-02
CUST003750,Amit Sharma,22,Employed,0.01,177037.23,Rent,Arlington,TX,2016-04-10
CUST003751,Richard Miller,32,Self-Employed,1.46,,MORTGAGE,Atlanta,GA,2016-11-21
CUST003752,Sneha Kumar,43,Unemployed,0.0,49099.53,Mortgage,Los Angeles,CA,2021-10-20
CUST003753,Neha Lopez,55,Employed,6.7,256711.15,Mortgage,Las Vegas,NV,2019-03-04
CUST003754,William Williams,34,Retired,0.0,74683.26,Rent,Austin,TX,05/06/2021
CUST003755,Deepa Wilson,31,Employed,0.06,107619.6,Rent,Omaha,NE,2018-02-01
CUST003756,Anjali Williams,22,employed,2.38,66690.46,Mortgage,Las Vegas,Nevada,2021-04-28
CUST003757,Jennifer Jones,41,Retired,0.0,58123.19,Rent,Austin,TX,2020-09-12
CUST003758,Amit Martinez,64,Retired,0.0,51479.18,Mortgage,Houston,TX,2021-07-06
CUST003759,Michael Brown,43,Self-Employed,0.28,52797.34,Own,San Antonio,Texas,22/08/2015
CUST003760,Kiran Davis,39,Employed,13.22,86257.73,Rent,El Paso,TX,2019-01-01
CUST003761,Patricia Gupta,43,Employed,1.42,74631.64,Mortgage,Columbus,OH,2018-07-15
CUST003762,Arjun Smith,39,Employed,11.11,58754.16,Own,Fort Worth,TX,19/07/2020
CUST003763,Joseph Martinez,30,Self-Employed,1.2,148110.57,Rent,Portland,OR,2019-10-03
CUST003764,Thomas Gonzalez,49,employed,4.19,15000.0,Mortgage,Sacramento,CA,2018-07-26
CUST003765,Neha Williams,42,Employed,2.61,81302.52,Own,Fresno,CA,2015-07-26
CUST003766,David Martinez,40,Employed,4.35,92101.2,Mortgage,San Francisco,CA,2021-03-23
CUST003767,John Singh,28,Employed,3.44,119154.68,Mortgage,Denver,CO,2017-04-16
CUST003768,Sarah Kumar,55,Employed,0.01,57588.44,Own,Nashville,TN,06/04/2019
CUST003769,Pooja Martinez,47,Retired,0.0,67829.47,Mortgage,Indianapolis,IN,2018-02-02
CUST003770,Vikram Gupta,33,Employed,0.06,108181.87,Rent,San Antonio,TX,2020-03-24
CUST003771,Patricia Singh,52,Unemployed,0.0,146488.15,Rent,Houston,TX,09/11/2021
CUST003772,Linda Patel,34,Employed,9.6,49995.01,Mortgage,Louisville,KY,2017-10-01
CUST003773,Sneha Rodriguez,30,Self-Employed,2.43,70275.99,Mortgage,Cleveland,OH,2019-09-12
CUST003774,Mary Johnson,30,retired,0.0,163921.74,Mortgage,Sacramento,CA,2018-01-12
CUST003775,Arjun Wilson,22,Employed,0.34,16740.46,Own,Miami,Florida,2018-03-19
CUST003776,Thomas Miller,45,Employed,2.43,39576.57,MORTGAGE,San Jose,California,2018-12-26
CUST003777,Arjun Rao,22,Employed,0.75,144278.62,Rent,Houston,TX,2016-08-05
CUST003778,Patricia Jones,25,Employed,0.33,115326.52,Rent,Boston,MA,2017-09-03
CUST003779,Jessica Singh,22,Self-Employed,0.94,81917.43,Mortgage,New York,NY,2019-11-05
CUST003780,Arjun Rao,38,employed,10.23,45745.19,Own,Las Vegas,NV,2020-02-26
CUST003781,Patricia Davis,38,Employed,20.14,35274.26,Own,Philadelphia,PA,2019-04-19
CUST003782,Kiran Williams,36,Self-Employed,10.57,41993.52,Mortgage,Denver,CO,2019-06-29
CUST003783,Robert Lopez,27,Employed,17.48,151570.32,Mortgage,Omaha,NE,27/07/2016
CUST003784,John Wilson,25,Employed,6.56,41065.94,Mortgage,Atlanta,GA,2018-06-19
CUST003785,Jennifer Singh,130,Employed,0.87,63630.86,Rent,Fort Worth,TX,2021-11-09
CUST003786,Sneha Jones,33,Self-Employed,4.14,38092.6,Rent,San Antonio,TX,2021-06-16
CUST003787,Karen Reddy,43,Employed,6.58,99276.53,RENT,Los Angeles,CA,2021-11-30
CUST003788,Robert Brown,29,Employed,3.6,43337.09,Rent,Columbus,OH,09/03/2015
CUST003789,Robert Sharma,42,Unemployed,0.0,56468.81,Mortgage,Austin,TX,2016-07-14
CUST003790,Pooja Davis,55,Employed,4.41,21806.66,Own,Denver,CO,2015-07-01
CUST003791,Neha Wilson,47,Self-Employed,3.14,22742.24,Mortgage,Philadelphia,PA,2021-05-05
CUST003792,Sneha Martinez,35,Unemployed,0.0,60150.43,Mortgage,Atlanta,GA,2016-03-07
CUST003793,Joseph Smith,43,Unemployed,0.0,27035.49,rent,San Diego,CA,2017-08-07
CUST003794,Patricia Smith,37,Self-Employed,0.27,,Own,Nashville,TN,2019-04-27
CUST003795,Richard Singh,40,Self-Employed,0.94,17380.19,Rent,Louisville,KY,2019-02-25
CUST003796,Anjali Mehta,36,Self-Employed,12.97,37045.23,Rent,Atlanta,GA,2021-01-12
CUST003797,Mary Singh,38,Self-Employed,3.36,60477.13,Rent,Miami,FL,2016-09-09
CUST003798,Sneha Johnson,42,Employed,8.62,48094.36,Rent,San Francisco,CA,2015-07-27
CUST003799,Anjali Rao,28,Employed,6.48,30869.15,Mortgage,Philadelphia,PA,2019-01-24
CUST003800,Anjali Nair,27,Employed,1.93,33699.67,Own,Fresno,CA,2018-08-13
CUST003801,William Wilson,23,Employed,8.14,33044.41,OWN,Memphis,TN,2016-02-05
CUST003802,Ramesh Singh,22,Employed,0.48,50411.12,Rent,Jacksonville,Florida,2019-08-16
CUST003803,William Brown,25,Employed,10.4,193137.46,Own,Boston,MA,2017-10-28
CUST003804,Deepa Brown,41,Retired,0.0,62740.5,Mortgage,Memphis,TN,2015-06-11
CUST003805,Rahul Lopez,29,Retired,0.0,121751.86,Mortgage,Boston,MA,2019-09-15
CUST003806,Richard Hernandez,46,Self-Employed,11.29,81160.65,Mortgage,Jacksonville,FL,2015-01-24
CUST003807,Ramesh Johnson,40,Retired,0.0,116811.57,Mortgage,Baltimore,MD,2018-11-04
CUST003808,Sarah Davis,22,Retired,0.0,15000.0,Rent,Chicago,IL,25/11/2015
CUST003809,Jennifer Patel,47,Unemployed,0.0,,Own,San Francisco,CA,23/08/2019
CUST003810,James Davis,49,Employed,0.85,131174.17,Mortgage,Baltimore,Maryland,2021-12-30
CUST003811,Sunita Reddy,28,Employed,8.85,42487.22,Mortgage,Milwaukee,Wisconsin,09/12/2021
CUST003812,Robert Smith,45,Employed,11.93,172384.7,Mortgage,San Francisco,CA,14/02/2016
CUST003813,Sarah Johnson,29,Employed,0.44,145850.02,Mortgage,Charlotte,NC,2018-09-02
CUST003814,John Johnson,41,Unemployed,0.0,45185.05,Rent,Seattle,WA,2018-05-20
CUST003815,William Anderson,24,Employed,4.6,44271.74,RENT,Cleveland,OH,2021-05-01
CUST003816,Susan Martinez,22,Employed,0.13,32592.47,Own,Houston,TX,2015-02-14
CUST003817,Robert Hernandez,35,Employed,3.9,41037.58,RENT,San Jose,CA,2018-03-24
CUST003818,Neha Gupta,38,employed,7.97,28579.55,Rent,San Antonio,Texas,2020-06-21
CUST003819,Sarah Martinez,35,Employed,3.81,77442.17,Own,Philadelphia,PA,2018-04-30
CUST003820,William Gupta,25,Self-Employed,6.14,24993.53,Mortgage,Washington,DC,2018-05-31
CUST003821,Vikram Sharma,35,Employed,10.58,86011.8,Mortgage,Fresno,CA,2016-07-16
CUST003822,Linda Mehta,43,Employed,10.19,,Own,Portland,OR,2015-08-27
CUST003823,John Williams,39,Self-Employed,0.99,22098.77,Mortgage,Raleigh,NC,2021-08-06
CUST003824,Thomas Singh,42,Self-Employed,2.79,151735.05,Own,Charlotte,NC,2019-10-13
CUST003825,Jessica Sharma,31,Employed,0.59,81484.29,Rent,Sacramento,CA,2016-10-01
CUST003826,Neha Davis,54,Employed,4.52,93884.33,Mortgage,Houston,TX,2021-02-17
CUST003827,Deepa Nair,25,Employed,15.48,37979.46,Rent,Memphis,Tennessee,2018-06-28
CUST003828,Lisa Lopez,45,Self-Employed,1.0,86979.48,OWN,Tucson,AZ,2021-10-19
CUST003829,Charles Shah,54,Employed,2.58,117693.15,Own,Portland,OR,2019-06-22
CUST003830,Sarah Kumar,45,Employed,15.4,56434.44,Mortgage,Fresno,California,2018-01-16
CUST003831,Karen Hernandez,37,Employed,6.93,199018.58,Rent,Atlanta,GA,2020-09-04
CUST003832,Pooja Brown,33,Self-Employed,0.37,61478.25,mortgage,Cleveland,OH,2015-06-09
CUST003833,Patricia Lopez,52,Employed,2.8,118713.88,Rent,Indianapolis,IN,2016-10-24
CUST003834,Sunita Nair,22,Employed,22.07,71382.3,mortgage,Atlanta,Georgia,2019-07-30
CUST003835,Kiran Rodriguez,28,Self-Employed,3.02,85077.08,own,Nashville,TN,2015-10-15
CUST003836,Jennifer Miller,35,Employed,4.96,21964.89,Mortgage,Philadelphia,PA,2021-08-27
CUST003837,William Kumar,54,Employed,6.04,74804.42,Mortgage,Louisville,KY,2018-03-11
CUST003838,Joseph Martinez,44,Employed,5.45,38523.16,Own,Chicago,IL,2020-11-19
CUST003839,Jessica Brown,28,Employed,3.66,36031.94,Own,Minneapolis,MN,2016-09-02
CUST003840,Rahul Reddy,36,Unemployed,0.0,170495.11,Mortgage,Cleveland,OH,2016-01-30
CUST003841,Barbara Johnson,32,Employed,6.16,52666.66,MORTGAGE,Tucson,AZ,2019-09-19
CUST003842,Sarah Nair,31,Self-Employed,13.54,32794.59,Rent,Cleveland,OH,2015-02-23
CUST003843,Deepa Shah,51,Employed,14.21,48267.85,Mortgage,Arlington,TX,27/09/2018
CUST003844,Anil Brown,23,Employed,4.5,27439.25,Rent,San Jose,CA,2019-06-14
CUST003845,Mary Sharma,59,Employed,3.39,141539.01,rent,San Diego,CA,2018-01-17
CUST003846,Robert Rodriguez,49,SELF-EMPLOYED,2.03,39442.2,Mortgage,Baltimore,MD,2020-01-20
CUST003847,Karen Patel,53,Employed,0.55,82255.04,Mortgage,Jacksonville,FL,2015-10-11
CUST003848,Anjali Martinez,34,Employed,10.73,135085.61,Rent,Austin,TX,2020-05-04
CUST003849,Jennifer Johnson,38,Self-Employed,0.74,44351.79,Rent,Columbus,OH,2016-02-16
CUST003850,Karen Gupta,22,Retired,0.0,82389.51,Rent,Fort Worth,TX,2016-10-13
CUST003851,Anjali Sharma,33,employed,6.74,32271.78,Mortgage,Dallas,TX,13/08/2018
CUST003852,Mary Gonzalez,45,Employed,6.1,259746.58,Own,Chicago,IL,2015-08-21
CUST003853,Anjali Anderson,55,employed,5.71,105011.81,Mortgage,Las Vegas,NV,19/02/2021
CUST003854,Robert Davis,26,Self-Employed,6.77,53339.7,Mortgage,Philadelphia,PA,24/03/2018
CUST003855,Jessica Gonzalez,35,Employed,3.9,37657.96,Own,Las Vegas,NV,2018-11-16
CUST003856,Susan Mehta,38,Employed,0.84,55915.79,rent,Fort Worth,TX,2015-09-08
CUST003857,Ramesh Singh,23,employed,32.06,48825.59,mortgage,San Jose,CA,2018-10-07
CUST003858,Patricia Mehta,47,Employed,11.13,193255.17,Mortgage,Omaha,NE,28/10/2017
CUST003859,Lisa Johnson,31,Employed,2.82,28700.77,Mortgage,San Francisco,CA,13/03/2020
CUST003860,Neha Smith,37,Employed,3.78,64918.04,Mortgage,Oklahoma City,OK,2021-09-26
CUST003861,Arjun Rodriguez,34,Employed,2.5,59218.97,OWN,Phoenix,AZ,2015-03-26
CUST003862,Jessica Rao,30,Employed,5.08,55801.38,Own,Philadelphia,PA,2020-08-07
CUST003863,Mary Hernandez,39,employed,6.57,56096.57,Rent,Memphis,TN,2019-04-04
CUST003864,Ramesh Wilson,37,Self-Employed,1.32,55846.24,Mortgage,Sacramento,CA,2016-05-13
CUST003865,Patricia Brown,35,Employed,2.84,101097.4,Own,Louisville,KY,2021-07-28
CUST003866,Anjali Reddy,31,employed,5.11,86283.24,Mortgage,Sacramento,CA,21/09/2019
CUST003867,Charles Singh,43,Employed,22.12,76983.54,Mortgage,Oklahoma City,OK,2016-08-22
CUST003868,Anil Wilson,59,Self-Employed,1.96,15000.0,Own,Seattle,WA,2015-01-10
CUST003869,Amit Rodriguez,41,unemployed,0.0,71673.54,Mortgage,Tucson,AZ,2021-10-02
CUST003870,David Gonzalez,51,Unemployed,0.0,22172.68,Own,Milwaukee,WI,28/01/2016
CUST003871,Anil Reddy,23,Employed,0.48,88237.92,Own,New York,New York,2019-06-06
CUST003872,Sarah Jones,41,Employed,7.35,145030.37,Rent,Arlington,TX,2018-11-25
CUST003873,James Rodriguez,26,Self-Employed,5.24,34346.54,Mortgage,Raleigh,NC,10/05/2016
CUST003874,Karen Williams,22,Employed,3.61,51171.17,Mortgage,Tucson,AZ,10/05/2015
CUST003875,Sarah Rao,31,Self-Employed,5.62,41788.92,Mortgage,Portland,OR,21/08/2015
CUST003876,Charles Hernandez,54,Unemployed,0.0,125650.44,Rent,San Diego,CA,2017-06-21
CUST003877,Vikram Johnson,51,Employed,7.06,63387.17,rent,Portland,OR,2021-01-23
CUST003878,Karen Lopez,42,Employed,9.75,168889.11,Mortgage,San Jose,CA,2020-04-13
CUST003879,Karen Mehta,22,Self-Employed,1.71,76745.69,Own,San Jose,CA,2021-07-09
CUST003880,Thomas Shah,37,Employed,8.06,69249.42,Own,Cleveland,OH,2018-09-04
CUST003881,James Brown,43,Employed,2.23,62375.26,Rent,Raleigh,NC,2020-11-21
CUST003882,Lisa Patel,42,Employed,0.1,97811.29,Mortgage,Raleigh,NC,2019-11-26
CUST003883,Priya Rodriguez,22,Employed,0.22,21107.6,Own,San Antonio,TX,2015-10-15
CUST003884,Susan Anderson,29,Employed,6.55,63019.93,rent,San Antonio,TX,2019-03-14
CUST003885,Anil Smith,39,Employed,1.59,57409.91,Mortgage,Cleveland,OH,2021-01-14
CUST003886,Deepa Smith,46,Employed,1.84,92526.59,mortgage,San Antonio,TX,25/07/2018
CUST003887,Anil Johnson,22,Self-Employed,4.87,53496.9,Rent,Denver,CO,2016-04-05
CUST003888,Neha Sharma,38,Employed,6.76,32104.75,Rent,Fresno,CA,2018-03-29
CUST003889,Jessica Wilson,41,Employed,4.09,60138.79,Mortgage,Washington,District of Columbia,2017-06-23
CUST003890,Patricia Patel,9,Employed,6.13,,Rent,Portland,OR,2020-03-28
CUST003891,Jennifer Rodriguez,48,Employed,14.16,18860.83,Rent,San Francisco,CA,2017-04-19
CUST003892,Priya Williams,46,Employed,9.63,,Rent,Memphis,TN,2018-08-23
CUST003893,Deepa Garcia,30,Employed,1.38,84747.96,Mortgage,Miami,FL,2021-11-24
CUST003894,Thomas Rao,22,Self-Employed,11.86,79241.43,Mortgage,Cleveland,OH,2019-06-14
CUST003895,Karen Rodriguez,35,employed,1.76,130843.48,Own,Omaha,NE,2015-04-18
CUST003896,Kiran Jones,52,Employed,5.4,40174.22,Rent,Atlanta,GA,05/07/2020
CUST003897,Joseph Shah,56,Self-Employed,10.39,25370.22,Own,Chicago,IL,2021-05-01
CUST003898,Susan Jones,48,Employed,4.88,57410.48,Mortgage,Jacksonville,FL,2021-03-12
CUST003899,Patricia Davis,45,Employed,8.2,,Own,Seattle,WA,22/05/2021
CUST003900,Linda Shah,44,Unemployed,0.0,36120.74,Mortgage,Louisville,KY,2019-04-29
CUST003901,Robert Garcia,33,Employed,17.05,57073.23,RENT,San Jose,CA,2018-03-25
CUST003902,Pooja Anderson,38,Retired,0.0,41482.91,Own,Arlington,TX,2020-02-24
CUST003903,Priya Johnson,60,Retired,0.0,19898.44,Rent,Omaha,NE,2021-07-22
CUST003904,Joseph Johnson,28,EMPLOYED,1.59,45949.3,Mortgage,Louisville,KY,2015-06-23
CUST003905,Thomas Rodriguez,130,Unemployed,0.0,30277.95,Mortgage,Chicago,IL,2018-01-14
CUST003906,Mary Mehta,36,Self-Employed,7.15,68802.05,Rent,Louisville,KY,2015-01-28
CUST003907,Neha Singh,55,Retired,0.0,40391.68,MORTGAGE,El Paso,TX,01/05/2017
CUST003908,Robert Gupta,23,Self-Employed,0.27,116655.32,Mortgage,Indianapolis,IN,2016-12-13
CUST003909,Sarah Lopez,47,Self-Employed,14.56,156736.24,rent,Houston,TX,2020-05-07
CUST003910,Michael Williams,31,Employed,33.13,90005.75,Mortgage,Atlanta,GA,2015-01-21
CUST003911,Pooja Anderson,23,Employed,12.02,23609.02,mortgage,Seattle,WA,2016-05-09
CUST003912,Linda Kumar,42,Employed,0.57,147726.46,Rent,Boston,MA,2020-03-05
CUST003913,John Davis,52,Employed,9.18,154111.6,Mortgage,Los Angeles,CA,03/07/2015
CUST003914,Jessica Hernandez,29,Retired,0.0,60553.0,Mortgage,El Paso,Texas,2021-09-19
CUST003915,Rahul Mehta,22,Employed,0.05,132422.88,Own,Nashville,TN,2019-06-18
CUST003916,Sunita Williams,38,Self-Employed,20.79,43001.7,Mortgage,Nashville,TN,2017-10-29
CUST003917,Ramesh Martinez,38,Employed,0.82,19540.65,Mortgage,Seattle,WA,2019-08-06
CUST003918,Barbara Smith,46,Employed,2.53,37942.58,Mortgage,Miami,FL,2020-05-08
CUST003919,Priya Gupta,51,Employed,0.15,,Rent,San Antonio,TX,2016-08-21
CUST003920,Rahul Hernandez,39,Employed,1.85,24473.64,Mortgage,Charlotte,NC,2019-07-11
CUST003921,Sunita Shah,62,Retired,0.0,59856.95,Rent,Dallas,TX,2021-06-26
CUST003922,Rahul Sharma,42,EMPLOYED,13.36,61113.39,Own,Nashville,TN,2018-12-01
CUST003923,Charles Gupta,35,Employed,23.21,44011.91,Own,Baltimore,MD,2021-01-25
CUST003924,Mary Garcia,22,Employed,2.75,45884.7,Own,Oklahoma City,OK,30/11/2016
CUST003925,Rahul Johnson,36,Employed,2.79,62526.73,Rent,Seattle,Washington,2020-03-13
CUST003926,Charles Jones,35,employed,0.87,42731.97,Rent,Portland,OR,10/02/2020
CUST003927,Mary Brown,51,Employed,3.45,25508.45,Rent,Omaha,NE,2020-02-29
CUST003928,Jessica Hernandez,45,Employed,14.07,68119.53,Mortgage,Philadelphia,Pennsylvania,28/12/2021
CUST003929,Pooja Nair,25,Employed,0.9,,Mortgage,Fort Worth,TX,2019-02-17
CUST003930,Pooja Patel,42,Employed,1.55,100885.7,MORTGAGE,Baltimore,MD,2015-11-09
CUST003931,Neha Miller,48,Unemployed,0.0,36833.34,mortgage,Columbus,OH,2020-09-12
CUST003932,Anjali Patel,58,Employed,4.92,28261.71,Rent,Portland,OR,2020-09-15
CUST003933,Robert Mehta,50,Employed,2.01,50487.81,Mortgage,Miami,FL,2018-09-01
CUST003934,Barbara Gonzalez,49,Self-Employed,8.38,153380.17,Rent,Tucson,AZ,2016-09-12
CUST003935,Jennifer Williams,40,Self-Employed,0.58,88199.7,Rent,Boston,MA,2015-11-22
CUST003936,Joseph Patel,44,Self-Employed,9.77,,Mortgage,Houston,TX,2017-08-15
CUST003937,Pooja Patel,54,Unemployed,0.0,102121.05,Rent,Minneapolis,MN,2017-02-17
CUST003938,Sunita Singh,24,Employed,7.07,77069.27,Mortgage,Austin,TX,2020-09-22
CUST003939,Linda Kumar,35,Employed,3.65,64367.56,Rent,Phoenix,AZ,2020-04-06
CUST003940,Patricia Gupta,30,Employed,1.41,89088.38,Rent,Nashville,TN,2016-12-30
CUST003941,Sneha Mehta,44,Unemployed,0.0,43144.07,Mortgage,Minneapolis,MN,2020-08-03
CUST003942,Amit Kumar,54,Employed,0.84,25624.96,Mortgage,Louisville,KY,2020-08-01
CUST003943,Deepa Hernandez,32,Employed,1.31,92392.23,rent,Dallas,TX,14/10/2019
CUST003944,Karen Miller,22,Self-Employed,3.99,125824.44,Own,Tucson,AZ,2021-01-25
CUST003945,Charles Davis,35,EMPLOYED,2.47,30609.35,Rent,Cleveland,OH,2018-09-01
CUST003946,Arjun Davis,50,Employed,6.84,98042.16,Own,Los Angeles,California,2021-11-12
CUST003947,Rahul Davis,46,Employed,4.38,164137.44,Mortgage,Jacksonville,FL,2021-04-26
CUST003948,Anil Hernandez,45,Employed,2.4,59793.5,Rent,Fort Worth,TX,2016-04-22
CUST003949,Linda Nair,36,Employed,1.98,36651.1,Own,Fort Worth,TX,2021-03-15
CUST003950,Sarah Anderson,24,Employed,12.22,64460.71,Own,Houston,TX,2016-11-27
CUST003951,Sunita Lopez,46,Self-Employed,0.2,43031.15,Rent,Indianapolis,IN,2020-03-27
CUST003952,Jennifer Lopez,29,Unemployed,0.0,41355.55,Mortgage,Chicago,IL,2016-11-29
CUST003953,Pooja Williams,66,Self-Employed,2.49,77645.62,Own,Milwaukee,WI,2019-04-10
CUST003954,Rahul Shah,46,Self-Employed,2.37,22874.14,Own,Houston,TX,2017-02-22
CUST003955,Sneha Gupta,33,Employed,5.28,25175.9,Rent,Boston,MA,2015-12-27
CUST003956,Joseph Anderson,32,Employed,9.5,60571.18,Mortgage,Fort Worth,TX,2019-11-04
CUST003957,Sunita Davis,38,Employed,6.44,59078.06,Rent,Seattle,WA,2021-11-12
CUST003958,William Singh,37,EMPLOYED,5.54,73580.31,Mortgage,Boston,MA,2021-09-03
CUST003959,Sarah Rao,53,Self-Employed,3.43,184450.28,MORTGAGE,Milwaukee,WI,2016-07-05
CUST003960,Sunita Mehta,42,Retired,0.0,63748.98,Own,Minneapolis,MN,2020-03-28
CUST003961,William Gupta,31,Employed,3.09,85725.3,rent,Louisville,KY,07/04/2018
CUST003962,Thomas Martinez,62,Employed,0.79,33345.57,Mortgage,San Diego,CA,2015-07-30
CUST003963,Arjun Hernandez,40,Employed,4.1,94917.43,Own,Los Angeles,California,2017-07-06
CUST003964,Linda Williams,49,Employed,1.9,43659.03,Own,Indianapolis,IN,2016-06-01
CUST003965,Sunita Wilson,32,Self-Employed,4.81,,Mortgage,Boston,MA,2016-09-08
CUST003966,Pooja Jones,44,Self-Employed,3.82,56088.77,Mortgage,Miami,FL,2017-11-19
CUST003967,Kiran Shah,43,Self-Employed,14.06,111277.74,Own,Omaha,NE,2018-05-31
CUST003968,Richard Garcia,22,SELF-EMPLOYED,2.85,27282.86,Mortgage,Baltimore,MD,2017-01-13
CUST003969,Anil Smith,64,employed,5.46,15215.3,Rent,Jacksonville,FL,2015-10-15
CUST003970,David Brown,55,Retired,0.0,52677.33,Mortgage,Atlanta,GA,2020-06-29
CUST003971,Sunita Rodriguez,35,Self-Employed,5.77,79309.94,Own,Raleigh,NC,2021-03-03
CUST003972,Sneha Reddy,26,Employed,1.55,65602.01,Own,Sacramento,CA,2017-04-01
CUST003973,Michael Jones,44,Employed,1.49,125407.35,Mortgage,Washington,DC,2021-06-04
CUST003974,Robert Wilson,41,Unemployed,0.0,77841.0,Own,Washington,DC,2019-09-18
CUST003975,Mary Nair,44,Employed,9.45,42688.76,Own,Austin,TX,2015-02-17
CUST003976,David Williams,42,Employed,6.36,15000.0,rent,San Francisco,CA,2018-04-01
CUST003977,William Kumar,46,Employed,3.36,51927.96,Mortgage,Philadelphia,PA,2017-08-30
CUST003978,Amit Gonzalez,57,Unemployed,0.0,110943.4,Mortgage,Denver,Colorado,2016-03-20
CUST003979,Ramesh Lopez,46,Employed,7.12,47323.93,Mortgage,Los Angeles,California,22/12/2020
CUST003980,William Gonzalez,27,Employed,13.04,60900.23,Rent,Memphis,TN,2019-12-22
CUST003981,Sarah Nair,56,Unemployed,0.0,77096.73,own,Houston,TX,2016-07-27
CUST003982,Charles Brown,59,Retired,0.0,32559.5,Own,Austin,TX,2020-11-20
CUST003983,Arjun Hernandez,75,Unemployed,0.0,87024.2,Own,Cleveland,OH,2015-10-18
CUST003984,Michael Reddy,26,employed,11.55,159895.07,Rent,Columbus,OH,2021-12-21
CUST003985,Robert Williams,42,Employed,5.14,53976.93,Mortgage,Charlotte,NC,2015-07-31
CUST003986,Neha Anderson,22,Employed,1.0,30411.05,Own,Charlotte,NC,07/10/2017
CUST003987,Sunita Shah,46,Employed,0.18,57528.71,Own,Columbus,OH,2018-12-11
CUST003988,Deepa Reddy,33,Retired,0.0,15762.19,Rent,Seattle,WA,2016-07-25
CUST003989,Ramesh Martinez,63,Unemployed,0.0,73287.25,Own,Portland,OR,11/05/2017
CUST003990,Sneha Nair,30,Employed,4.72,78540.1,Rent,Minneapolis,MN,2019-03-12
CUST003991,William Reddy,22,Employed,3.29,163633.06,Rent,Los Angeles,CA,2015-08-07
CUST003992,Susan Reddy,34,Employed,4.77,53295.28,Own,New York,NY,2017-03-05
CUST003993,Pooja Williams,22,Employed,10.33,76503.46,Own,Atlanta,GA,2021-07-12
CUST003994,Barbara Smith,49,Employed,15.18,35711.47,Own,Dallas,TX,2016-11-12
CUST003995,Rahul Mehta,22,Self-Employed,2.11,48346.24,Own,Jacksonville,FL,2016-03-31
CUST003996,Anil Gonzalez,40,Self-Employed,3.35,23977.92,Mortgage,Omaha,NE,2021-09-20
CUST003997,Priya Anderson,22,Unemployed,0.0,53269.87,Own,New York,NY,2020-01-10
CUST003998,Susan Kumar,36,Employed,2.65,49852.03,Mortgage,Charlotte,NC,2018-02-23
CUST003999,Karen Rao,59,EMPLOYED,7.95,71647.95,Mortgage,San Francisco,CA,2017-02-28
CUST004000,Michael Davis,44,Unemployed,0.0,41185.51,Rent,Omaha,NE,2016-02-22
CUST004001,Lisa Sharma,29,Employed,2.48,62944.41,Mortgage,Nashville,TN,2017-03-30
CUST004002,Arjun Johnson,39,Employed,9.49,49019.43,Own,Seattle,WA,2015-07-16
CUST004003,Amit Kumar,40,Employed,0.01,49074.77,Mortgage,Las Vegas,NV,10/09/2021
CUST004004,Pooja Wilson,45,UNEMPLOYED,0.0,,Rent,Memphis,TN,2020-12-07
CUST004005,Charles Hernandez,23,Self-Employed,1.0,61347.75,Own,Washington,DC,2015-03-14
CUST004006,Anjali Hernandez,47,Unemployed,0.0,94533.02,Own,Milwaukee,WI,2017-05-18
CUST004007,Susan Jones,22,Employed,2.24,55693.25,Rent,San Francisco,CA,2016-05-15
CUST004008,Robert Reddy,32,Self-Employed,10.63,48536.37,Own,Columbus,OH,2019-11-27
CUST004009,Jessica Wilson,34,Self-Employed,11.97,53718.65,Own,Milwaukee,WI,2020-12-10
CUST004010,Amit Rodriguez,47,Employed,5.41,38995.5,Rent,Nashville,TN,18/04/2020
CUST004011,Priya Brown,40,retired,0.0,48245.28,Own,Tucson,AZ,2017-06-14
CUST004012,Neha Martinez,23,Employed,3.63,202540.52,Own,Arlington,TX,2019-09-24
CUST004013,David Brown,28,RETIRED,0.0,34627.13,Own,Louisville,KY,2015-02-26
CUST004014,Charles Rodriguez,42,Unemployed,0.0,50655.66,Rent,Raleigh,NC,2020-08-02
CUST004015,Kiran Anderson,39,Employed,17.4,47453.56,Rent,San Antonio,TX,2020-08-08
CUST004016,Joseph Garcia,33,Employed,9.4,51621.68,Mortgage,New York,NY,2019-06-24
CUST004017,Charles Rodriguez,34,Employed,4.38,49082.43,OWN,Minneapolis,MN,2015-10-26
CUST004018,Michael Davis,48,Self-Employed,2.48,,Own,Boston,MA,08/03/2019
CUST004019,Karen Jones,33,Employed,1.31,21458.9,Mortgage,Sacramento,CA,2018-12-10
CUST004020,Michael Miller,38,Self-Employed,3.82,111558.33,rent,Omaha,NE,2016-03-25
CUST004021,Pooja Rao,66,Employed,2.12,87513.62,Rent,Omaha,NE,14/10/2019
CUST004022,David Smith,22,Self-Employed,0.38,28403.77,Mortgage,Denver,Colorado,2017-09-05
CUST004023,Robert Singh,22,Employed,3.23,15345.13,Rent,Nashville,TN,2015-08-28
CUST004024,Richard Smith,49,Employed,4.23,33314.79,Own,San Antonio,TX,2021-07-15
CUST004025,Kiran Smith,31,Unemployed,0.0,51761.41,Own,Atlanta,GA,2016-12-09
CUST004026,Rahul Miller,36,employed,0.38,281580.92,Rent,Phoenix,AZ,2019-06-25
CUST004027,Charles Patel,30,Employed,3.3,82946.76,Mortgage,El Paso,TX,2017-01-02
CUST004028,Ramesh Reddy,36,Employed,5.33,20240.61,Mortgage,Seattle,WA,01/12/2017
CUST004029,Deepa Kumar,59,Employed,16.23,39585.05,Mortgage,Oklahoma City,OK,2016-10-04
CUST004030,William Anderson,49,Employed,0.13,,Mortgage,Seattle,WA,2021-07-07
CUST004031,Charles Brown,50,Self-Employed,5.64,69717.74,Mortgage,San Francisco,CA,2019-02-15
CUST004032,Linda Anderson,23,self-employed,0.32,27204.85,Rent,Nashville,TN,2019-12-02
CUST004033,Ramesh Sharma,26,Employed,0.86,55215.88,own,Fort Worth,TX,2019-03-29
CUST004034,Thomas Williams,22,Employed,0.95,38925.95,Mortgage,San Jose,CA,2016-07-31
CUST004035,William Rodriguez,30,Employed,1.99,30876.32,Own,Tucson,AZ,2020-02-17
CUST004036,Linda Lopez,51,Self-Employed,8.9,69965.49,Rent,Indianapolis,IN,2021-07-30
CUST004037,Jennifer Reddy,46,Employed,9.7,95256.29,Own,Houston,TX,2020-01-01
CUST004038,Joseph Reddy,37,Employed,2.35,99173.37,Rent,Omaha,NE,2020-06-22
CUST004039,John Hernandez,39,Employed,2.82,84510.56,Own,Louisville,KY,2015-11-10
CUST004040,David Kumar,31,Employed,1.22,44425.92,Mortgage,Oklahoma City,OK,2020-09-04
CUST004041,Arjun Rodriguez,42,Self-Employed,2.83,91925.14,Rent,Dallas,TX,06/02/2020
CUST004042,Anil Shah,49,Employed,1.61,72072.85,Mortgage,Los Angeles,California,2021-05-28
CUST004043,Pooja Mehta,22,Employed,0.96,64884.57,MORTGAGE,Miami,FL,2018-04-22
CUST004044,John Nair,43,Employed,0.86,41480.72,Rent,Denver,CO,2016-01-15
CUST004045,Priya Johnson,51,Retired,0.0,44439.07,Own,San Francisco,CA,20/08/2021
CUST004046,Ramesh Brown,35,Self-Employed,0.62,62588.21,Rent,Portland,OR,20/01/2020
CUST004047,Amit Hernandez,48,Employed,4.79,258829.46,Own,Louisville,KY,21/12/2015
CUST004048,Richard Singh,73,Employed,0.92,71735.82,rent,Memphis,TN,2018-08-23
CUST004049,Robert Shah,38,Unemployed,0.0,41493.29,Rent,Chicago,IL,2020-10-30
CUST004050,James Davis,44,EMPLOYED,1.6,36336.08,Mortgage,Raleigh,NC,2016-03-16
CUST004051,William Patel,31,Retired,0.0,44575.52,Own,Cleveland,OH,2018-09-05
CUST004052,Anjali Davis,42,Employed,3.01,221101.26,Own,Fort Worth,TX,2020-06-03
CUST004053,Richard Rodriguez,45,EMPLOYED,40.0,47119.68,Rent,El Paso,TX,2017-03-11
CUST004054,Sneha Jones,42,Self-Employed,8.39,103168.86,rent,Charlotte,NC,2016-08-10
CUST004055,Kiran Garcia,27,self-employed,4.22,47783.85,Mortgage,Fresno,CA,2017-09-07
CUST004056,Kiran Martinez,42,Retired,0.0,70032.22,Mortgage,Atlanta,GA,2020-07-16
CUST004057,William Miller,57,Unemployed,0.0,96283.01,Own,Washington,DC,2021-12-31
CUST004058,Jennifer Kumar,45,EMPLOYED,9.12,42482.96,Rent,Minneapolis,MN,2021-09-07
CUST004059,Jessica Smith,51,SELF-EMPLOYED,7.75,40754.97,Rent,Nashville,TN,2020-06-19
CUST004060,Ramesh Williams,37,Unemployed,0.0,161995.17,Own,Austin,TX,2018-08-12
CUST004061,Kiran Singh,48,Employed,2.74,108093.92,Rent,Sacramento,CA,2019-07-23
CUST004062,Jessica Nair,43,Employed,6.9,96221.05,Own,Jacksonville,FL,2018-01-29
CUST004063,Susan Johnson,28,Employed,3.84,96025.18,Rent,Denver,CO,2016-01-08
CUST004064,Sunita Nair,43,Employed,2.59,78884.91,Mortgage,San Antonio,TX,2020-09-06
CUST004065,Thomas Gupta,28,Unemployed,0.0,200920.68,Rent,Atlanta,GA,2017-10-22
CUST004066,Anjali Shah,32,Employed,0.65,61472.49,Rent,Dallas,TX,17/06/2021
CUST004067,Sarah Shah,42,Employed,4.52,84656.52,Mortgage,San Francisco,CA,2019-09-12
CUST004068,Neha Sharma,43,Unemployed,0.0,25070.63,Rent,Sacramento,CA,2019-05-01
CUST004069,Amit Mehta,25,Employed,6.86,36498.4,Own,Jacksonville,FL,2021-02-28
CUST004070,Susan Martinez,52,Employed,5.96,29129.56,Rent,El Paso,TX,2020-10-01
CUST004071,Joseph Martinez,46,Unemployed,0.0,128596.92,Rent,Philadelphia,PA,2017-03-12
CUST004072,Kiran Sharma,31,Employed,2.51,15000.0,Own,Charlotte,NC,2020-06-20
CUST004073,Vikram Gupta,22,Employed,0.74,47033.43,Mortgage,Washington,DC,2016-10-08
CUST004074,Neha Singh,38,Employed,0.54,15000.0,Rent,Charlotte,NC,2017-07-29
CUST004075,Sneha Martinez,34,Self-Employed,15.51,36360.1,Own,Nashville,TN,2017-09-26
CUST004076,Michael Davis,41,Employed,4.45,44597.39,MORTGAGE,Portland,OR,2016-07-10
CUST004077,Linda Rao,35,Employed,8.32,137437.24,rent,El Paso,TX,26/10/2016
CUST004078,Charles Wilson,22,Employed,3.83,75961.11,Own,Boston,MA,2015-10-10
CUST004079,Deepa Hernandez,35,Self-Employed,2.54,36319.68,Rent,San Francisco,CA,24/12/2019
CUST004080,Sarah Mehta,36,Employed,1.12,113502.28,Mortgage,Raleigh,North Carolina,2016-04-05
CUST004081,Ramesh Brown,47,Self-Employed,9.7,60518.2,Own,Denver,CO,2017-03-23
CUST004082,Susan Anderson,31,Self-Employed,0.33,61239.04,Mortgage,Milwaukee,WI,2015-08-09
CUST004083,Priya Mehta,60,Employed,11.52,29097.2,Mortgage,San Diego,CA,2017-12-18
CUST004084,Linda Lopez,22,Retired,0.0,,Rent,Atlanta,GA,2020-12-19
CUST004085,Vikram Nair,55,Employed,0.05,36495.4,Rent,Houston,TX,2018-01-25
CUST004086,William Rao,37,Employed,0.55,61566.72,Mortgage,Raleigh,NC,2021-12-28
CUST004087,Sneha Sharma,50,Self-Employed,10.75,62738.55,Rent,Raleigh,NC,23/10/2020
CUST004088,Sunita Mehta,40,Employed,0.38,151214.65,Rent,Arlington,Texas,2021-08-21
CUST004089,Sarah Smith,53,Self-Employed,2.19,75435.49,Rent,Phoenix,AZ,2021-04-10
CUST004090,Charles Rodriguez,35,retired,0.0,15000.0,Rent,Atlanta,GA,20/11/2021
CUST004091,Pooja Miller,26,Unemployed,0.0,70093.49,Mortgage,Fort Worth,TX,2019-01-27
CUST004092,Sunita Johnson,57,Employed,3.79,25084.12,Mortgage,Minneapolis,MN,2018-05-19
CUST004093,Priya Rodriguez,38,Unemployed,0.0,33537.43,RENT,San Diego,CA,2020-08-23
CUST004094,Priya Wilson,42,Employed,9.59,36779.59,Rent,Memphis,TN,2016-03-16
CUST004095,Vikram Anderson,54,Employed,0.92,40215.07,Own,Tucson,AZ,2020-12-10
CUST004096,Ramesh Gonzalez,27,Employed,10.78,26236.59,Rent,Nashville,TN,2018-05-16
CUST004097,Thomas Johnson,47,Employed,3.01,67649.09,Mortgage,Portland,OR,16/06/2016
CUST004098,Karen Sharma,32,Employed,1.6,25681.31,Own,Houston,TX,2020-07-17
CUST004099,Joseph Hernandez,38,Unemployed,0.0,74161.51,Mortgage,San Jose,CA,25/04/2015
CUST004100,Robert Martinez,40,Self-Employed,1.22,229161.59,Own,Dallas,TX,2016-07-08
CUST004101,Deepa Wilson,22,Self-Employed,10.59,26967.42,Rent,Fort Worth,TX,2021-11-24
CUST004102,Joseph Patel,30,Employed,4.89,50478.05,Mortgage,El Paso,TX,2018-11-24
CUST004103,David Singh,56,Employed,0.73,15000.0,Own,Portland,OR,29/10/2021
CUST004104,Jessica Rao,50,Retired,0.0,49983.03,Own,Cleveland,OH,2021-09-06
CUST004105,Linda Gupta,39,Self-Employed,3.57,88047.37,Mortgage,Milwaukee,WI,20/12/2019
CUST004106,Arjun Jones,42,Self-Employed,3.19,92261.62,Own,San Jose,CA,2016-04-27
CUST004107,Mary Reddy,36,Retired,0.0,62718.91,Rent,Oklahoma City,OK,2021-04-27
CUST004108,Mary Gonzalez,56,Employed,3.21,,Own,Jacksonville,FL,2020-10-02
CUST004109,Jennifer Rao,37,Employed,4.41,275855.57,Rent,Philadelphia,PA,2021-12-21
CUST004110,Arjun Lopez,42,Employed,6.61,167273.05,Mortgage,Miami,FL,2016-08-09
CUST004111,John Shah,53,Employed,12.5,43760.53,Rent,El Paso,TX,2015-08-06
CUST004112,Patricia Kumar,30,Self-Employed,0.23,,OWN,Jacksonville,FL,2020-10-01
CUST004113,Jessica Lopez,58,Employed,4.21,46925.15,Own,Oklahoma City,OK,2017-07-15
CUST004114,Richard Garcia,22,Employed,6.97,33921.7,Mortgage,Houston,TX,2020-12-10
CUST004115,Vikram Nair,59,Employed,0.61,78496.44,Rent,New York,NY,2021-09-17
CUST004116,Joseph Martinez,35,EMPLOYED,12.12,,Mortgage,Baltimore,MD,06/12/2020
CUST004117,David Lopez,37,Employed,1.41,57314.36,Own,Seattle,WA,2015-12-28
CUST004118,Arjun Wilson,22,EMPLOYED,8.96,98993.4,Mortgage,Columbus,OH,2019-01-02
CUST004119,Jessica Singh,34,Unemployed,0.0,56363.81,Own,Austin,TX,24/05/2020
CUST004120,Sarah Smith,27,Employed,4.1,33935.32,Mortgage,Cleveland,OH,2015-11-25
CUST004121,Robert Smith,32,Employed,10.17,121162.56,Mortgage,Austin,TX,2015-09-22
CUST004122,Amit Brown,38,Employed,17.41,19391.91,Rent,Miami,FL,2020-06-05
CUST004123,Pooja Gonzalez,51,Employed,29.27,49183.97,Rent,Philadelphia,PA,2018-11-28
CUST004124,Kiran Johnson,42,Employed,5.75,58396.08,Own,Dallas,TX,2017-09-10
CUST004125,David Martinez,43,Retired,0.0,60448.39,Rent,Arlington,TX,2017-11-02
CUST004126,Lisa Smith,26,Employed,10.39,66722.51,Own,Las Vegas,NV,2018-03-13
CUST004127,Joseph Shah,29,Unemployed,0.0,86358.62,Own,Las Vegas,NV,2021-04-12
CUST004128,Sarah Johnson,61,Employed,1.95,58615.56,Mortgage,Louisville,Kentucky,2015-01-03
CUST004129,Karen Reddy,31,Employed,13.47,48010.02,Rent,Las Vegas,NV,2016-03-31
CUST004130,Linda Gonzalez,59,Self-Employed,6.88,46884.69,Rent,Atlanta,GA,2020-08-06
CUST004131,Vikram Jones,37,Employed,3.01,,Rent,Memphis,TN,2021-10-09
CUST004132,Karen Williams,40,employed,3.03,96040.57,OWN,New York,New York,2015-12-30
CUST004133,John Williams,52,Employed,27.52,40622.72,Own,Chicago,IL,2020-02-24
CUST004134,Pooja Reddy,55,Employed,2.34,,RENT,Fresno,CA,2016-02-09
CUST004135,Sunita Smith,38,Employed,0.49,60560.58,Mortgage,Fort Worth,TX,2015-03-07
CUST004136,James Reddy,35,Unemployed,0.0,43793.78,Mortgage,Boston,MA,2021-03-10
CUST004137,Barbara Brown,39,Employed,10.81,86772.44,Mortgage,New York,New York,2016-03-01
CUST004138,Vikram Miller,44,Retired,0.0,38697.4,Rent,Oklahoma City,Oklahoma,2018-09-17
CUST004139,Lisa Hernandez,50,employed,7.88,87808.22,RENT,Tucson,AZ,19/01/2020
CUST004140,Ramesh Kumar,40,Employed,0.28,68025.35,Mortgage,Fort Worth,TX,2018-03-23
CUST004141,Mary Martinez,47,Employed,5.6,41864.99,Rent,Los Angeles,CA,19/08/2021
CUST004142,Karen Anderson,59,Employed,0.41,82222.22,Rent,New York,NY,2021-04-05
CUST004143,Richard Brown,44,Employed,4.06,83112.79,Own,Indianapolis,IN,2016-11-02
CUST004144,Thomas Shah,43,Employed,3.44,119911.8,Own,Charlotte,NC,2020-02-10
CUST004145,Sneha Gonzalez,22,Retired,0.0,106904.18,Mortgage,Washington,DC,2020-01-19
CUST004146,Charles Wilson,22,Self-Employed,0.71,80399.59,Mortgage,Nashville,TN,2017-02-27
CUST004147,Jennifer Davis,44,Self-Employed,0.05,30437.95,Rent,Dallas,TX,2015-03-22
CUST004148,Sunita Singh,38,Employed,0.74,260186.04,Rent,San Antonio,TX,2016-06-15
CUST004149,Karen Sharma,33,Retired,0.0,25792.27,Own,Memphis,TN,2020-08-20
CUST004150,Charles Nair,42,Employed,1.44,105826.68,RENT,Minneapolis,MN,2019-12-06
CUST004151,Pooja Davis,39,Unemployed,0.0,77557.14,Mortgage,Raleigh,NC,2017-03-18
CUST004152,Anjali Smith,53,Employed,2.37,29599.55,Mortgage,Nashville,TN,2020-05-10
CUST004153,Kiran Reddy,41,Employed,9.19,55571.15,Rent,Austin,TX,2015-09-19
CUST004154,Vikram Lopez,31,Retired,0.0,57110.79,Mortgage,Phoenix,Arizona,30/04/2017
CUST004155,Michael Anderson,51,Employed,9.85,,Mortgage,Chicago,IL,2017-02-23
CUST004156,Joseph Patel,37,Unemployed,0.0,39027.17,Own,Nashville,Tennessee,2021-11-14
CUST004157,Mary Gonzalez,46,Employed,13.63,51166.13,Mortgage,Denver,CO,2020-06-09
CUST004158,Joseph Anderson,34,Employed,6.85,15000.0,Mortgage,Milwaukee,WI,2017-02-28
CUST004159,Rahul Sharma,32,Unemployed,0.0,169542.29,MORTGAGE,Tucson,AZ,2019-06-14
CUST004160,Michael Shah,41,Self-Employed,4.31,31499.25,OWN,Omaha,Nebraska,2018-04-01
CUST004161,Lisa Hernandez,40,Self-Employed,13.52,72849.18,Mortgage,Tucson,AZ,01/07/2016
CUST004162,Barbara Shah,45,Employed,4.37,56339.73,own,El Paso,TX,2017-04-02
CUST004163,Jennifer Brown,36,Employed,1.3,56455.02,Own,Las Vegas,Nevada,2018-11-01
CUST004164,David Miller,22,Employed,4.25,97335.32,Own,Dallas,TX,2020-11-20
CUST004165,Kiran Patel,34,Employed,10.26,163204.2,rent,El Paso,TX,2021-06-09
CUST004166,Sarah Williams,49,UNEMPLOYED,0.0,69626.2,Own,Miami,FL,2015-08-12
CUST004167,Barbara Gonzalez,36,Employed,4.39,88702.81,Rent,Washington,DC,2017-02-16
CUST004168,Sneha Kumar,37,Employed,0.85,72935.8,Own,Fort Worth,Texas,2019-05-09
CUST004169,Joseph Johnson,51,Unemployed,0.0,110251.44,MORTGAGE,Austin,TX,01/05/2017
CUST004170,Kiran Rodriguez,31,Employed,28.9,45353.84,Rent,Louisville,KY,2017-05-22
CUST004171,Sunita Martinez,22,Unemployed,0.0,114146.08,Own,Los Angeles,California,2019-01-14
CUST004172,Arjun Jones,38,Retired,0.0,116576.14,Own,Charlotte,NC,2017-06-04
CUST004173,Robert Hernandez,34,Employed,4.02,114636.58,Mortgage,Charlotte,NC,2017-04-03
CUST004174,Sunita Smith,28,Employed,0.9,,Rent,Dallas,TX,11/02/2021
CUST004175,Karen Nair,37,Employed,17.75,54122.07,Mortgage,Columbus,OH,2019-07-31
CUST004176,Jessica Rao,45,Self-Employed,9.11,69125.58,Mortgage,Los Angeles,CA,30/09/2021
CUST004177,Kiran Singh,39,Employed,0.6,26304.49,Own,Raleigh,North Carolina,31/08/2016
CUST004178,Kiran Hernandez,43,Self-Employed,14.51,155897.2,Mortgage,Minneapolis,MN,2016-07-01
CUST004179,Sarah Hernandez,61,Employed,14.31,59434.73,Mortgage,Austin,TX,2017-11-01
CUST004180,Anil Nair,35,Unemployed,0.0,70994.43,Own,San Diego,CA,2016-03-25
CUST004181,Sneha Kumar,43,Unemployed,0.0,42353.12,Rent,Boston,MA,2015-01-16
CUST004182,Jennifer Brown,33,Retired,0.0,27007.6,Rent,Chicago,IL,2020-02-13
CUST004183,Ramesh Nair,29,Employed,0.44,41671.89,Own,Memphis,TN,2016-05-23
CUST004184,John Gonzalez,32,Employed,3.48,68290.27,Rent,San Francisco,CA,2016-03-25
CUST004185,William Rao,34,EMPLOYED,0.25,89684.86,Mortgage,Fresno,CA,2020-04-21
CUST004186,James Garcia,44,Employed,10.39,65977.89,Rent,Arlington,TX,2016-03-17
CUST004187,Amit Reddy,68,Employed,13.16,73720.37,Mortgage,Houston,TX,27/04/2015
CUST004188,Linda Garcia,31,Retired,0.0,48912.3,rent,Omaha,NE,2021-06-27
CUST004189,Richard Anderson,35,Unemployed,0.0,80639.92,Mortgage,Houston,TX,2015-10-20
CUST004190,Linda Johnson,39,Employed,1.25,145757.52,Rent,San Antonio,TX,2015-07-04
CUST004191,Ramesh Sharma,44,Self-Employed,13.29,91388.38,Rent,Los Angeles,CA,2021-06-06
CUST004192,David Shah,43,Employed,7.33,97316.63,Own,Houston,Texas,2018-06-03
CUST004193,Amit Sharma,55,Employed,5.64,71425.47,Own,San Diego,California,2020-09-11
CUST004194,William Reddy,22,UNEMPLOYED,0.0,24296.97,Rent,Portland,OR,2020-08-06
CUST004195,Sunita Gonzalez,22,Retired,0.0,31990.69,Mortgage,Baltimore,MD,2015-02-16
CUST004196,James Martinez,34,Employed,1.48,78662.79,Rent,Memphis,TN,19/04/2017
CUST004197,Linda Wilson,53,Unemployed,0.0,59482.45,Rent,San Diego,CA,2021-07-25
CUST004198,Charles Reddy,22,Unemployed,0.0,77956.46,Rent,Sacramento,CA,2017-11-18
CUST004199,Karen Kumar,22,Employed,4.69,,Mortgage,San Francisco,California,2019-03-26
CUST004200,Priya Gupta,46,Employed,1.17,92560.86,Own,Atlanta,GA,2019-10-29
CUST004201,Rahul Patel,42,Self-Employed,2.87,127431.18,Rent,San Jose,CA,2018-04-16
CUST004202,David Jones,26,Unemployed,0.0,63373.99,Own,Columbus,OH,2016-07-27
CUST004203,Charles Kumar,28,Employed,1.85,,Mortgage,New York,NY,2016-01-12
CUST004204,Jessica Gupta,28,Employed,0.39,57831.0,Mortgage,Nashville,TN,2015-04-13
CUST004205,Rahul Kumar,41,Self-Employed,1.1,36943.64,Rent,Portland,OR,2019-09-07
CUST004206,Thomas Sharma,32,Self-Employed,0.9,152508.71,Own,San Antonio,TX,28/06/2019
CUST004207,Anil Miller,45,Employed,5.0,96204.81,Rent,Tucson,AZ,2016-09-14
CUST004208,Arjun Reddy,22,Employed,0.36,81822.5,Mortgage,Seattle,Washington,2021-10-17
CUST004209,William Garcia,29,Unemployed,0.0,125689.01,Own,Arlington,TX,2021-07-15
CUST004210,Amit Nair,26,Self-Employed,0.44,17818.03,Rent,Omaha,NE,2015-11-16
CUST004211,Sneha Smith,36,Unemployed,0.0,85210.74,Own,Dallas,TX,2021-12-10
CUST004212,Priya Wilson,33,Retired,0.0,27271.91,Own,Portland,OR,2017-08-22
CUST004213,Susan Jones,49,Unemployed,0.0,59614.05,Rent,San Antonio,TX,2017-09-09
CUST004214,Sneha Williams,22,retired,0.0,49661.01,Own,Minneapolis,MN,2018-10-06
CUST004215,James Martinez,40,Retired,0.0,89057.9,Mortgage,Arlington,TX,2019-04-10
CUST004216,Richard Miller,46,Self-Employed,2.11,68659.33,Mortgage,San Diego,CA,2016-12-24
CUST004217,Michael Singh,62,Self-Employed,4.59,134197.83,Mortgage,Denver,CO,2021-04-30
CUST004218,Anil Hernandez,34,Self-Employed,1.52,41725.25,Rent,San Diego,California,2015-10-24
CUST004219,Michael Johnson,43,Self-Employed,0.14,91625.84,own,San Antonio,TX,2017-12-28
CUST004220,Anil Gupta,22,Employed,16.39,65994.98,Own,Miami,FL,2019-11-09
CUST004221,David Williams,22,Employed,6.91,22445.06,Own,Fort Worth,TX,08/03/2020
CUST004222,Neha Shah,50,Employed,0.73,34503.99,Mortgage,Omaha,NE,2021-01-10
CUST004223,Joseph Lopez,39,Employed,3.04,54724.85,mortgage,Fort Worth,TX,2018-03-02
CUST004224,James Miller,54,Employed,0.32,116701.59,Own,San Francisco,CA,2018-09-06
CUST004225,Karen Martinez,23,Retired,0.0,79081.47,Rent,Tucson,AZ,2021-07-22
CUST004226,Ramesh Patel,46,Employed,0.24,29717.74,Rent,Fort Worth,Texas,2018-07-13
CUST004227,Lisa Lopez,62,Employed,7.05,55039.71,Rent,Washington,DC,2020-02-23
CUST004228,Vikram Rodriguez,45,Employed,2.94,200924.37,Own,Portland,OR,2015-06-02
CUST004229,Richard Williams,43,Employed,9.3,64006.12,Mortgage,Denver,CO,2019-04-30
CUST004230,Barbara Brown,40,Unemployed,0.0,49197.82,Rent,Austin,TX,2020-03-28
CUST004231,Jessica Rodriguez,22,Employed,7.47,80422.06,Mortgage,Chicago,IL,2017-08-22
CUST004232,Susan Rodriguez,56,Employed,0.41,94658.96,Rent,Sacramento,CA,2019-07-10
CUST004233,Michael Jones,32,Unemployed,0.0,45537.84,Rent,Miami,FL,2021-05-15
CUST004234,Amit Patel,46,Employed,2.24,80946.59,Own,Columbus,OH,2018-09-18
CUST004235,Anjali Hernandez,22,Unemployed,0.0,49151.68,Mortgage,Atlanta,GA,2015-06-06
CUST004236,Karen Reddy,25,Employed,8.44,92189.04,Own,El Paso,TX,2020-05-09
CUST004237,Sneha Miller,57,EMPLOYED,0.27,66291.43,Mortgage,Indianapolis,Indiana,2020-06-17
CUST004238,David Smith,35,Employed,14.93,79951.92,Rent,New York,NY,16/11/2018
CUST004239,Joseph Miller,57,Employed,7.7,37967.65,Rent,New York,NY,2016-09-02
CUST004240,Jennifer Gupta,39,Employed,2.2,36578.95,rent,Philadelphia,PA,2021-02-24
CUST004241,Barbara Jones,22,Employed,23.74,105587.83,Own,San Diego,CA,2017-02-01
CUST004242,David Sharma,50,Unemployed,0.0,57088.74,Rent,Cleveland,OH,2020-03-25
CUST004243,James Hernandez,32,Self-Employed,2.57,71041.6,Rent,Miami,FL,2021-11-20
CUST004244,John Johnson,48,EMPLOYED,10.81,49819.55,Rent,San Jose,CA,2019-03-21
CUST004245,William Kumar,40,Employed,28.73,102665.98,Rent,Philadelphia,PA,2020-08-19
CUST004246,Deepa Wilson,22,Retired,0.0,41577.48,Mortgage,Minneapolis,MN,2017-11-02
CUST004247,Sneha Hernandez,41,Employed,6.8,55195.64,Own,Phoenix,AZ,2017-10-23
CUST004248,Lisa Kumar,66,Employed,1.82,95951.27,Own,San Antonio,TX,2017-08-27
CUST004249,Linda Davis,45,Employed,7.27,121028.41,Own,San Francisco,CA,2021-01-09
CUST004250,Vikram Gonzalez,9,Self-Employed,0.67,43728.02,Mortgage,Charlotte,NC,2019-01-18
CUST004251,Anjali Nair,52,Employed,2.05,194038.21,MORTGAGE,Milwaukee,WI,2017-07-01
CUST004252,Sneha Lopez,42,Retired,0.0,72254.15,Mortgage,Denver,CO,2020-01-04
CUST004253,Lisa Kumar,42,Employed,3.39,32024.07,Own,San Francisco,CA,2018-08-11
CUST004254,Priya Kumar,26,Employed,6.04,74714.63,Rent,Milwaukee,WI,2015-12-18
CUST004255,Jennifer Gupta,42,Employed,2.38,47581.56,Own,Houston,TX,2018-01-17
CUST004256,Jessica Garcia,52,Employed,4.77,77686.84,Mortgage,San Antonio,TX,2021-12-13
CUST004257,Karen Nair,29,Employed,4.21,58354.18,Mortgage,Jacksonville,FL,2019-08-08
CUST004258,Barbara Wilson,57,Retired,0.0,62602.73,Own,Chicago,IL,2020-11-16
CUST004259,Deepa Sharma,38,Employed,3.34,34649.69,Rent,Denver,CO,2017-09-04
CUST004260,Thomas Mehta,29,Unemployed,0.0,,Mortgage,Boston,MA,2018-01-24
CUST004261,Linda Singh,51,Employed,3.08,29921.23,Mortgage,Oklahoma City,OK,2019-04-02
CUST004262,Ramesh Shah,36,EMPLOYED,3.06,30783.71,Rent,Las Vegas,NV,2020-01-31
CUST004263,Neha Garcia,49,Employed,0.15,74638.83,own,San Diego,CA,24/05/2015
CUST004264,Mary Lopez,36,Employed,3.61,,Rent,San Antonio,TX,2019-03-25
CUST004265,Anil Rao,39,Self-Employed,6.69,48457.58,Rent,Chicago,IL,2018-07-03
CUST004266,Neha Reddy,45,Unemployed,0.0,91179.32,Rent,New York,NY,2021-08-09
CUST004267,Ramesh Miller,43,Self-Employed,5.19,114005.74,Mortgage,Dallas,TX,2015-11-26
CUST004268,Richard Gonzalez,22,Employed,3.8,,own,Austin,TX,2019-03-16
CUST004269,Rahul Garcia,26,Employed,7.69,,Mortgage,El Paso,TX,18/10/2015
CUST004270,James Miller,51,RETIRED,0.0,31112.72,Mortgage,Washington,DC,2020-01-16
CUST004271,Deepa Lopez,38,Retired,0.0,15922.23,Own,Baltimore,MD,2021-06-09
CUST004272,Amit Miller,33,Employed,8.79,51138.64,Mortgage,Arlington,TX,16/11/2020
CUST004273,James Patel,23,Employed,0.35,121400.76,Mortgage,Seattle,WA,2020-01-27
CUST004274,Lisa Hernandez,27,Self-Employed,1.71,30500.56,Own,Philadelphia,PA,2017-11-11
CUST004275,Michael Lopez,22,Self-Employed,4.48,91137.62,Rent,Boston,MA,2021-12-20
CUST004276,Thomas Kumar,38,Employed,9.69,33857.25,Rent,El Paso,TX,2018-09-14
CUST004277,James Gupta,32,Employed,0.37,63808.62,own,Jacksonville,FL,2018-08-28
CUST004278,Karen Johnson,28,unemployed,0.0,91553.15,Rent,San Diego,CA,08/01/2018
CUST004279,Karen Shah,9,Employed,1.66,40307.9,rent,Louisville,KY,2015-02-24
CUST004280,Sneha Gonzalez,44,Employed,2.11,66322.92,Mortgage,Louisville,KY,12/06/2021
CUST004281,Robert Nair,65,Employed,9.27,46674.12,Own,Milwaukee,WI,2019-01-18
CUST004282,Thomas Rodriguez,22,Employed,15.96,91408.08,Mortgage,Seattle,WA,08/06/2019
CUST004283,Patricia Patel,53,Retired,0.0,68953.68,Rent,Memphis,TN,2016-04-28
CUST004284,Mary Nair,51,Employed,0.08,61938.96,OWN,Atlanta,Georgia,2021-05-20
CUST004285,Sneha Gupta,30,Unemployed,0.0,152513.74,Rent,Portland,OR,2021-04-20
CUST004286,Anil Sharma,42,Employed,0.73,89088.34,Rent,Austin,TX,2015-10-17
CUST004287,Susan Sharma,34,Unemployed,0.0,39568.51,Rent,San Diego,CA,2015-06-02
CUST004288,Michael Johnson,42,Employed,1.61,56867.64,Mortgage,Dallas,TX,2017-10-19
CUST004289,Rahul Smith,58,Employed,1.66,57208.67,Mortgage,Houston,TX,02/09/2016
CUST004290,Barbara Nair,47,unemployed,0.0,,own,Austin,TX,2016-05-10
CUST004291,Susan Jones,46,Employed,2.05,272312.5,mortgage,San Antonio,TX,2020-02-12
CUST004292,Jennifer Wilson,34,employed,4.84,74795.36,Mortgage,Portland,OR,2016-06-22
CUST004293,Linda Johnson,22,Employed,4.95,17649.42,Rent,Raleigh,NC,23/07/2019
CUST004294,Deepa Shah,37,Employed,3.7,43231.32,Rent,Atlanta,GA,2020-03-29
CUST004295,Patricia Hernandez,54,Employed,9.78,18780.54,Own,Cleveland,OH,2015-05-12
CUST004296,Michael Singh,22,SELF-EMPLOYED,9.34,49124.89,Own,Baltimore,MD,2015-07-14
CUST004297,Karen Miller,27,Employed,1.22,,rent,Jacksonville,FL,2019-07-20
CUST004298,Mary Hernandez,41,Employed,3.92,35491.4,Rent,Arlington,TX,2020-05-17
CUST004299,Priya Nair,28,Employed,7.66,24042.23,Own,Memphis,TN,2016-03-28
CUST004300,David Patel,30,Employed,10.08,75394.99,RENT,Washington,DC,2017-04-29
CUST004301,Rahul Kumar,34,Self-Employed,1.47,59893.52,Mortgage,Arlington,Texas,25/06/2020
CUST004302,James Mehta,23,Unemployed,0.0,71809.88,Mortgage,Los Angeles,CA,2019-06-07
CUST004303,Vikram Wilson,28,Employed,3.72,56233.57,Mortgage,Dallas,TX,2017-10-07
CUST004304,Patricia Williams,48,Self-Employed,6.01,25936.88,Rent,Atlanta,GA,2017-08-18
CUST004305,Richard Rao,24,Employed,2.0,81480.0,Mortgage,Miami,FL,2019-08-02
CUST004306,Pooja Jones,22,Employed,1.74,189725.72,Rent,San Diego,CA,2019-04-03
CUST004307,Karen Williams,32,EMPLOYED,6.11,76536.85,Mortgage,Portland,OR,2015-11-20
CUST004308,Susan Anderson,48,Employed,2.55,46371.73,Mortgage,Baltimore,MD,2020-06-17
CUST004309,Robert Rodriguez,37,Employed,0.02,25416.65,Mortgage,Chicago,IL,2019-08-30
CUST004310,Richard Nair,34,Employed,13.89,34723.08,Own,Phoenix,AZ,2021-12-10
CUST004311,Pooja Wilson,40,Employed,0.81,78576.17,Own,San Francisco,CA,20/11/2016
CUST004312,Susan Shah,22,Employed,0.8,113990.55,Mortgage,Oklahoma City,OK,2015-11-01
CUST004313,James Martinez,45,Retired,0.0,,Mortgage,New York,NY,2018-02-17
CUST004314,Karen Singh,44,Employed,2.04,96754.52,Own,Tucson,AZ,2015-10-25
CUST004315,Neha Brown,35,Employed,1.99,91546.92,Mortgage,Cleveland,OH,2015-01-17
CUST004316,Arjun Anderson,52,Employed,4.87,81139.13,Rent,Cleveland,OH,2021-01-07
CUST004317,Jennifer Patel,26,Unemployed,0.0,40332.62,Mortgage,Charlotte,NC,2015-10-25
CUST004318,Anil Williams,53,Employed,1.35,66459.9,Mortgage,El Paso,TX,2020-03-29
CUST004319,Linda Williams,41,EMPLOYED,0.27,35989.17,RENT,Tucson,AZ,2020-04-23
CUST004320,Susan Reddy,35,self-employed,1.72,60503.55,Own,Tucson,AZ,2019-05-18
CUST004321,Jennifer Garcia,39,Unemployed,0.0,73022.15,Mortgage,Arlington,Texas,2017-10-29
CUST004322,Priya Patel,38,Unemployed,0.0,163942.38,Own,San Antonio,TX,29/01/2019
CUST004323,Mary Rao,54,Employed,1.85,27286.87,Mortgage,Las Vegas,NV,28/10/2019
CUST004324,David Smith,27,Unemployed,0.0,79929.84,Mortgage,Indianapolis,IN,2019-02-19
CUST004325,Jessica Shah,30,SELF-EMPLOYED,0.73,145617.99,OWN,Atlanta,GA,21/01/2020
CUST004326,Rahul Anderson,52,Retired,0.0,94401.16,Own,Washington,DC,2019-12-23
CUST004327,Jennifer Reddy,32,Retired,0.0,,Own,Memphis,TN,2017-06-15
CUST004328,Sarah Martinez,50,Employed,9.58,85188.09,Mortgage,San Jose,CA,2016-08-04
CUST004329,Richard Reddy,60,Self-Employed,0.24,130483.32,Own,Sacramento,CA,2020-07-23
CUST004330,William Martinez,35,Employed,1.17,31179.41,Mortgage,Arlington,TX,2015-07-10
CUST004331,Patricia Gonzalez,48,Employed,1.14,26067.48,Rent,Houston,TX,2021-12-31
CUST004332,Charles Garcia,26,Employed,8.81,59647.02,Own,New York,NY,2017-01-19
CUST004333,Karen Jones,49,Employed,3.05,16371.59,Mortgage,Austin,TX,2016-08-24
CUST004334,Priya Wilson,42,Employed,2.3,125290.14,RENT,Minneapolis,MN,2018-06-25
CUST004335,Joseph Miller,45,Retired,0.0,124545.84,Rent,Atlanta,GA,2015-03-12
CUST004336,Karen Miller,32,Employed,12.98,46165.57,Mortgage,Miami,FL,2021-07-11
CUST004337,Susan Martinez,22,EMPLOYED,2.9,47931.95,Mortgage,Austin,Texas,2019-03-13
CUST004338,Thomas Nair,46,Employed,0.69,57330.7,Rent,Phoenix,Arizona,2019-01-19
CUST004339,Deepa Rodriguez,22,Employed,0.94,61772.43,Rent,Miami,FL,2019-02-15
CUST004340,Jennifer Sharma,36,Retired,0.0,64621.62,Mortgage,Oklahoma City,OK,2021-02-28
CUST004341,Neha Patel,51,Self-Employed,5.71,83695.4,Mortgage,Indianapolis,IN,2019-06-24
CUST004342,Rahul Lopez,42,Employed,4.04,,Rent,El Paso,Texas,2020-10-12
CUST004343,Amit Anderson,63,Retired,0.0,105441.96,Own,Seattle,WA,13/10/2016
CUST004344,David Johnson,52,Employed,0.52,78242.53,Mortgage,Houston,TX,2015-10-27
CUST004345,Anjali Jones,32,Retired,0.0,41598.61,Mortgage,Minneapolis,MN,2018-10-29
CUST004346,Jessica Nair,40,Employed,3.83,133394.69,Rent,Charlotte,NC,26/01/2015
CUST004347,Ramesh Lopez,39,Self-Employed,0.48,26503.86,Rent,Sacramento,CA,2018-03-10
CUST004348,Charles Miller,22,Employed,6.87,56653.02,Own,Memphis,TN,24/08/2021
CUST004349,Arjun Nair,28,Retired,0.0,106953.61,Mortgage,Louisville,KY,2016-04-09
CUST004350,Pooja Singh,33,Employed,2.91,38799.25,Mortgage,Indianapolis,IN,19/05/2019
CUST004351,Karen Williams,22,Employed,0.61,72094.53,Own,Philadelphia,PA,2017-08-20
CUST004352,Pooja Rao,40,Unemployed,0.0,82950.87,Mortgage,Milwaukee,WI,2016-02-27
CUST004353,Jessica Rodriguez,37,Employed,0.13,35727.85,Mortgage,Baltimore,MD,2018-10-10
CUST004354,Jessica Anderson,22,Self-Employed,7.36,57326.22,Mortgage,Cleveland,OH,2020-09-26
CUST004355,Thomas Johnson,44,Self-Employed,5.92,54507.72,RENT,Baltimore,Maryland,2016-01-04
CUST004356,Linda Kumar,48,Employed,4.39,43000.08,Own,Philadelphia,PA,2020-01-22
CUST004357,Susan Sharma,42,employed,7.25,238233.11,Mortgage,Miami,Florida,2017-07-16
CUST004358,William Anderson,36,Retired,0.0,37878.4,rent,Baltimore,MD,2020-10-17
CUST004359,Priya Lopez,47,Unemployed,0.0,109421.01,Mortgage,Oklahoma City,OK,2019-08-21
CUST004360,Anjali Mehta,48,Employed,6.12,47302.55,Own,San Diego,CA,2018-07-26
CUST004361,Robert Hernandez,43,Employed,2.37,31195.16,Own,Miami,FL,2016-09-04
CUST004362,Michael Shah,30,Employed,2.17,63683.99,Mortgage,Los Angeles,CA,2019-08-02
CUST004363,Neha Smith,43,Employed,9.52,88384.87,Rent,San Antonio,TX,2017-07-06
CUST004364,David Wilson,54,Employed,4.28,104016.6,mortgage,Louisville,KY,2016-03-28
CUST004365,Sneha Hernandez,32,UNEMPLOYED,0.0,152872.43,Rent,Portland,OR,2018-11-12
CUST004366,Arjun Shah,65,Self-Employed,2.58,350511.14,Rent,Chicago,IL,2016-10-08
CUST004367,Michael Garcia,33,Self-Employed,7.96,69585.29,mortgage,Sacramento,CA,2016-06-06
CUST004368,Neha Martinez,40,Employed,14.07,40221.01,Mortgage,Sacramento,CA,2016-11-11
CUST004369,David Anderson,31,Employed,4.77,,Mortgage,New York,NY,2015-06-20
CUST004370,Susan Rao,42,Self-Employed,2.51,51035.27,Rent,Philadelphia,PA,2020-02-01
CUST004371,Mary Anderson,22,Self-Employed,1.45,104357.7,Own,Omaha,NE,2018-05-05
CUST004372,Anil Patel,33,Self-Employed,2.74,27493.4,rent,Arlington,TX,2019-12-09
CUST004373,Ramesh Reddy,26,Employed,4.17,247954.55,Mortgage,Nashville,TN,2017-03-11
CUST004374,Vikram Sharma,41,Employed,0.02,100070.36,Mortgage,Minneapolis,MN,2016-03-15
CUST004375,Sarah Rodriguez,51,Employed,1.56,21798.53,Mortgage,Sacramento,CA,03/05/2018
CUST004376,Rahul Gupta,47,Employed,5.57,39127.57,Mortgage,Columbus,OH,2017-09-11
CUST004377,Arjun Sharma,22,SELF-EMPLOYED,5.59,97699.2,Mortgage,Milwaukee,WI,2016-02-07
CUST004378,Vikram Martinez,64,employed,5.29,121273.84,mortgage,El Paso,TX,2017-08-25
CUST004379,Robert Davis,43,Retired,0.0,27907.69,Own,Boston,MA,12/09/2017
CUST004380,Pooja Brown,30,Employed,4.2,91841.13,Own,Houston,TX,2016-03-09
CUST004381,Sunita Wilson,41,Employed,1.57,18612.64,Own,Charlotte,NC,2020-01-28
CUST004382,Karen Patel,42,Unemployed,0.0,56749.29,Mortgage,Milwaukee,WI,17/02/2020
CUST004383,Vikram Patel,31,Employed,2.47,116684.4,Mortgage,El Paso,TX,2016-07-28
CUST004384,Mary Garcia,42,Unemployed,0.0,43005.81,Rent,Sacramento,CA,2017-12-17
CUST004385,Pooja Garcia,32,Self-Employed,4.07,24242.11,Mortgage,Arlington,TX,07/02/2019
CUST004386,Lisa Gupta,35,Retired,0.0,65364.13,Own,Omaha,NE,2020-10-01
CUST004387,Amit Miller,31,employed,2.52,41654.67,Own,Atlanta,GA,2015-12-08
CUST004388,William Jones,22,Employed,5.91,87354.95,Own,Boston,MA,2016-06-07
CUST004389,Arjun Johnson,41,Employed,27.54,35200.1,Own,Baltimore,MD,2020-07-19
CUST004390,Jennifer Martinez,47,Self-Employed,5.17,37662.41,Rent,San Diego,CA,2019-09-18
CUST004391,Barbara Lopez,46,EMPLOYED,1.62,17807.92,Rent,San Antonio,TX,2021-02-12
CUST004392,Anil Gonzalez,49,Employed,0.47,66301.44,Rent,Charlotte,NC,2016-11-13
CUST004393,David Anderson,43,Employed,2.25,54363.98,Own,New York,NY,2016-03-01
CUST004394,James Mehta,33,Employed,0.1,29347.69,Rent,El Paso,TX,28/02/2020
CUST004395,Barbara Miller,50,Self-Employed,3.13,67257.19,RENT,Washington,DC,2017-08-27
CUST004396,Susan Martinez,23,Employed,5.39,110884.25,Mortgage,Denver,CO,2020-08-05
CUST004397,Lisa Williams,29,Employed,3.59,52609.88,Mortgage,Sacramento,CA,2015-10-18
CUST004398,Susan Davis,28,Employed,10.02,70326.23,Mortgage,Tucson,Arizona,03/07/2018
CUST004399,Jessica Wilson,52,Self-Employed,3.41,70543.64,Rent,Boston,MA,2020-08-11
CUST004400,Jennifer Reddy,51,Unemployed,0.0,29068.26,Rent,San Antonio,TX,2019-01-06
CUST004401,Sarah Jones,45,Employed,1.85,205654.22,Rent,Chicago,IL,2017-03-09
CUST004402,Rahul Smith,52,Employed,9.09,45138.47,Own,Austin,TX,2019-12-05
CUST004403,Sneha Garcia,29,Employed,11.7,88758.08,Own,Miami,FL,2021-08-07
CUST004404,Neha Brown,44,Employed,19.07,94990.22,Rent,Dallas,TX,2019-09-17
CUST004405,Sneha Singh,38,employed,19.87,55063.53,Mortgage,Portland,OR,2017-04-16
CUST004406,Vikram Nair,50,Employed,19.67,,Rent,San Antonio,TX,16/06/2018
CUST004407,Jessica Sharma,38,Retired,0.0,69389.55,Mortgage,San Francisco,CA,2021-05-01
CUST004408,Anjali Anderson,35,Retired,0.0,25576.17,Rent,Arlington,TX,2020-10-11
CUST004409,Sarah Rao,46,Employed,0.95,49052.01,Own,Fort Worth,TX,2021-03-21
CUST004410,Michael Gonzalez,50,Employed,7.28,41459.38,Own,Fort Worth,TX,2018-09-18
CUST004411,William Hernandez,31,Employed,6.64,45385.73,Mortgage,San Diego,CA,2016-12-29
CUST004412,William Gonzalez,39,Employed,9.24,27380.82,Mortgage,Louisville,KY,2015-03-03
CUST004413,Priya Martinez,27,Employed,3.1,117695.99,Mortgage,Columbus,Ohio,2018-05-15
CUST004414,Ramesh Gupta,22,Self-Employed,11.15,156560.16,Rent,Milwaukee,WI,11/06/2017
CUST004415,Vikram Singh,42,Employed,6.34,107667.36,Mortgage,Fort Worth,TX,2016-06-17
CUST004416,John Lopez,47,Unemployed,0.0,,Rent,El Paso,TX,2020-04-06
CUST004417,Kiran Mehta,43,Self-Employed,1.16,48689.52,Own,San Antonio,TX,24/04/2017
CUST004418,Mary Davis,22,Retired,0.0,40873.86,Own,Portland,OR,2016-01-20
CUST004419,Susan Rao,35,Self-Employed,2.77,37528.19,Rent,Chicago,IL,2016-12-14
CUST004420,Sarah Lopez,22,Self-Employed,1.43,88118.6,Rent,Raleigh,NC,2019-10-24
CUST004421,Rahul Hernandez,56,Employed,2.75,68613.04,Rent,San Diego,CA,2018-01-14
CUST004422,Pooja Smith,26,Self-Employed,0.88,57163.28,Own,Baltimore,MD,27/04/2017
CUST004423,Vikram Williams,55,Employed,11.12,130234.13,Rent,Milwaukee,WI,2016-12-28
CUST004424,Joseph Jones,51,Self-Employed,0.37,76340.95,Rent,Raleigh,NC,2015-05-24
CUST004425,Kiran Miller,29,Employed,2.18,36199.67,Rent,Minneapolis,MN,2021-05-29
CUST004426,Robert Miller,26,Employed,4.07,,Rent,Dallas,TX,21/05/2019
CUST004427,Lisa Wilson,44,Employed,10.34,90146.91,Mortgage,Miami,FL,2017-10-29
CUST004428,Jennifer Hernandez,29,Employed,7.61,111864.07,Mortgage,New York,NY,2019-02-22
CUST004429,Anjali Shah,41,Employed,0.11,83367.03,Mortgage,Tucson,AZ,2016-06-20
CUST004430,Susan Wilson,34,Retired,0.0,186863.42,Rent,Houston,TX,2021-04-09
CUST004431,Barbara Martinez,22,Employed,5.08,159692.33,Rent,Sacramento,CA,2019-12-02
CUST004432,Lisa Gonzalez,22,Self-Employed,0.72,78012.28,Mortgage,Las Vegas,NV,11/03/2021
CUST004433,Sneha Johnson,42,Employed,4.8,36201.35,Own,Raleigh,NC,2019-01-04
CUST004434,Thomas Wilson,33,Employed,8.52,27282.68,Rent,Atlanta,GA,2018-11-11
CUST004435,Susan Garcia,33,Employed,4.61,47456.6,Mortgage,Minneapolis,MN,2020-01-30
CUST004436,Vikram Mehta,48,Employed,35.33,94082.57,Own,Jacksonville,FL,2021-08-28
CUST004437,Amit Brown,54,Employed,3.54,179151.71,Mortgage,Raleigh,NC,2019-01-27
CUST004438,Anil Williams,36,Employed,5.59,76915.92,Rent,Jacksonville,FL,2020-07-13
CUST004439,Neha Mehta,35,Employed,0.36,120720.55,Mortgage,Dallas,TX,2016-11-30
CUST004440,Michael Shah,46,Retired,0.0,51679.45,Own,San Antonio,TX,2020-01-14
CUST004441,Vikram Smith,23,Employed,4.89,86999.83,Own,Memphis,TN,2018-07-09
CUST004442,David Hernandez,42,UNEMPLOYED,0.0,98126.63,Own,Omaha,Nebraska,2016-06-08
CUST004443,William Patel,46,Retired,0.0,18255.9,Own,Omaha,NE,2021-10-28
CUST004444,Pooja Gonzalez,48,Self-Employed,4.11,46720.43,Rent,Oklahoma City,OK,2019-09-21
CUST004445,Anil Smith,22,Retired,0.0,105854.44,Own,Minneapolis,MN,2018-11-27
CUST004446,Kiran Shah,30,Employed,4.38,70592.63,rent,Memphis,TN,2017-01-30
CUST004447,Vikram Wilson,29,UNEMPLOYED,0.0,29204.88,Own,Portland,OR,09/06/2020
CUST004448,Patricia Martinez,41,Employed,0.73,,Rent,Omaha,NE,06/09/2021
CUST004449,Ramesh Rodriguez,9,employed,3.19,48075.67,Mortgage,Indianapolis,IN,14/03/2017
CUST004450,Linda Gupta,57,Self-Employed,3.86,57356.91,Mortgage,Seattle,WA,2016-02-13
CUST004451,Deepa Kumar,34,Retired,0.0,35229.75,OWN,Louisville,KY,2016-11-02
CUST004452,Rahul Rao,34,Retired,0.0,65241.49,Mortgage,El Paso,TX,23/07/2019
CUST004453,Sneha Nair,53,Employed,0.79,81131.94,Own,Denver,CO,2017-07-17
CUST004454,Arjun Singh,43,Employed,0.81,89537.45,Mortgage,Baltimore,MD,2016-07-27
CUST004455,Rahul Brown,55,Self-Employed,6.38,15000.0,Mortgage,Dallas,TX,2017-07-16
CUST004456,Susan Wilson,43,Self-Employed,5.42,27212.42,Rent,Dallas,TX,2015-03-18
CUST004457,Anjali Mehta,26,EMPLOYED,1.5,49872.57,Own,Portland,OR,2015-08-30
CUST004458,Jennifer Jones,24,Employed,2.95,84398.41,Mortgage,Omaha,NE,2017-06-30
CUST004459,James Hernandez,22,unemployed,0.0,80301.25,Own,Minneapolis,MN,2017-01-21
CUST004460,Thomas Miller,47,Self-Employed,1.0,79468.97,Mortgage,Nashville,TN,2016-11-22
CUST004461,Pooja Gupta,54,Employed,1.97,47569.6,OWN,Sacramento,CA,2015-07-04
CUST004462,Anil Wilson,62,Self-Employed,1.52,49188.74,own,Oklahoma City,OK,2017-09-17
CUST004463,Patricia Anderson,50,Employed,0.43,38677.08,Rent,Sacramento,CA,2019-04-25
CUST004464,Charles Johnson,53,RETIRED,0.0,94932.03,Own,Columbus,Ohio,2018-09-20
CUST004465,Linda Sharma,33,Employed,3.0,34465.25,Rent,Fort Worth,TX,2017-01-30
CUST004466,Anil Lopez,26,Employed,6.27,99710.06,Own,Columbus,OH,2016-11-26
CUST004467,Patricia Gupta,50,Unemployed,0.0,67826.75,Mortgage,Arlington,TX,2021-07-04
CUST004468,Rahul Rodriguez,45,Employed,2.1,58277.61,Rent,Denver,Colorado,2017-12-05
CUST004469,Ramesh Hernandez,41,Retired,0.0,40375.31,Own,Washington,DC,2016-10-17
CUST004470,Charles Rao,44,Self-Employed,3.84,26547.08,Mortgage,Dallas,Texas,2018-12-30
CUST004471,Mary Singh,43,Retired,0.0,40595.33,Rent,Jacksonville,FL,2018-08-22
CUST004472,Karen Garcia,55,Employed,20.0,49118.74,Mortgage,Minneapolis,MN,2016-10-24
CUST004473,Charles Lopez,55,Self-Employed,8.45,15000.0,Mortgage,Fresno,California,2015-04-02
CUST004474,Sunita Smith,46,Unemployed,0.0,53187.94,Mortgage,Oklahoma City,OK,2019-11-29
CUST004475,Deepa Hernandez,50,Self-Employed,13.16,104257.01,Mortgage,San Diego,CA,01/11/2015
CUST004476,Lisa Shah,46,Employed,0.98,84147.86,RENT,Washington,DC,2015-07-09
CUST004477,Robert Gupta,34,Employed,5.96,44456.95,Rent,Sacramento,CA,2017-07-24
CUST004478,Linda Lopez,49,Employed,3.09,61584.27,Mortgage,Atlanta,GA,2016-12-26
CUST004479,Robert Singh,23,Employed,0.78,42886.02,Rent,Raleigh,NC,20/02/2019
CUST004480,Vikram Davis,52,Self-Employed,0.39,65464.05,mortgage,Cleveland,OH,2021-05-30
CUST004481,Susan Williams,25,Employed,3.28,150853.54,Mortgage,Portland,OR,2019-01-07
CUST004482,Michael Jones,43,Unemployed,0.0,107055.14,Rent,Fresno,CA,2018-02-04
CUST004483,Barbara Shah,29,Employed,1.44,81836.33,Own,Denver,CO,2019-05-08
CUST004484,Kiran Wilson,46,Employed,1.93,44545.62,Own,Las Vegas,NV,2019-08-21
CUST004485,Karen Lopez,39,Employed,6.34,93897.88,Own,New York,New York,2021-01-23
CUST004486,Anil Nair,22,Self-Employed,0.9,21760.98,Rent,Tucson,AZ,06/08/2018
CUST004487,Sarah Reddy,45,Employed,6.32,51461.43,Rent,San Antonio,Texas,2015-10-04
CUST004488,Amit Patel,33,employed,7.63,84984.73,Mortgage,Los Angeles,CA,2018-04-03
CUST004489,Anil Johnson,50,SELF-EMPLOYED,4.51,93363.22,Own,Memphis,TN,2015-12-20
CUST004490,John Hernandez,40,Employed,1.42,89494.34,Own,San Jose,CA,2019-12-01
CUST004491,Rahul Johnson,44,Retired,0.0,71460.38,Own,Houston,TX,2020-08-03
CUST004492,Barbara Gupta,28,retired,0.0,53239.99,Rent,Houston,TX,2016-08-18
CUST004493,Michael Gonzalez,32,Employed,9.4,82684.35,Rent,Fort Worth,TX,2020-01-24
CUST004494,Pooja Reddy,34,Unemployed,0.0,,Rent,Seattle,WA,2018-01-13
CUST004495,Jennifer Hernandez,50,Self-Employed,6.83,36069.17,Mortgage,Austin,TX,2019-08-19
CUST004496,Lisa Wilson,60,Employed,3.15,,Mortgage,Denver,CO,2019-07-05
CUST004497,Vikram Smith,30,Employed,11.45,66430.97,mortgage,San Francisco,CA,2016-06-12
CUST004498,Susan Reddy,52,Unemployed,0.0,20022.88,Rent,San Jose,CA,2015-06-03
CUST004499,Thomas Reddy,22,Retired,0.0,78675.56,Rent,Houston,TX,2015-01-14
CUST004500,Jennifer Wilson,25,Employed,6.74,95190.65,Rent,Denver,Colorado,2020-07-25
CUST004501,Linda Miller,28,Employed,1.11,57161.1,Mortgage,Columbus,OH,2017-01-11
CUST004502,Thomas Martinez,130,Self-Employed,0.86,248868.46,Own,Fresno,CA,2019-03-28
CUST004503,Pooja Singh,22,Employed,0.49,39744.98,Mortgage,Chicago,IL,2015-01-27
CUST004504,Sarah Nair,44,Self-Employed,6.05,48211.25,Own,Washington,DC,20/05/2017
CUST004505,Patricia Lopez,37,Unemployed,0.0,47238.28,Own,Baltimore,MD,2015-06-08
CUST004506,Sneha Miller,44,Employed,0.45,57198.76,Own,San Antonio,TX,2021-06-17
CUST004507,Ramesh Rodriguez,48,Employed,1.84,49156.54,Mortgage,Arlington,Texas,2015-05-27
CUST004508,Susan Rodriguez,43,Self-Employed,0.77,25742.89,Mortgage,Sacramento,CA,20/06/2017
CUST004509,Pooja Mehta,47,Employed,0.49,43134.18,Mortgage,Charlotte,NC,2021-10-06
CUST004510,Robert Gupta,39,Employed,1.77,56467.9,Mortgage,Sacramento,CA,2021-01-30
CUST004511,Vikram Garcia,25,Self-Employed,0.51,125134.35,Own,Memphis,TN,2017-04-01
CUST004512,Charles Rodriguez,52,Retired,0.0,224436.02,Mortgage,Indianapolis,IN,2020-05-26
CUST004513,James Wilson,32,Self-Employed,4.02,,Rent,Minneapolis,MN,2015-03-05
CUST004514,Jessica Smith,28,Employed,4.12,37600.5,Own,Denver,CO,2020-01-02
CUST004515,Sunita Mehta,37,Self-Employed,0.92,39439.15,Rent,Houston,TX,2020-07-27
CUST004516,William Rodriguez,29,EMPLOYED,1.06,54415.42,MORTGAGE,Memphis,TN,2020-08-16
CUST004517,Karen Anderson,34,Unemployed,0.0,174684.25,Mortgage,Memphis,TN,2021-05-13
CUST004518,Priya Brown,44,Self-Employed,0.91,54216.77,Mortgage,Portland,OR,14/09/2017
CUST004519,Joseph Davis,44,Retired,0.0,26997.39,Mortgage,Oklahoma City,OK,2018-06-06
CUST004520,Mary Nair,29,Retired,0.0,44324.54,Own,Sacramento,CA,2017-07-09
CUST004521,Priya Davis,34,Employed,4.3,94299.73,Rent,Houston,TX,2020-09-14
CUST004522,John Gupta,52,Retired,0.0,90577.78,Mortgage,New York,NY,2016-05-15
CUST004523,Charles Reddy,45,Retired,0.0,53096.7,Own,San Francisco,CA,2018-12-06
CUST004524,Anil Patel,64,Self-Employed,1.31,90223.82,Rent,Fort Worth,TX,17/03/2020
CUST004525,Sunita Shah,54,Employed,1.36,15307.48,Rent,Arlington,TX,2016-05-26
CUST004526,Arjun Singh,53,Self-Employed,6.71,63722.79,Own,Baltimore,MD,07/08/2015
CUST004527,Anjali Sharma,23,Employed,1.43,100349.19,Rent,Charlotte,NC,2020-08-29
CUST004528,James Hernandez,49,Self-Employed,2.52,36325.75,MORTGAGE,Boston,MA,2021-05-17
CUST004529,Arjun Hernandez,39,Employed,3.93,36250.08,Own,Raleigh,NC,2018-03-13
CUST004530,Neha Anderson,33,Self-Employed,0.11,19538.28,Rent,Fresno,CA,15/03/2020
CUST004531,Barbara Anderson,42,retired,0.0,155427.92,mortgage,Omaha,NE,2015-02-20
CUST004532,Kiran Miller,51,Employed,3.59,38867.26,Own,Fort Worth,TX,2017-02-23
CUST004533,David Mehta,46,Self-Employed,1.88,69190.99,Rent,Fort Worth,TX,2017-08-29
CUST004534,Anjali Rodriguez,29,Employed,2.55,86021.3,Rent,Denver,CO,2015-11-13
CUST004535,Vikram Johnson,48,Self-Employed,0.29,148336.82,Rent,Baltimore,MD,2018-10-14
CUST004536,Jennifer Shah,32,SELF-EMPLOYED,6.33,54593.02,Mortgage,Jacksonville,FL,2016-08-29
CUST004537,Kiran Singh,42,Employed,3.88,,Rent,Phoenix,AZ,2021-12-30
CUST004538,Neha Williams,36,Employed,12.27,66425.79,Rent,Jacksonville,FL,2016-09-13
CUST004539,Jessica Reddy,37,Unemployed,0.0,129372.12,Rent,Jacksonville,FL,2018-08-09
CUST004540,Amit Lopez,49,Employed,8.81,54062.52,Rent,Minneapolis,MN,2017-02-06
CUST004541,Lisa Martinez,27,Self-Employed,1.04,33761.57,Mortgage,San Diego,CA,2017-02-17
CUST004542,Priya Anderson,63,Self-Employed,0.29,23754.93,Own,Memphis,TN,2016-12-27
CUST004543,Anil Smith,22,Employed,14.83,28773.83,Mortgage,Chicago,IL,2018-11-13
CUST004544,Barbara Gupta,32,Retired,0.0,100572.58,Mortgage,Las Vegas,Nevada,2021-09-13
CUST004545,David Gupta,44,Employed,8.97,49396.03,Rent,Seattle,WA,2018-12-18
CUST004546,Neha Patel,47,Employed,1.49,41584.69,Rent,Sacramento,CA,01/01/2016
CUST004547,Ramesh Wilson,38,Employed,0.85,38965.02,Rent,San Francisco,CA,05/07/2018
CUST004548,Mary Rao,39,Employed,6.59,63008.66,mortgage,Dallas,TX,2018-12-10
CUST004549,Charles Singh,44,Self-Employed,7.53,51861.24,Own,Austin,TX,2016-12-24
CUST004550,Kiran Davis,37,Self-Employed,9.28,50823.83,own,Raleigh,NC,2019-12-27
CUST004551,Anjali Singh,56,Self-Employed,10.01,134536.98,mortgage,San Francisco,CA,2017-04-07
CUST004552,William Gonzalez,50,Self-Employed,3.3,150664.35,Rent,New York,NY,2015-06-06
CUST004553,Linda Brown,50,Employed,2.56,22787.95,Rent,El Paso,Texas,2021-08-10
CUST004554,Vikram Miller,28,Employed,6.95,72878.99,Mortgage,Milwaukee,WI,2016-10-12
CUST004555,Jessica Brown,39,Retired,0.0,37567.05,Rent,San Jose,CA,2021-01-22
CUST004556,Charles Garcia,36,Retired,0.0,51588.26,Own,Chicago,Illinois,11/04/2015
CUST004557,David Rao,27,Employed,2.36,72082.53,Mortgage,San Jose,CA,2019-10-03
CUST004558,Vikram Singh,44,Self-Employed,0.22,52699.86,Own,Oklahoma City,OK,2017-09-08
CUST004559,Sunita Lopez,33,Employed,4.45,68753.02,Own,Omaha,NE,2021-03-12
CUST004560,Jessica Wilson,47,EMPLOYED,2.18,89660.19,rent,Houston,TX,2020-05-17
CUST004561,Karen Hernandez,27,Self-Employed,2.1,71449.49,Rent,Arlington,TX,27/02/2017
CUST004562,Rahul Shah,60,Employed,4.16,40615.22,Own,Nashville,TN,2016-11-26
CUST004563,Michael Mehta,29,Employed,12.74,41047.3,Mortgage,Miami,FL,2017-06-29
CUST004564,Priya Kumar,42,Self-Employed,1.55,25239.79,Own,Cleveland,OH,2015-08-21
CUST004565,Vikram Davis,49,Retired,0.0,35869.69,Own,Sacramento,California,2018-02-13
CUST004566,Vikram Sharma,33,Retired,0.0,194316.01,Rent,Washington,DC,2017-08-04
CUST004567,Anil Martinez,50,Employed,11.28,,Mortgage,Phoenix,AZ,2017-05-15
CUST004568,Deepa Garcia,25,Employed,1.34,,Mortgage,Oklahoma City,OK,2019-01-14
CUST004569,Susan Gonzalez,57,Employed,6.13,72544.59,Own,Tucson,AZ,2017-07-03
CUST004570,Charles Smith,40,Self-Employed,2.69,56037.77,Mortgage,Charlotte,NC,25/11/2018
CUST004571,Arjun Rao,32,Retired,0.0,53244.19,Mortgage,Jacksonville,FL,2018-02-26
CUST004572,Anil Shah,36,Unemployed,0.0,139445.28,RENT,Tucson,Arizona,2016-12-24
CUST004573,Susan Mehta,49,Self-Employed,3.41,83239.39,rent,Phoenix,AZ,2016-11-12
CUST004574,Michael Gonzalez,32,Employed,8.5,43564.78,Own,Minneapolis,MN,2017-06-10
CUST004575,Sunita Wilson,31,Employed,30.78,46412.05,Mortgage,Austin,TX,2015-08-24
CUST004576,Sunita Miller,37,Employed,2.96,44287.07,Mortgage,Portland,OR,26/06/2018
CUST004577,Mary Gupta,25,UNEMPLOYED,0.0,,Own,Fresno,CA,2021-04-23
CUST004578,Joseph Jones,61,Employed,4.67,49767.2,Own,Fresno,California,2017-08-17
CUST004579,Pooja Williams,33,Employed,5.75,20416.69,Rent,Louisville,Kentucky,2017-12-23
CUST004580,Sunita Smith,49,Employed,6.09,58163.2,Rent,Philadelphia,PA,2015-02-06
CUST004581,Priya Gupta,42,Self-Employed,3.21,23808.18,Own,Washington,DC,2021-06-17
CUST004582,Sarah Garcia,28,Self-Employed,2.02,222023.47,Mortgage,Charlotte,NC,28/04/2015
CUST004583,Sneha Mehta,39,Self-Employed,8.63,33543.53,Mortgage,Columbus,OH,2017-03-21
CUST004584,Jennifer Lopez,49,Self-Employed,15.88,54332.68,Own,El Paso,TX,2015-09-03
CUST004585,Mary Reddy,37,Self-Employed,9.97,69907.04,Mortgage,El Paso,TX,2019-01-26
CUST004586,Anjali Singh,54,Employed,5.73,50352.58,Mortgage,Boston,MA,2020-11-23
CUST004587,Pooja Miller,52,Employed,2.23,50311.14,Mortgage,Denver,CO,07/01/2018
CUST004588,David Anderson,51,Retired,0.0,77118.34,Rent,Columbus,OH,2020-09-24
CUST004589,Rahul Reddy,34,Employed,0.53,149601.38,Mortgage,Arlington,TX,2015-07-09
CUST004590,Sarah Garcia,27,Employed,3.82,94893.02,Mortgage,Tucson,AZ,2021-12-04
CUST004591,Sneha Nair,32,Employed,7.6,145380.3,Mortgage,Atlanta,GA,2015-03-03
CUST004592,Richard Hernandez,42,Employed,1.45,31953.23,Own,Sacramento,CA,2015-01-28
CUST004593,William Martinez,46,Employed,3.48,72433.02,Mortgage,New York,NY,2018-12-11
CUST004594,John Smith,22,Employed,0.38,65719.28,mortgage,San Diego,CA,2020-03-14
CUST004595,Jessica Patel,39,Retired,0.0,73913.8,Rent,Washington,DC,2016-04-12
CUST004596,Anil Anderson,41,Self-Employed,2.16,136726.68,Rent,Baltimore,MD,26/01/2017
CUST004597,Sarah Mehta,36,Employed,4.36,52445.33,RENT,Indianapolis,IN,2017-08-23
CUST004598,Deepa Davis,55,Self-Employed,2.38,46943.4,MORTGAGE,Arlington,TX,14/07/2015
CUST004599,Susan Anderson,45,Unemployed,0.0,82486.38,Rent,Arlington,TX,21/07/2021
CUST004600,Pooja Shah,55,Unemployed,0.0,20600.66,Rent,Indianapolis,IN,09/11/2016
CUST004601,Linda Gupta,37,Employed,1.98,51942.3,Own,Chicago,IL,2016-12-03
CUST004602,Arjun Garcia,51,Employed,3.66,55242.14,Mortgage,Oklahoma City,OK,2017-06-04
CUST004603,Sarah Anderson,59,UNEMPLOYED,0.0,34467.94,Own,Memphis,TN,2017-08-23
CUST004604,John Smith,55,Self-Employed,5.82,112897.48,Mortgage,San Diego,CA,2016-02-21
CUST004605,Robert Mehta,26,Employed,0.29,31655.14,Rent,Memphis,TN,2018-01-07
CUST004606,Sunita Kumar,36,Employed,4.21,55186.64,Own,San Francisco,California,2015-07-14
CUST004607,Sneha Gonzalez,35,Self-Employed,2.36,,Rent,Fresno,CA,2019-07-02
CUST004608,John Wilson,45,Employed,6.17,134870.58,MORTGAGE,Denver,CO,2018-06-22
CUST004609,Thomas Nair,48,Employed,0.08,59496.11,Rent,Los Angeles,CA,2016-06-16
CUST004610,Linda Nair,29,Employed,2.01,104997.54,Mortgage,Tucson,AZ,10/02/2015
CUST004611,Mary Anderson,40,Employed,0.45,91158.7,Rent,Boston,MA,2021-04-20
CUST004612,Sneha Reddy,22,Employed,12.66,64477.69,Own,Minneapolis,MN,2015-05-02
CUST004613,Patricia Martinez,57,Employed,10.46,31141.35,Rent,Minneapolis,MN,2021-11-06
CUST004614,Vikram Reddy,33,Employed,17.22,25317.51,Mortgage,Baltimore,MD,2017-03-28
CUST004615,Robert Lopez,40,Employed,5.16,63825.19,Mortgage,Miami,FL,2018-10-08
CUST004616,Vikram Nair,36,Employed,8.23,43233.97,OWN,Chicago,Illinois,2019-07-08
CUST004617,Pooja Shah,53,Employed,4.73,103938.71,Rent,Denver,CO,2015-10-16
CUST004618,Deepa Wilson,22,Employed,3.39,93668.19,Rent,Fort Worth,TX,2019-08-05
CUST004619,Linda Brown,39,Employed,8.97,53596.2,Rent,Oklahoma City,OK,2020-02-20
CUST004620,Barbara Rodriguez,38,Employed,7.48,29892.78,Mortgage,Minneapolis,MN,2016-09-19
CUST004621,Linda Reddy,34,Employed,6.61,81343.92,Mortgage,Philadelphia,PA,2021-01-20
CUST004622,David Lopez,60,Employed,11.22,32507.64,Mortgage,San Antonio,TX,2017-02-20
CUST004623,Sunita Mehta,29,Unemployed,0.0,37984.05,Mortgage,Austin,TX,2021-05-25
CUST004624,Arjun Jones,49,Employed,2.95,33267.98,Mortgage,Fresno,CA,2020-02-06
CUST004625,Sarah Sharma,44,Unemployed,0.0,55099.69,Rent,Fresno,CA,2016-11-25
CUST004626,Jessica Rodriguez,55,Employed,3.59,120827.04,Rent,New York,NY,2019-10-12
CUST004627,Michael Hernandez,31,Retired,0.0,59693.32,Rent,Phoenix,AZ,2017-03-26
CUST004628,John Anderson,31,Employed,13.92,45893.04,Mortgage,Columbus,OH,2015-08-09
CUST004629,Kiran Rao,53,Self-Employed,20.63,23971.74,Mortgage,Columbus,OH,2018-10-21
CUST004630,Sarah Rao,45,Employed,5.29,83389.26,Mortgage,Las Vegas,NV,2017-04-14
CUST004631,Thomas Hernandez,22,Retired,0.0,37487.29,Rent,San Antonio,TX,2021-01-29
CUST004632,Charles Nair,33,Employed,1.96,64248.3,Own,Columbus,OH,2021-05-28
CUST004633,Deepa Hernandez,44,Unemployed,0.0,48410.35,Rent,Fresno,CA,2016-03-23
CUST004634,Deepa Nair,50,Employed,11.53,99003.09,Mortgage,Las Vegas,NV,2019-04-02
CUST004635,Thomas Patel,31,Self-Employed,0.4,54483.77,Mortgage,Phoenix,AZ,2017-03-15
CUST004636,Karen Gupta,22,Unemployed,0.0,57794.23,Rent,San Jose,CA,2017-07-08
CUST004637,Robert Rao,46,Retired,0.0,80133.42,Rent,Los Angeles,CA,2020-06-23
CUST004638,William Jones,25,self-employed,6.08,211962.39,Rent,Milwaukee,WI,2017-03-15
CUST004639,Amit Martinez,22,Employed,1.01,102034.69,Own,El Paso,TX,2016-10-30
CUST004640,Mary Davis,22,Employed,1.24,56774.15,Mortgage,Chicago,IL,2015-06-06
CUST004641,Rahul Patel,49,Employed,2.41,59989.14,Own,Philadelphia,PA,2019-06-02
CUST004642,Rahul Nair,41,Employed,4.73,43699.17,Rent,Phoenix,AZ,2019-07-26
CUST004643,Charles Martinez,37,Employed,18.71,33860.44,Mortgage,Houston,TX,2019-08-13
CUST004644,David Patel,56,Employed,7.66,42973.96,Rent,Jacksonville,FL,2020-09-14
CUST004645,Lisa Sharma,47,Unemployed,0.0,37673.44,Rent,San Francisco,CA,2017-11-01
CUST004646,Deepa Mehta,59,Employed,0.25,88611.86,Rent,Sacramento,CA,2015-08-03
CUST004647,Charles Jones,23,Employed,3.64,31485.52,Own,Phoenix,AZ,2019-09-16
CUST004648,William Jones,39,Employed,1.14,133242.54,Own,Cleveland,OH,2021-05-27
CUST004649,Charles Gonzalez,22,Unemployed,0.0,94016.71,Rent,Charlotte,NC,2019-02-12
CUST004650,Thomas Shah,37,employed,1.44,60615.2,Rent,San Francisco,CA,2021-05-08
CUST004651,Joseph Smith,37,Employed,2.13,59885.59,RENT,Portland,OR,2016-06-03
CUST004652,Jessica Patel,47,Retired,0.0,,Own,Memphis,TN,2016-04-21
CUST004653,Lisa Jones,40,Employed,4.3,70407.19,Rent,Baltimore,MD,13/09/2015
CUST004654,James Rodriguez,47,Self-Employed,0.23,115019.33,Mortgage,Louisville,KY,27/03/2020
CUST004655,Rahul Reddy,48,Unemployed,0.0,39265.68,Mortgage,Las Vegas,NV,2017-10-21
CUST004656,Pooja Reddy,65,Employed,6.56,,MORTGAGE,Oklahoma City,OK,2019-08-17
CUST004657,Amit Gonzalez,36,Retired,0.0,91302.27,Mortgage,Los Angeles,CA,23/02/2015
CUST004658,Sneha Gupta,28,Unemployed,0.0,72738.03,Mortgage,Memphis,TN,2021-05-23
CUST004659,David Lopez,42,Employed,17.12,30573.25,Mortgage,San Diego,CA,2020-07-02
CUST004660,Barbara Patel,30,EMPLOYED,2.08,38559.79,Mortgage,Fresno,CA,2019-11-03
CUST004661,Pooja Hernandez,57,Self-Employed,4.82,35758.29,Mortgage,New York,NY,2016-04-29
CUST004662,Amit Lopez,36,Unemployed,0.0,38765.29,mortgage,Arlington,TX,2020-10-26
CUST004663,Anjali Sharma,33,EMPLOYED,2.93,49305.47,Mortgage,Phoenix,AZ,2018-03-02
CUST004664,David Kumar,34,Self-Employed,0.11,51025.03,RENT,Raleigh,NC,2015-06-19
CUST004665,Sneha Garcia,48,Employed,0.39,40518.9,Rent,Chicago,IL,2017-05-01
CUST004666,Sneha Gonzalez,38,Unemployed,0.0,37990.89,Rent,Phoenix,AZ,2017-04-03
CUST004667,James Mehta,32,Self-Employed,0.75,52194.34,Own,Washington,DC,2016-08-23
CUST004668,John Hernandez,59,Employed,6.01,66211.86,Own,Minneapolis,MN,2015-07-18
CUST004669,Joseph Martinez,29,Self-Employed,6.17,49524.47,Rent,San Antonio,Texas,20/07/2019
CUST004670,Jessica Davis,40,Unemployed,0.0,119994.38,Own,Denver,CO,16/02/2017
CUST004671,Barbara Rodriguez,47,Employed,5.95,81214.79,Mortgage,Nashville,TN,2017-09-22
CUST004672,Linda Shah,22,Self-Employed,0.69,23051.65,Own,Omaha,NE,2017-03-29
CUST004673,Richard Lopez,45,Employed,4.92,81980.5,Mortgage,Philadelphia,PA,2016-07-28
CUST004674,Kiran Anderson,27,self-employed,3.71,86105.31,rent,Denver,CO,2017-09-06
CUST004675,James Reddy,49,self-employed,12.47,46127.24,Rent,Baltimore,MD,2018-02-07
CUST004676,Amit Davis,28,Employed,5.86,24413.25,Rent,Memphis,TN,2017-07-31
CUST004677,Richard Lopez,48,Self-Employed,3.65,60164.64,Rent,Louisville,KY,2020-12-12
CUST004678,Robert Gonzalez,53,Employed,4.89,59597.85,Rent,Los Angeles,CA,2020-01-05
CUST004679,Michael Hernandez,50,Retired,0.0,30546.71,Mortgage,Atlanta,GA,2015-05-29
CUST004680,Pooja Williams,43,employed,3.55,25066.02,Own,Austin,TX,2018-07-29
CUST004681,Karen Singh,37,Employed,6.41,,Mortgage,Fresno,CA,2020-08-05
CUST004682,Jennifer Johnson,33,Unemployed,0.0,52060.08,Own,Charlotte,NC,10/07/2016
CUST004683,Deepa Patel,57,Unemployed,0.0,46613.28,Rent,Dallas,TX,23/10/2020
CUST004684,Amit Davis,31,Employed,0.46,56951.4,Mortgage,Louisville,KY,2016-08-11
CUST004685,Sarah Rodriguez,27,Retired,0.0,30894.52,Rent,Fresno,CA,2016-03-03
CUST004686,Susan Nair,47,Self-Employed,14.28,46124.87,Rent,Denver,Colorado,2017-04-05
CUST004687,Sarah Davis,30,Retired,0.0,82453.93,Mortgage,San Jose,CA,2016-04-17
CUST004688,Anil Garcia,28,Employed,6.33,48533.91,Rent,Nashville,TN,2015-02-18
CUST004689,Robert Gupta,22,Employed,14.39,,Rent,Boston,MA,2016-10-17
CUST004690,Karen Singh,34,Employed,1.23,45088.6,Rent,New York,NY,04/02/2019
CUST004691,Karen Williams,39,RETIRED,0.0,31505.11,Rent,Sacramento,CA,2019-04-15
CUST004692,Richard Reddy,42,Employed,3.28,70282.76,Mortgage,Sacramento,CA,2018-05-18
CUST004693,John Jones,51,Retired,0.0,72497.14,Rent,San Jose,CA,2019-08-07
CUST004694,Amit Martinez,46,Self-Employed,16.77,22131.01,Mortgage,San Diego,CA,2016-10-28
CUST004695,Patricia Miller,37,Employed,0.16,94410.52,Rent,Chicago,IL,2021-09-20
CUST004696,Joseph Davis,37,Employed,4.53,30720.58,Rent,New York,NY,2015-07-21
CUST004697,Sneha Anderson,46,Self-Employed,2.18,,Own,Cleveland,OH,2016-09-26
CUST004698,Michael Singh,55,Self-Employed,0.54,58147.27,Rent,Omaha,Nebraska,28/07/2016
CUST004699,Patricia Hernandez,41,Employed,0.12,28343.81,Rent,Louisville,KY,2015-06-21
CUST004700,John Miller,34,Retired,0.0,30176.19,Mortgage,Fresno,CA,2020-08-15
CUST004701,Sneha Brown,28,Employed,0.56,73781.05,Rent,Sacramento,CA,2019-08-25
CUST004702,Deepa Williams,22,Retired,0.0,47345.17,Rent,Philadelphia,PA,2018-06-07
CUST004703,Sneha Miller,47,Self-Employed,1.4,56500.66,Own,Nashville,TN,2015-04-22
CUST004704,Michael Singh,46,Employed,0.49,157576.78,Rent,Columbus,OH,2019-07-31
CUST004705,Jessica Gupta,46,Employed,7.34,39357.96,Mortgage,Washington,DC,2017-08-05
CUST004706,Kiran Martinez,38,Unemployed,0.0,62067.5,Rent,Columbus,OH,2019-12-03
CUST004707,James Patel,56,employed,9.28,140351.7,Mortgage,Portland,OR,2017-01-15
CUST004708,Ramesh Brown,34,Retired,0.0,70425.32,Mortgage,Minneapolis,MN,2016-08-19
CUST004709,Deepa Rao,51,Employed,24.39,22834.74,Rent,San Jose,California,09/05/2021
CUST004710,Richard Patel,39,Retired,0.0,81083.39,MORTGAGE,Austin,TX,2019-05-09
CUST004711,Anil Smith,32,Unemployed,0.0,29798.05,mortgage,Jacksonville,FL,18/05/2017
CUST004712,Thomas Rao,47,Self-Employed,4.41,139258.13,Mortgage,Charlotte,NC,2017-11-05
CUST004713,Sunita Gupta,44,Employed,3.74,36544.26,Mortgage,Arlington,TX,2021-09-18
CUST004714,Karen Sharma,44,Employed,3.55,355651.18,Mortgage,San Francisco,CA,2020-10-22
CUST004715,Susan Hernandez,40,Unemployed,0.0,144412.0,Own,Fort Worth,TX,2016-04-03
CUST004716,Pooja Sharma,39,Employed,1.18,37124.5,Mortgage,San Diego,CA,2017-03-24
CUST004717,Pooja Martinez,68,Self-Employed,6.31,60597.46,Mortgage,Jacksonville,FL,2017-02-18
CUST004718,Lisa Rodriguez,54,Self-Employed,0.54,94106.89,Mortgage,Cleveland,OH,2019-03-12
CUST004719,Sarah Hernandez,48,Employed,0.25,,Mortgage,Houston,TX,2018-08-30
CUST004720,Karen Mehta,41,Employed,2.4,78073.17,Mortgage,Sacramento,CA,2020-01-23
CUST004721,Pooja Martinez,52,Employed,6.81,126917.86,Own,Milwaukee,WI,2018-03-23
CUST004722,Deepa Brown,46,Employed,10.14,55615.58,Own,Sacramento,California,2016-01-01
CUST004723,Susan Sharma,40,Retired,0.0,48048.65,Rent,Phoenix,AZ,2019-05-24
CUST004724,James Hernandez,36,Unemployed,0.0,48624.44,Mortgage,Denver,CO,2017-09-01
CUST004725,Pooja Sharma,39,Employed,0.13,100210.07,Mortgage,Phoenix,AZ,2017-07-11
CUST004726,Kiran Garcia,22,Unemployed,0.0,74541.3,Own,San Francisco,CA,2015-04-11
CUST004727,Susan Williams,42,Employed,0.72,71308.46,Mortgage,San Antonio,TX,11/05/2017
CUST004728,Ramesh Mehta,34,Employed,4.37,96484.78,Rent,Fort Worth,TX,2021-05-24
CUST004729,Lisa Brown,59,Employed,12.69,17489.72,Mortgage,Raleigh,North Carolina,2018-10-20
CUST004730,Deepa Hernandez,40,Retired,0.0,72116.73,Own,Miami,FL,2017-10-13
CUST004731,Susan Miller,25,Retired,0.0,68264.24,Mortgage,El Paso,TX,2018-02-21
CUST004732,Michael Rao,39,SELF-EMPLOYED,7.86,162964.04,Rent,Washington,DC,2020-11-24
CUST004733,Joseph Miller,27,Employed,6.82,23929.02,Mortgage,Dallas,TX,2020-06-09
CUST004734,Lisa Kumar,45,Employed,0.1,152407.32,mortgage,Indianapolis,IN,2017-12-30
CUST004735,Lisa Hernandez,43,Self-Employed,0.96,62645.4,RENT,San Antonio,Texas,23/08/2018
CUST004736,Amit Sharma,51,Employed,0.5,80289.47,Mortgage,Denver,CO,23/01/2019
CUST004737,Michael Mehta,30,Employed,0.45,163660.8,Rent,Arlington,TX,2015-10-27
CUST004738,Lisa Gupta,40,Self-Employed,6.55,83822.5,Own,Phoenix,AZ,2015-04-29
CUST004739,Jessica Patel,23,Employed,2.77,76131.77,Own,Fort Worth,TX,2018-10-04
CUST004740,Barbara Hernandez,48,Employed,6.45,69242.82,Mortgage,Oklahoma City,OK,2018-04-26
CUST004741,David Miller,46,Employed,2.24,44797.75,Own,Miami,FL,2015-10-29
CUST004742,Vikram Garcia,45,Self-Employed,0.62,58859.38,Own,Baltimore,MD,2019-10-11
CUST004743,David Gupta,40,Retired,0.0,38975.65,Rent,El Paso,TX,2017-09-13
CUST004744,David Hernandez,44,Employed,4.92,58294.32,Own,Arlington,TX,2017-10-25
CUST004745,Amit Sharma,59,Employed,0.6,15000.0,Rent,Nashville,Tennessee,2015-05-06
CUST004746,Sunita Rao,36,Employed,12.91,77452.78,Mortgage,Raleigh,NC,2018-01-02
CUST004747,Karen Davis,41,Employed,1.85,55656.69,Rent,San Jose,California,2016-11-26
CUST004748,Thomas Sharma,26,Self-Employed,5.32,48936.45,Rent,Cleveland,OH,2015-04-04
CUST004749,Lisa Lopez,29,Employed,0.16,68312.96,Mortgage,Cleveland,OH,2015-03-13
CUST004750,Barbara Martinez,41,Employed,2.93,25332.96,Mortgage,Boston,MA,2019-07-10
CUST004751,Arjun Reddy,53,Self-Employed,16.67,190529.44,Rent,Oklahoma City,OK,25/08/2020
CUST004752,Neha Reddy,36,Employed,10.88,56293.79,Own,Las Vegas,NV,2015-01-29
CUST004753,Priya Anderson,37,Retired,0.0,54857.45,Rent,Austin,TX,2020-02-03
CUST004754,Lisa Wilson,35,Employed,10.57,33549.0,Rent,New York,NY,2015-01-10
CUST004755,Vikram Rao,33,EMPLOYED,1.73,60740.61,Own,Oklahoma City,OK,2016-10-25
CUST004756,Sunita Smith,43,Employed,9.56,137609.6,Rent,Indianapolis,IN,2018-01-24
CUST004757,Vikram Johnson,22,Employed,6.53,111474.34,Own,Charlotte,NC,2018-03-01
CUST004758,Sunita Lopez,55,Retired,0.0,99973.72,Mortgage,Las Vegas,NV,2016-10-22
CUST004759,William Anderson,32,Self-Employed,12.08,83103.27,Mortgage,Seattle,WA,2015-07-24
CUST004760,Karen Smith,48,Employed,3.32,48284.92,Mortgage,Boston,MA,2020-09-24
CUST004761,Richard Miller,24,SELF-EMPLOYED,1.91,25081.91,Mortgage,Dallas,TX,2015-12-22
CUST004762,Thomas Martinez,48,Retired,0.0,53070.51,Mortgage,El Paso,TX,04/08/2020
CUST004763,Rahul Smith,48,Employed,13.99,51972.87,Rent,Atlanta,GA,2021-08-05
CUST004764,Priya Wilson,44,Employed,7.11,112339.03,Own,Milwaukee,WI,2019-04-02
CUST004765,Anjali Hernandez,28,Employed,2.15,72087.38,Mortgage,Baltimore,MD,2020-05-07
CUST004766,Richard Miller,42,Unemployed,0.0,157532.48,Mortgage,Washington,DC,09/10/2020
CUST004767,Pooja Anderson,25,Employed,1.19,122822.21,Own,Nashville,TN,2019-03-23
CUST004768,Karen Brown,36,Employed,1.4,45528.9,Mortgage,Miami,FL,2021-11-06
CUST004769,John Davis,52,EMPLOYED,0.59,20392.5,Own,Sacramento,CA,2016-02-25
CUST004770,David Hernandez,49,SELF-EMPLOYED,3.32,137495.32,Rent,San Antonio,TX,2017-04-11
CUST004771,Sneha Reddy,40,Unemployed,0.0,135351.6,Mortgage,Jacksonville,FL,05/07/2021
CUST004772,Sneha Johnson,28,Employed,0.06,26377.67,Rent,Omaha,NE,2019-02-28
CUST004773,Anjali Nair,47,Employed,4.81,148085.34,Own,Philadelphia,PA,2019-05-05
CUST004774,Kiran Davis,40,Retired,0.0,75302.63,Rent,Seattle,WA,2017-11-26
CUST004775,Karen Gupta,22,Employed,9.33,65934.12,Mortgage,Dallas,TX,2017-09-21
CUST004776,Anjali Johnson,49,Employed,0.56,157766.28,Own,Fresno,California,2020-08-23
CUST004777,Michael Johnson,39,Self-Employed,3.91,134163.05,Rent,Fort Worth,TX,2017-05-03
CUST004778,Arjun Rodriguez,54,Self-Employed,5.63,88503.61,Rent,San Francisco,CA,06/01/2021
CUST004779,Rahul Anderson,26,Employed,1.3,79533.23,Mortgage,Phoenix,AZ,2021-12-14
CUST004780,Charles Brown,22,Employed,10.96,86667.7,Rent,Phoenix,AZ,2018-08-01
CUST004781,Sneha Jones,43,Self-Employed,3.28,47097.05,Rent,Los Angeles,CA,22/09/2021
CUST004782,John Hernandez,43,Self-Employed,1.89,57927.01,Mortgage,Minneapolis,MN,2016-09-14
CUST004783,Sunita Jones,22,Unemployed,0.0,34843.08,Own,Los Angeles,CA,2015-10-13
CUST004784,Barbara Patel,28,Unemployed,0.0,49029.44,Mortgage,Raleigh,NC,22/09/2016
CUST004785,Lisa Patel,73,Employed,6.18,48051.07,Mortgage,Raleigh,NC,2020-01-15
CUST004786,Richard Singh,36,Unemployed,0.0,40897.2,Own,Louisville,KY,2018-07-15
CUST004787,Jennifer Anderson,48,Employed,2.47,64993.85,Mortgage,Raleigh,NC,2021-11-27
CUST004788,Sarah Hernandez,32,Unemployed,0.0,49296.65,Own,Columbus,OH,2021-06-13
CUST004789,Thomas Singh,22,Self-Employed,1.02,80930.08,Mortgage,Chicago,IL,2017-06-14
CUST004790,Amit Martinez,37,Employed,3.42,22620.4,Own,Sacramento,CA,2019-03-05
CUST004791,Mary Jones,36,Self-Employed,6.69,55937.32,Mortgage,San Francisco,CA,2018-11-28
CUST004792,John Nair,35,Employed,5.36,64791.58,Own,Fresno,CA,2021-09-25
CUST004793,Priya Lopez,38,EMPLOYED,6.36,49693.15,Mortgage,Fresno,CA,2018-02-21
CUST004794,Deepa Reddy,43,Employed,11.12,53990.55,Mortgage,Atlanta,GA,2017-04-28
CUST004795,Jessica Garcia,38,Unemployed,0.0,23129.23,Rent,San Jose,CA,2018-05-07
CUST004796,Priya Anderson,24,employed,3.07,74153.03,Rent,Boston,MA,2019-06-18
CUST004797,Joseph Anderson,45,Employed,0.31,88306.02,Own,Louisville,KY,2020-05-18
CUST004798,Rahul Hernandez,22,Unemployed,0.0,80508.85,Mortgage,Charlotte,North Carolina,2016-06-23
CUST004799,Richard Mehta,22,Employed,0.63,111662.5,Rent,Raleigh,NC,2021-03-22
CUST004800,Thomas Rodriguez,48,Unemployed,0.0,67569.89,Own,Denver,CO,16/05/2020
CUST004801,Mary Jones,46,Employed,5.29,79794.41,Own,Dallas,TX,2016-06-18
CUST004802,Linda Shah,39,Employed,6.85,65752.6,Own,Milwaukee,WI,2018-09-05
CUST004803,Sunita Wilson,23,Employed,5.93,,Mortgage,Minneapolis,MN,2016-10-06
CUST004804,Vikram Sharma,31,Retired,0.0,23240.74,Mortgage,Minneapolis,MN,2019-09-16
CUST004805,Patricia Kumar,36,Employed,12.51,35026.19,Rent,Philadelphia,PA,2021-11-25
CUST004806,Patricia Kumar,22,Employed,8.92,155148.78,Mortgage,Louisville,KY,16/09/2018
CUST004807,Rahul Smith,31,Self-Employed,5.45,15000.0,RENT,Boston,MA,2021-03-14
CUST004808,Ramesh Johnson,47,Unemployed,0.0,55044.28,Mortgage,Minneapolis,MN,2020-10-26
CUST004809,Pooja Hernandez,57,Employed,3.12,120978.12,Mortgage,New York,NY,2019-09-07
CUST004810,Kiran Martinez,34,Self-Employed,0.97,,Own,Indianapolis,IN,09/09/2020
CUST004811,Arjun Shah,49,Self-Employed,7.56,46957.27,Rent,Arlington,TX,2016-04-28
CUST004812,John Reddy,22,Employed,10.05,64708.83,Own,Austin,TX,2019-02-12
CUST004813,John Patel,47,Employed,8.78,48442.26,Own,Minneapolis,Minnesota,2015-09-23
CUST004814,Jennifer Singh,30,Employed,3.96,60992.71,Own,Dallas,TX,2017-05-12
CUST004815,Linda Singh,43,Employed,9.1,39734.35,Own,Baltimore,MD,2019-09-24
CUST004816,David Kumar,37,Self-Employed,7.81,116448.53,Own,Austin,TX,25/07/2019
CUST004817,Jennifer Patel,55,EMPLOYED,8.93,140640.03,Mortgage,Jacksonville,FL,2018-03-10
CUST004818,Anil Gupta,29,Employed,20.07,55268.91,Own,Cleveland,OH,2015-05-22
CUST004819,Richard Rao,47,Employed,8.3,26058.68,Mortgage,Cleveland,OH,2017-03-03
CUST004820,John Rao,36,Employed,1.58,,Rent,San Jose,CA,2021-10-11
CUST004821,Ramesh Rodriguez,38,Employed,8.6,53616.21,Rent,Atlanta,Georgia,2018-08-05
CUST004822,Anil Anderson,37,unemployed,0.0,81090.68,Mortgage,Washington,DC,2017-12-05
CUST004823,Barbara Shah,29,Employed,3.63,32702.02,Mortgage,Chicago,IL,10/12/2015
CUST004824,Arjun Williams,39,Employed,7.96,37741.01,Own,Charlotte,NC,2019-11-08
CUST004825,Susan Shah,39,Employed,1.9,81341.02,Rent,Miami,FL,2020-07-13
CUST004826,Arjun Anderson,42,Self-Employed,0.13,105171.25,Mortgage,Charlotte,NC,2020-10-14
CUST004827,Amit Rao,41,Employed,6.33,41235.04,Mortgage,Phoenix,AZ,2016-03-11
CUST004828,Ramesh Smith,49,Self-Employed,11.62,26905.06,Rent,San Francisco,CA,2018-03-03
CUST004829,Vikram Patel,51,Employed,13.15,429540.33,Mortgage,Boston,MA,2019-06-04
CUST004830,Charles Smith,27,Unemployed,0.0,95796.61,Mortgage,Charlotte,NC,2020-01-08
CUST004831,Anjali Smith,50,Retired,0.0,51011.06,Mortgage,Chicago,IL,2016-05-24
CUST004832,James Davis,25,Employed,8.59,100852.95,Mortgage,Columbus,OH,2018-12-16
CUST004833,Priya Wilson,47,self-employed,0.15,55565.96,Rent,Tucson,AZ,27/10/2020
CUST004834,Barbara Rodriguez,47,Employed,2.15,100739.59,Mortgage,Boston,MA,22/12/2019
CUST004835,Joseph Patel,22,Employed,2.05,65883.01,Own,Memphis,TN,2017-08-14
CUST004836,Priya Singh,41,Employed,1.24,63244.48,Mortgage,Atlanta,GA,2020-04-15
CUST004837,Anil Shah,34,Self-Employed,8.0,55929.7,Rent,Milwaukee,WI,2015-08-04
CUST004838,Richard Rao,30,Employed,3.67,25123.81,Mortgage,Chicago,IL,2017-05-05
CUST004839,Neha Nair,56,Unemployed,0.0,191540.96,Rent,Chicago,IL,2016-08-07
CUST004840,Barbara Miller,32,Employed,4.6,34032.79,Mortgage,Oklahoma City,OK,2015-09-06
CUST004841,Barbara Miller,30,Employed,4.47,26475.79,Mortgage,San Antonio,TX,2021-03-10
CUST004842,Lisa Garcia,40,Employed,2.42,52695.43,Rent,Tucson,AZ,2019-10-05
CUST004843,Michael Smith,48,self-employed,7.79,33628.09,Rent,Seattle,WA,2021-08-18
CUST004844,Robert Rao,38,Employed,5.75,58044.91,Rent,San Francisco,CA,2018-05-30
CUST004845,William Singh,53,Employed,2.07,90459.57,Own,Raleigh,NC,27/09/2015
CUST004846,Neha Williams,46,Employed,25.24,108790.77,Own,Fresno,CA,2021-09-12
CUST004847,Priya Hernandez,22,Employed,3.11,,Mortgage,Cleveland,OH,09/08/2015
CUST004848,Joseph Mehta,33,Employed,1.9,49842.37,Rent,Jacksonville,FL,2019-10-29
CUST004849,Jessica Miller,33,Employed,5.82,61682.47,Rent,Memphis,TN,2017-12-07
CUST004850,Lisa Garcia,45,Employed,1.26,76475.63,Own,Memphis,TN,2017-07-02
CUST004851,Ramesh Rodriguez,22,Employed,8.88,20854.55,Own,Boston,MA,2020-11-10
CUST004852,Joseph Miller,70,Employed,5.7,84318.01,Rent,Raleigh,NC,2016-06-21
CUST004853,Neha Smith,46,Self-Employed,10.2,24974.75,Mortgage,Phoenix,AZ,2016-09-05
CUST004854,William Anderson,41,Employed,2.0,203660.15,Mortgage,Tucson,AZ,2015-03-08
CUST004855,Linda Gonzalez,54,Employed,9.64,46971.25,RENT,San Francisco,CA,17/01/2016
CUST004856,Mary Anderson,68,Self-Employed,3.48,53587.7,Own,Memphis,TN,2021-04-23
CUST004857,Jessica Gonzalez,50,Employed,0.3,37728.68,Own,Charlotte,NC,2021-01-12
CUST004858,Patricia Anderson,51,Retired,0.0,41028.33,Rent,Tucson,AZ,2019-01-12
CUST004859,Deepa Gonzalez,41,Employed,1.23,234323.08,Own,Louisville,KY,2020-10-19
CUST004860,Richard Miller,38,Unemployed,0.0,105263.48,Own,Washington,DC,2016-08-04
CUST004861,Anjali Patel,34,Self-Employed,1.14,23634.87,Mortgage,Washington,DC,2018-12-02
CUST004862,Linda Williams,30,Unemployed,0.0,147639.35,Mortgage,Miami,FL,2017-12-06
CUST004863,Susan Kumar,31,Retired,0.0,122509.68,Own,Atlanta,GA,2019-10-04
CUST004864,Amit Brown,23,Employed,7.43,50578.03,Rent,Omaha,NE,2016-05-18
CUST004865,David Rao,39,Employed,7.66,71970.97,RENT,New York,NY,2017-07-04
CUST004866,Jessica Brown,22,Self-Employed,6.32,59339.68,Own,Minneapolis,MN,2019-07-21
CUST004867,Kiran Reddy,42,Employed,1.2,195545.42,Rent,Dallas,TX,2017-03-05
CUST004868,Neha Reddy,39,Unemployed,0.0,37131.68,Own,Baltimore,MD,2018-06-27
CUST004869,Priya Wilson,41,Employed,1.71,65356.12,Own,Austin,TX,2018-05-02
CUST004870,Richard Miller,33,Unemployed,0.0,46309.98,Mortgage,Charlotte,NC,2015-08-11
CUST004871,Jennifer Kumar,75,EMPLOYED,6.89,25340.92,Rent,Phoenix,AZ,2016-05-01
CUST004872,Rahul Sharma,56,Employed,1.3,223012.47,Rent,Minneapolis,MN,2021-12-19
CUST004873,Thomas Kumar,25,Retired,0.0,29468.0,Own,Seattle,WA,08/12/2016
CUST004874,Linda Anderson,42,Employed,0.3,68328.18,Own,Columbus,OH,2017-07-21
CUST004875,Mary Smith,9,Employed,7.32,21069.45,Rent,San Jose,CA,2021-01-09
CUST004876,Anjali Wilson,27,Employed,7.58,47124.94,Own,Jacksonville,FL,2021-05-23
CUST004877,Vikram Brown,23,Unemployed,0.0,,Rent,Austin,TX,11/03/2017
CUST004878,Neha Lopez,45,Self-Employed,8.21,36503.36,Own,Boston,MA,2015-02-17
CUST004879,Lisa Williams,31,unemployed,0.0,85142.46,Mortgage,Omaha,NE,2017-10-16
CUST004880,Ramesh Shah,51,Employed,1.05,50948.74,Mortgage,San Diego,CA,28/10/2017
CUST004881,Lisa Davis,51,Employed,2.16,120096.34,Mortgage,Charlotte,NC,2016-04-23
CUST004882,Jennifer Shah,56,Employed,1.51,135544.67,Rent,Portland,OR,2016-04-11
CUST004883,Anjali Sharma,29,Employed,2.34,42106.32,Own,El Paso,TX,2017-11-28
CUST004884,Mary Rodriguez,45,Employed,2.96,62695.17,Mortgage,San Diego,CA,2016-05-03
CUST004885,Priya Johnson,47,Self-Employed,3.57,66841.04,mortgage,Atlanta,GA,2016-05-01
CUST004886,Barbara Davis,34,Employed,0.18,86821.5,Own,Atlanta,GA,2015-05-19
CUST004887,Susan Patel,30,Employed,0.28,,Own,Atlanta,GA,2021-08-30
CUST004888,James Jones,59,Employed,5.32,67112.57,Own,Columbus,OH,29/08/2018
CUST004889,Amit Jones,42,Employed,2.92,51738.43,Own,Raleigh,NC,2021-05-15
CUST004890,William Nair,47,Employed,0.47,64160.56,rent,Austin,TX,2021-06-03
CUST004891,Sneha Rao,30,Employed,2.44,130452.46,Mortgage,Portland,OR,2017-08-15
CUST004892,Robert Johnson,25,Employed,3.23,88225.38,Mortgage,Los Angeles,CA,2021-01-12
CUST004893,Jessica Reddy,33,Unemployed,0.0,91194.82,Rent,Indianapolis,IN,2019-05-06
CUST004894,Charles Lopez,38,Employed,0.63,92396.3,Rent,Chicago,IL,31/08/2019
CUST004895,Sunita Garcia,27,Unemployed,0.0,54595.94,MORTGAGE,Dallas,TX,02/01/2015
CUST004896,Sunita Garcia,39,Employed,3.22,72496.69,Mortgage,Cleveland,OH,2020-10-04
CUST004897,Susan Kumar,22,Self-Employed,5.71,31222.55,mortgage,Raleigh,NC,2018-02-09
CUST004898,Barbara Reddy,26,Employed,11.94,128192.02,own,Austin,TX,05/04/2017
CUST004899,Susan Lopez,48,Employed,0.16,15000.0,Rent,Dallas,TX,2016-09-14
CUST004900,Linda Garcia,47,Employed,4.6,,Rent,Minneapolis,MN,26/07/2020
CUST004901,Mary Sharma,35,Employed,3.89,118721.72,Mortgage,Chicago,IL,2020-11-07
CUST004902,Jessica Martinez,27,Retired,0.0,26414.79,Mortgage,Cleveland,OH,2020-09-30
CUST004903,Vikram Shah,27,Self-Employed,5.9,76104.9,Mortgage,San Jose,California,2015-01-18
CUST004904,Rahul Rodriguez,35,Employed,1.25,,Mortgage,Houston,TX,31/05/2021
CUST004905,Priya Smith,47,Employed,6.05,47988.57,MORTGAGE,Austin,Texas,2020-11-24
CUST004906,Mary Hernandez,51,employed,2.25,105615.94,Mortgage,San Francisco,CA,2021-06-15
CUST004907,Mary Sharma,34,Self-Employed,7.35,67429.25,Rent,Jacksonville,FL,2019-11-09
CUST004908,Robert Reddy,26,Self-Employed,14.22,17665.81,Mortgage,Tucson,AZ,2017-06-07
CUST004909,Barbara Wilson,43,Employed,9.85,33327.72,Own,Louisville,KY,2020-03-19
CUST004910,Robert Singh,30,Employed,3.29,,Mortgage,Omaha,NE,2019-12-30
CUST004911,Anjali Rao,33,Employed,1.28,78383.26,MORTGAGE,Cleveland,OH,2017-03-26
CUST004912,Amit Garcia,55,Employed,24.41,170908.11,Rent,Los Angeles,California,2021-07-03
CUST004913,David Brown,49,employed,5.39,164322.88,Rent,Denver,CO,2020-02-29
CUST004914,James Lopez,41,Self-Employed,2.52,48759.38,Mortgage,Philadelphia,PA,2015-07-23
CUST004915,Joseph Williams,24,self-employed,3.28,268859.09,Rent,Columbus,OH,17/03/2017
CUST004916,Sunita Williams,42,Employed,0.69,60760.05,rent,Baltimore,MD,2015-06-05
CUST004917,Linda Sharma,52,Unemployed,0.0,33603.95,Rent,Omaha,NE,11/12/2018
CUST004918,Anil Wilson,35,Employed,0.95,40938.08,Mortgage,Atlanta,GA,2021-09-09
CUST004919,Deepa Jones,56,Employed,2.28,15459.28,Mortgage,Atlanta,GA,2021-08-16
CUST004920,James Martinez,55,Retired,0.0,157033.02,Mortgage,Austin,Texas,2019-06-17
CUST004921,Sneha Sharma,59,Employed,14.76,155882.41,Mortgage,Charlotte,NC,2017-04-24
CUST004922,Thomas Jones,43,Employed,4.9,32555.3,Rent,Portland,OR,2016-10-22
CUST004923,Priya Mehta,47,Employed,2.33,52222.54,Own,Omaha,NE,05/07/2016
CUST004924,Rahul Gupta,56,Unemployed,0.0,63409.22,Rent,San Jose,CA,2017-06-14
CUST004925,Michael Sharma,45,Employed,6.88,33650.67,Mortgage,Raleigh,NC,2016-05-09
CUST004926,Kiran Reddy,33,Self-Employed,3.14,,Own,Jacksonville,FL,2015-05-31
CUST004927,Richard Jones,34,Employed,0.35,52774.61,Mortgage,Arlington,TX,21/11/2018
CUST004928,Joseph Kumar,42,Employed,5.35,49382.55,Own,Minneapolis,MN,2018-12-06
CUST004929,William Jones,24,Employed,2.15,47427.3,Own,San Francisco,CA,2017-01-11
CUST004930,Joseph Mehta,38,Employed,2.59,68434.31,Rent,Austin,TX,03/01/2015
CUST004931,Jennifer Reddy,53,unemployed,0.0,141168.83,Rent,El Paso,TX,2021-01-29
CUST004932,Michael Nair,22,Unemployed,0.0,49918.37,Own,Milwaukee,WI,22/04/2018
CUST004933,Vikram Martinez,58,Employed,2.08,66321.26,Rent,Omaha,NE,2021-03-27
CUST004934,Michael Davis,53,EMPLOYED,2.26,92607.21,Own,Raleigh,NC,2019-01-31
CUST004935,Joseph Rodriguez,34,Employed,0.02,83490.3,Mortgage,Phoenix,Arizona,2015-11-07
CUST004936,Susan Reddy,46,Self-Employed,9.33,41412.82,Own,Charlotte,NC,2020-08-29
CUST004937,Lisa Hernandez,40,Employed,9.02,63438.5,Own,Memphis,TN,2017-05-18
CUST004938,Anil Mehta,54,Self-Employed,5.42,83160.18,Own,Memphis,TN,06/11/2017
CUST004939,Amit Kumar,51,EMPLOYED,11.46,30424.07,Rent,Dallas,Texas,21/05/2016
CUST004940,Karen Rao,23,Self-Employed,1.59,127787.42,Rent,San Antonio,TX,2015-01-14
CUST004941,William Hernandez,47,Unemployed,0.0,,Rent,Los Angeles,CA,28/01/2016
CUST004942,Ramesh Lopez,37,Employed,0.35,38806.07,Mortgage,Fort Worth,TX,2018-02-11
CUST004943,Barbara Patel,40,Unemployed,0.0,67252.0,Rent,Tucson,AZ,2016-02-22
CUST004944,Robert Reddy,31,Self-Employed,3.43,88024.19,Mortgage,Minneapolis,MN,2020-04-03
CUST004945,Anjali Shah,60,Self-Employed,8.31,43158.36,Mortgage,Portland,OR,2019-05-24
CUST004946,Patricia Miller,52,EMPLOYED,3.28,79934.94,Rent,San Jose,CA,2021-07-22
CUST004947,Susan Smith,31,Employed,1.14,66035.87,Rent,Omaha,NE,05/06/2019
CUST004948,Barbara Shah,23,Unemployed,0.0,24816.13,Own,San Antonio,Texas,2019-08-05
CUST004949,Robert Davis,35,Self-Employed,3.04,78865.31,Mortgage,Jacksonville,FL,2021-07-01
CUST004950,David Gonzalez,45,Self-Employed,15.6,30943.39,Mortgage,Atlanta,GA,2018-12-06
CUST004951,Priya Smith,42,EMPLOYED,3.82,105189.81,Mortgage,Arlington,TX,21/03/2015
CUST004952,Sneha Sharma,55,Employed,0.62,40025.55,MORTGAGE,Omaha,NE,2021-01-12
CUST004953,Neha Miller,49,Retired,0.0,54351.57,Mortgage,Chicago,IL,2016-11-11
CUST004954,Vikram Anderson,51,EMPLOYED,10.54,136402.77,OWN,Fresno,CA,2019-10-31
CUST004955,Jessica Anderson,43,Retired,0.0,,Mortgage,Minneapolis,MN,2016-01-16
CUST004956,Thomas Singh,23,Employed,0.13,31329.51,Mortgage,San Diego,CA,06/05/2018
CUST004957,Deepa Brown,37,Employed,0.15,32566.85,Mortgage,Philadelphia,PA,2015-03-12
CUST004958,Karen Shah,52,Employed,2.16,41790.25,Rent,Atlanta,GA,2016-05-07
CUST004959,Pooja Hernandez,39,Retired,0.0,75870.75,Mortgage,Dallas,TX,04/08/2018
CUST004960,Arjun Garcia,46,Unemployed,0.0,74234.17,Own,Omaha,NE,2018-10-11
CUST004961,Thomas Hernandez,36,Unemployed,0.0,36103.27,Mortgage,Fresno,CA,2015-09-14
CUST004962,Kiran Rao,27,Employed,9.44,29722.94,own,New York,NY,2020-10-12
CUST004963,Anil Mehta,38,Employed,17.33,70894.64,Mortgage,Las Vegas,NV,2018-05-12
CUST004964,Michael Mehta,43,Self-Employed,2.13,53684.73,Mortgage,Tucson,Arizona,2016-08-23
CUST004965,Arjun Rao,32,Employed,0.38,218453.74,Rent,Portland,OR,2019-01-22
CUST004966,Amit Rodriguez,37,Self-Employed,1.72,61203.66,Mortgage,Boston,MA,2015-01-21
CUST004967,John Lopez,28,Self-Employed,8.02,,Rent,Chicago,IL,2018-04-21
CUST004968,Ramesh Shah,53,Employed,3.91,29666.38,mortgage,Tucson,AZ,21/02/2020
CUST004969,Mary Singh,36,Self-Employed,2.42,23296.82,own,Las Vegas,NV,2019-07-14
CUST004970,William Brown,57,Unemployed,0.0,,Own,Charlotte,NC,2015-07-06
CUST004971,Joseph Anderson,58,Retired,0.0,122207.77,Rent,Atlanta,GA,2015-12-04
CUST004972,Linda Brown,39,Employed,2.07,,Mortgage,Memphis,TN,23/11/2017
CUST004973,Charles Jones,27,Self-Employed,3.18,37447.39,Mortgage,Washington,DC,04/11/2016
CUST004974,Neha Martinez,22,Employed,5.59,45417.85,Own,Raleigh,NC,2018-01-30
CUST004975,Deepa Wilson,22,Employed,1.52,29691.36,Rent,Cleveland,OH,2020-10-12
CUST004976,Jennifer Kumar,23,Employed,11.38,20191.48,Rent,San Antonio,TX,2019-01-06
CUST004977,Susan Gonzalez,56,Employed,3.32,92138.39,Mortgage,Las Vegas,NV,2015-11-01
CUST004978,Pooja Miller,41,Employed,2.6,68446.81,Rent,Dallas,TX,2021-10-04
CUST004979,Barbara Mehta,44,Employed,4.51,60252.11,mortgage,San Francisco,CA,2020-06-09
CUST004980,Joseph Rao,22,Unemployed,0.0,25847.42,Own,Atlanta,GA,2018-08-08
CUST004981,Mary Miller,25,employed,0.56,160167.27,Rent,Charlotte,NC,2021-12-01
CUST004982,Neha Kumar,50,Employed,2.13,44266.61,Rent,Philadelphia,PA,2020-03-26
CUST004983,Barbara Patel,43,Employed,0.2,82468.84,Mortgage,Denver,CO,2015-07-31
CUST004984,Amit Kumar,38,Employed,2.37,25015.81,Mortgage,Omaha,NE,2021-04-05
CUST004985,Patricia Singh,46,Employed,5.57,53406.35,Mortgage,Fresno,CA,2016-07-01
CUST004986,Rahul Singh,59,Employed,8.36,71312.34,Rent,Portland,OR,28/12/2018
CUST004987,Joseph Nair,37,Unemployed,0.0,72856.36,Mortgage,San Francisco,CA,2020-04-15
CUST004988,Amit Garcia,40,Self-Employed,5.88,65695.72,Rent,Fort Worth,TX,12/10/2019
CUST004989,Rahul Garcia,42,Employed,8.95,80556.45,Mortgage,New York,NY,23/02/2017
CUST004990,Michael Mehta,68,Employed,7.42,30384.5,Mortgage,New York,NY,2020-10-21
CUST004991,David Shah,22,Employed,1.93,67401.57,Own,Cleveland,OH,2019-06-11
CUST004992,Joseph Rao,48,Employed,4.26,64103.52,Own,Tucson,AZ,05/03/2018
CUST004993,Barbara Singh,38,Employed,1.54,68803.07,Mortgage,San Diego,California,15/08/2016
CUST004994,Ramesh Miller,46,Self-Employed,4.29,62530.34,Rent,Tucson,AZ,2015-06-29
CUST004995,Karen Johnson,32,Employed,2.78,27891.36,Own,New York,NY,2019-01-01
CUST004996,Vikram Martinez,39,Unemployed,0.0,27155.1,Mortgage,Memphis,TN,19/04/2018
CUST004997,Anjali Kumar,48,Employed,1.01,15858.15,rent,Columbus,OH,2017-03-04
CUST004998,Sunita Sharma,75,Employed,4.12,97784.44,Mortgage,Oklahoma City,OK,2015-08-08
CUST004999,Anil Hernandez,49,Self-Employed,6.53,,Mortgage,Portland,OR,2015-08-17
CUST005000,William Reddy,29,Employed,4.23,99322.77,Rent,Boston,MA,2017-07-29
