customer_id,credit_score_fico,total_credit_lines,open_credit_lines,derogatory_public_records,revolving_utilization_rate,credit_history_length_months,inquiries_last_6_months
CUST000215,695,15,9,0,43.73,173,0
CUST001963,675,7,8,0,175.53,34,0
CUST004626,635,7,13,0,32.55,98,0
CUST003152,702,14,3,0,10.17,50,1
CUST004053,638,18,9,2,21.53,104,3
CUST001394,667,24,8,3,43.53,281,0
CUST003428,563,21,10,1,32.36,34,0
CUST003722,688,14,14,1,18.76,214,2
CUST003094,607,20,3,0,25.92,226,0
CUST002086,666,16,12,1,15.92,165,3
CUST004243,680,21,2,2,6.29,91,1
CUST004265,606,15,2,0,11.27,239,0
CUST002140,604,12,8,0,8.06,240,0
CUST000060,644,2,9,1,20.28,176,1
CUST001668,626,18,8,0,43.14,348,0
CUST002368,689,13,8,1,12.91,11,1
CUST002678,668,20,11,0,32.82,249,1
CUST000884,754,23,4,0,48.75,148,1
CUST000226,686,3,5,2,26.96,229,4
CUST001058,706,3,13,3,8.96,341,2
CUST002098,672,8,3,3,4.63,141,1
CUST000875,555,22,8,2,13.77,156,1
CUST003101,670,16,3,0,49.0,276,6
CUST001777,519,14,7,0,25.18,38,4
CUST003782,642,13,6,2,40.35,208,0
CUST002419,725,12,6,0,46.88,254,1
CUST001033,588,12,1,0,22.55,94,0
CUST004735,508,20,13,0,17.79,270,0
CUST004171,619,5,12,0,39.63,294,4
CUST004075,692,2,12,0,170.36,82,0
CUST003130,643,14,12,0,3.91,119,0
CUST003294,575,13,8,0,18.91,158,1
CUST002848,639,4,9,1,12.57,313,1
CUST003333,720,21,4,0,25.37,351,0
CUST000403,653,14,4,1,6.85,288,4
CUST000115,744,15,8,3,20.54,314,0
CUST002873,635,12,13,0,22.95,182,2
CUST002409,559,11,6,0,16.48,67,0
CUST003700,813,6,8,0,17.71,336,0
CUST002069,710,9,7,1,164.44,103,0
CUST000516,787,17,8,0,7.67,103,0
CUST004299,672,6,14,0,72.96,234,1
CUST003876,657,22,4,2,43.63,298,0
CUST001789,793,9,11,1,4.5,14,2
CUST002997,803,4,11,1,18.06,186,0
CUST002361,573,6,2,0,5.98,261,1
CUST004467,630,14,1,0,24.57,317,0
CUST003269,607,14,5,1,36.6,216,1
CUST003551,731,6,10,1,8.51,250,1
CUST004164,618,2,10,0,55.39,198,0
CUST003770,720,17,9,0,47.0,52,3
CUST004665,745,20,8,0,27.42,93,0
CUST004016,829,21,14,1,43.19,298,0
CUST000196,592,11,7,0,35.32,336,0
CUST001307,773,7,1,3,64.56,40,3
CUST004069,661,23,10,1,12.1,166,0
CUST003189,833,17,4,0,46.75,302,0
CUST002196,764,22,11,2,30.14,250,2
CUST003099,756,12,2,3,19.69,183,0
CUST003674,620,3,14,0,21.33,301,1
CUST002638,664,5,9,0,28.77,302,6
CUST002708,712,14,10,0,1.95,122,1
CUST004980,635,6,11,0,7.87,316,1
CUST000290,0,8,14,1,31.05,72,2
CUST001118,824,14,13,1,22.86,299,0
CUST000857,629,23,3,0,25.48,259,0
CUST002909,623,3,13,0,28.09,340,2
CUST000443,633,9,9,1,28.2,62,4
CUST000761,798,9,5,2,53.4,258,1
CUST002231,664,21,12,1,37.74,263,1
CUST004763,809,18,2,0,32.99,335,1
CUST001008,741,4,10,0,9.92,314,1
CUST002485,715,10,4,0,6.87,13,1
CUST000042,831,7,6,0,15.08,256,4
CUST004961,620,2,8,0,50.82,68,3
CUST003592,539,20,3,1,51.22,138,0
CUST003643,623,9,9,3,43.09,80,0
CUST001350,664,13,4,0,17.41,209,2
CUST002601,701,3,10,1,20.14,337,2
CUST004850,741,10,13,0,16.08,324,2
CUST000066,711,5,7,0,38.11,163,0
CUST001173,720,21,3,2,5.13,326,1
CUST001723,675,6,11,0,8.01,203,1
CUST002456,730,9,12,0,59.39,153,0
CUST003752,705,21,10,0,14.83,38,2
CUST000094,783,10,2,3,52.15,115,1
CUST003257,724,4,9,0,42.64,227,1
CUST000429,741,10,9,0,21.57,137,0
CUST002598,850,14,12,0,44.91,149,1
CUST000786,656,18,6,0,7.41,36,3
CUST004261,760,9,4,1,31.22,271,0
CUST001596,688,24,2,0,38.1,326,5
CUST002567,660,9,7,0,31.92,132,2
CUST001816,670,16,14,0,38.09,154,3
CUST001717,743,19,4,0,41.08,161,1
CUST001428,669,11,3,0,22.15,26,0
CUST000710,544,24,13,0,31.37,325,1
CUST003154,642,5,10,0,2.51,268,1
CUST002466,793,18,11,0,38.88,54,3
CUST001424,736,20,13,0,39.25,152,2
CUST000491,500,6,2,0,31.64,8,0
CUST003933,624,13,2,0,42.57,91,0
CUST004672,593,21,10,0,16.16,271,1
CUST004919,530,19,11,0,40.22,216,0
CUST001378,675,22,7,0,36.18,156,0
CUST000954,778,19,8,0,37.21,73,0
CUST003864,603,11,10,0,53.72,216,3
CUST000968,635,13,4,0,58.25,56,2
CUST004424,655,9,12,3,28.52,153,0
CUST002410,537,2,8,0,35.59,60,1
CUST003763,850,15,14,0,21.86,28,2
CUST004485,747,22,11,0,31.91,351,0
CUST000998,694,2,3,0,80.68,242,1
CUST002446,626,2,10,0,31.32,147,2
CUST003568,577,3,7,0,32.69,198,0
CUST003515,617,9,8,0,18.97,24,4
CUST001184,768,11,12,1,7.9,32,1
CUST001425,627,21,10,0,106.33,160,1
CUST002385,674,6,14,0,13.24,47,0
CUST000153,684,2,14,0,42.15,93,2
CUST002967,850,22,5,0,16.05,338,1
CUST000709,632,19,10,0,31.5,222,4
CUST001929,589,11,6,1,8.89,311,1
CUST001878,533,8,14,1,47.58,231,1
CUST000568,627,11,12,0,29.47,103,1
CUST000487,850,7,3,0,9.35,191,1
CUST001258,725,5,13,3,23.14,337,2
CUST001742,798,9,14,1,26.94,170,0
CUST004687,716,11,4,0,51.52,337,1
CUST003430,652,10,3,0,26.28,155,1
CUST001027,736,24,1,0,47.63,179,1
CUST002649,605,7,13,0,23.32,321,1
CUST000207,732,8,14,1,49.2,268,0
CUST004833,761,22,2,0,37.15,197,0
CUST004681,759,20,11,0,41.36,228,0
CUST004794,663,24,10,1,8.41,121,1
CUST003982,776,5,7,1,19.29,229,0
CUST004368,590,6,10,1,20.48,98,0
CUST001651,738,6,3,1,12.72,169,2
CUST000136,702,6,1,0,26.7,22,2
CUST004393,624,7,5,1,25.26,146,4
CUST004790,591,21,1,0,41.14,35,3
CUST004363,673,19,12,1,33.22,335,3
CUST002483,685,7,1,2,39.97,308,3
CUST004673,629,13,6,1,39.01,66,3
CUST002634,576,2,9,1,31.7,347,1
CUST004315,747,15,1,0,12.13,203,0
CUST003160,757,5,7,0,10.82,291,1
CUST002118,847,23,2,0,50.9,26,3
CUST000706,626,2,10,0,34.2,224,0
CUST003251,685,13,8,0,45.29,308,3
CUST002108,756,23,7,2,41.33,208,0
CUST002345,764,7,11,0,17.23,146,0
CUST001444,710,15,2,0,8.24,107,2
CUST001219,737,20,11,0,30.22,89,1
CUST002562,626,18,9,2,35.42,71,3
CUST004693,689,4,14,0,25.98,225,2
CUST000991,610,18,7,0,20.43,151,0
CUST002422,733,8,2,0,11.09,228,4
CUST003976,766,4,2,1,39.87,153,4
CUST002515,850,17,12,0,55.65,275,4
CUST000492,798,17,5,1,20.22,250,2
CUST001646,542,21,5,0,31.37,205,3
CUST001603,597,11,9,0,61.44,351,0
CUST002703,799,19,1,2,32.28,305,1
CUST003123,724,13,5,0,9.37,282,0
CUST001222,688,23,3,2,32.75,284,0
CUST002891,675,17,3,2,26.71,216,3
CUST001501,603,10,5,0,27.91,8,2
CUST002541,522,8,12,0,19.94,71,4
CUST002854,605,6,2,0,7.8,118,2
CUST003450,663,20,4,1,37.44,204,0
CUST001262,697,22,4,0,56.11,18,3
CUST000295,657,24,4,0,39.39,128,0
CUST003879,577,20,2,1,7.13,275,0
CUST003137,637,3,3,0,29.87,207,0
CUST000527,690,23,11,0,20.39,98,3
CUST003755,699,9,3,0,19.99,89,4
CUST001604,647,16,8,0,10.95,26,1
CUST004844,650,24,8,0,22.81,207,4
CUST000541,744,5,14,0,18.76,76,1
CUST003863,0,15,12,0,24.61,319,4
CUST000849,649,21,1,0,30.57,308,1
CUST000970,707,5,4,2,23.69,216,5
CUST001619,519,6,7,1,20.34,224,0
CUST000077,656,8,1,0,42.02,22,0
CUST004297,667,9,2,0,33.44,281,0
CUST000452,678,2,5,0,13.61,61,0
CUST001209,610,9,12,0,14.33,144,1
CUST004513,731,2,7,1,38.42,92,1
CUST001560,579,13,7,0,10.27,96,2
CUST003206,544,12,11,0,26.73,108,0
CUST002429,665,16,9,0,23.57,291,4
CUST004582,632,6,3,0,9.8,354,3
CUST003734,574,13,12,0,1.02,42,2
CUST003655,713,5,10,0,36.46,199,6
CUST002999,676,7,2,0,14.28,132,0
CUST001063,755,18,1,0,19.86,280,6
CUST002506,705,2,11,3,9.8,315,0
CUST003395,670,7,13,0,16.67,30,0
CUST000997,588,8,8,2,23.0,202,1
CUST000782,586,16,7,0,22.15,300,2
CUST001654,652,8,14,0,15.46,12,0
CUST000342,643,9,9,1,14.35,112,1
CUST000288,742,18,2,0,170.64,149,0
CUST000152,742,21,9,0,36.52,294,0
CUST002391,553,3,10,0,18.12,52,3
CUST000239,584,15,14,0,20.43,193,0
CUST001716,544,20,8,3,32.12,217,0
CUST002303,624,16,12,1,20.19,152,0
CUST002960,769,18,4,3,23.57,190,0
CUST002613,708,11,12,0,29.33,167,0
CUST001349,693,13,14,0,21.06,202,1
CUST003690,671,7,10,0,33.73,220,0
CUST001108,624,24,4,0,15.74,253,2
CUST002783,748,21,4,0,15.85,290,1
CUST000279,723,17,5,2,9.61,137,0
CUST002662,757,5,13,0,18.41,250,1
CUST003278,604,11,11,0,14.47,283,1
CUST002433,655,14,1,1,39.24,212,1
CUST001856,577,6,5,1,21.67,33,0
CUST003207,612,18,9,0,27.88,47,0
CUST001949,619,22,9,2,22.41,183,1
CUST004550,719,4,9,0,41.51,355,2
CUST000877,713,4,3,0,51.83,241,0
CUST004746,774,24,1,0,31.28,210,4
CUST002633,501,4,2,0,11.71,274,0
CUST004603,657,21,7,0,51.68,17,0
CUST004700,850,21,5,0,49.8,157,0
CUST002725,726,4,10,0,29.73,160,3
CUST003869,663,15,2,0,37.88,253,4
CUST004357,742,9,7,0,45.54,303,3
CUST003192,612,2,14,0,16.08,306,2
CUST001280,593,6,8,1,13.6,188,0
CUST002474,675,5,2,1,30.1,19,2
CUST001553,703,8,8,0,12.09,107,0
CUST000165,737,9,1,0,12.23,297,0
CUST001765,740,9,9,0,40.12,183,0
CUST002862,612,23,9,0,15.74,79,1
CUST001573,706,9,4,0,33.26,325,3
CUST003034,759,2,9,1,2.59,232,2
CUST000198,746,12,5,0,32.88,147,0
CUST001163,733,21,1,0,64.8,86,2
CUST003461,722,13,14,2,64.88,7,1
CUST002526,715,9,13,3,21.18,86,1
CUST004088,677,24,8,0,36.27,253,0
CUST000235,821,20,14,0,24.48,309,0
CUST001903,747,20,13,1,37.05,134,0
CUST004676,656,3,11,0,30.59,298,5
CUST002383,544,13,4,0,18.17,181,3
CUST003935,850,16,6,2,59.78,228,0
CUST003440,615,5,1,0,28.61,251,0
CUST000969,564,4,14,0,24.87,161,0
CUST000084,758,24,10,0,141.55,23,1
CUST004408,680,10,1,1,2.72,341,0
CUST002302,724,20,9,0,37.09,319,3
CUST002881,579,21,14,0,29.3,168,2
CUST004855,745,19,5,0,38.17,344,1
CUST001515,799,19,7,1,55.82,181,3
CUST000390,678,9,6,0,44.44,77,1
CUST001077,999,8,3,0,47.46,192,0
CUST000986,610,15,14,1,23.52,257,1
CUST004773,742,8,10,0,32.63,177,1
CUST004561,770,9,6,0,30.08,312,2
CUST001782,650,6,1,0,5.34,104,0
CUST003644,637,23,14,0,15.2,273,0
CUST002458,683,23,10,1,13.77,255,4
CUST000502,659,9,10,0,15.81,114,4
CUST001913,568,10,13,0,46.08,151,4
CUST004276,530,21,5,0,29.77,101,1
CUST000404,657,15,3,1,59.42,171,2
CUST000672,618,7,5,3,17.16,250,4
CUST004635,731,16,3,2,27.41,331,5
CUST003163,604,16,14,0,25.82,146,0
CUST001793,478,17,3,1,17.33,233,0
CUST002818,655,11,3,1,7.46,256,1
CUST002799,734,13,11,0,59.07,337,3
CUST003709,823,14,3,0,12.54,296,1
CUST002504,840,11,5,0,21.15,7,2
CUST004822,637,15,7,2,8.8,346,1
CUST002797,603,14,7,0,28.94,224,2
CUST002628,680,21,4,0,38.58,160,0
CUST003625,713,17,2,3,13.11,272,3
CUST002494,632,6,13,0,26.48,215,2
CUST002531,637,15,8,0,17.38,268,0
CUST004500,773,23,7,1,33.25,135,3
CUST002337,590,8,9,1,29.8,63,0
CUST004689,679,14,12,0,55.17,351,2
CUST004583,761,19,13,0,37.14,205,3
CUST004895,763,5,7,0,16.59,349,3
CUST000963,760,10,5,0,26.5,6,0
CUST001755,850,19,9,1,17.17,57,0
CUST003165,721,24,8,0,8.2,117,0
CUST002946,669,13,4,1,16.68,357,0
CUST001139,597,12,5,2,34.76,232,1
CUST000461,999,2,4,1,42.88,295,0
CUST000348,506,2,10,0,21.03,234,3
CUST000623,700,6,9,0,45.27,140,0
CUST001503,705,8,7,0,26.68,284,2
CUST002882,655,19,5,0,9.06,214,4
CUST004155,600,16,14,0,14.38,75,5
CUST004085,681,20,1,0,46.71,196,3
CUST004941,664,7,6,0,20.87,207,0
CUST002772,625,5,2,0,126.88,157,1
CUST002209,681,10,5,1,35.31,176,0
CUST004215,752,6,9,0,61.8,178,1
CUST001891,647,8,11,0,19.5,356,0
CUST002585,633,10,10,0,24.56,292,0
CUST001208,999,20,12,0,36.11,166,1
CUST001685,649,18,12,0,45.98,165,0
CUST003188,716,5,9,2,26.32,208,0
CUST004820,712,6,9,0,51.81,137,0
CUST004037,714,19,2,0,23.73,331,1
CUST002689,674,10,4,2,23.38,165,1
CUST004366,694,6,9,0,18.97,223,0
CUST003741,544,22,11,0,28.72,293,3
CUST002412,600,18,11,0,26.58,172,1
CUST001057,677,17,13,0,12.25,290,3
CUST002705,687,18,7,0,63.81,117,1
CUST001468,752,16,14,0,10.93,165,0
CUST001664,641,2,5,1,35.2,238,0
CUST001365,530,14,2,0,37.73,275,0
CUST001409,720,24,9,2,24.02,29,3
CUST004329,530,4,2,0,49.43,228,3
CUST001323,647,6,7,1,21.14,29,0
CUST002309,544,17,10,0,24.21,299,3
CUST003836,833,19,14,0,22.21,75,3
CUST000765,582,3,11,0,53.4,59,1
CUST001595,682,2,9,1,7.73,298,2
CUST001130,665,22,4,0,36.88,194,4
CUST002189,544,9,11,0,60.54,118,1
CUST001416,797,19,9,0,50.04,45,2
CUST002800,732,6,12,0,55.98,19,5
CUST000104,640,10,8,0,7.2,172,0
CUST003871,575,19,7,0,44.55,153,1
CUST001277,593,12,14,0,24.14,99,2
CUST002423,538,16,12,0,52.64,268,1
CUST003247,656,14,13,1,22.79,220,0
CUST000047,699,12,8,0,42.36,316,1
CUST004024,778,8,4,0,25.01,57,2
CUST001585,745,19,7,1,39.03,69,0
CUST002035,747,2,3,0,12.59,195,0
CUST002847,712,15,5,0,31.94,238,6
CUST004570,705,11,2,0,27.08,26,3
CUST002245,664,10,8,0,20.57,288,6
CUST003488,737,21,2,0,32.53,291,1
CUST003819,630,24,7,0,27.13,90,1
CUST000020,673,17,8,0,8.16,171,0
CUST002843,692,21,12,1,16.06,348,0
CUST002860,738,24,6,0,20.77,104,1
CUST004802,638,23,4,0,3.64,26,0
CUST003292,818,7,11,3,18.39,299,0
CUST004901,850,8,4,0,122.32,78,0
CUST003322,554,5,6,0,46.28,217,1
CUST001315,718,5,8,0,49.76,189,1
CUST001276,781,21,9,1,9.22,242,2
CUST001534,635,8,6,0,17.3,341,1
CUST003637,729,6,3,1,14.54,101,0
CUST000755,631,6,10,0,21.66,88,4
CUST001775,631,10,13,0,39.48,87,3
CUST004251,670,24,12,0,5.55,289,1
CUST002111,598,22,4,0,33.71,256,3
CUST003548,661,15,13,1,26.86,319,3
CUST001039,599,12,5,1,7.85,102,0
CUST000106,0,6,3,3,8.89,311,0
CUST001623,684,2,11,0,40.9,25,0
CUST002324,697,9,5,0,10.18,170,1
CUST004118,715,4,13,3,15.12,85,2
CUST003166,701,14,8,0,74.4,80,0
CUST003405,746,24,12,0,115.32,295,1
CUST000890,632,16,4,0,5.71,275,3
CUST004632,754,18,7,0,29.2,219,2
CUST000146,712,3,12,1,12.37,281,1
CUST003909,670,15,1,1,5.51,44,1
CUST001894,636,7,7,0,38.44,274,0
CUST003992,552,23,1,1,14.61,202,1
CUST002153,587,7,2,0,10.0,226,0
CUST002243,809,24,11,0,17.67,114,2
CUST002521,587,19,1,0,21.87,193,1
CUST004563,624,10,3,0,38.96,155,0
CUST003414,659,19,12,0,20.66,47,0
CUST000292,680,18,13,0,50.6,203,6
CUST003851,647,8,8,2,8.97,128,0
CUST002381,729,23,8,0,41.8,21,2
CUST003645,698,15,12,2,12.62,348,1
CUST004019,723,13,7,0,13.35,192,0
CUST003587,789,18,13,0,35.99,26,0
CUST002500,697,14,7,0,20.82,297,3
CUST002131,661,11,5,0,53.91,131,1
CUST000923,503,18,10,0,53.82,111,0
CUST001341,850,2,11,0,18.55,270,0
CUST001567,816,24,13,0,21.28,273,0
CUST003999,781,17,9,0,33.56,283,1
CUST003487,695,24,1,1,28.41,220,0
CUST000889,670,16,4,0,52.34,301,2
CUST003603,678,15,6,0,4.51,310,0
CUST003064,708,12,4,2,45.31,244,1
CUST000585,745,4,2,0,19.8,109,1
CUST004247,619,14,2,0,21.82,337,0
CUST002232,650,10,12,2,47.51,64,0
CUST004145,655,9,2,0,6.11,16,1
CUST000793,722,23,7,0,42.26,323,0
CUST001846,758,6,5,0,39.82,93,3
CUST002213,782,3,12,1,29.08,95,0
CUST002681,700,8,2,1,27.08,285,3
CUST003106,825,12,9,0,28.37,67,1
CUST002794,687,12,2,0,26.03,312,0
CUST002488,820,18,12,0,47.53,337,2
CUST002610,759,22,7,0,27.2,272,1
CUST001682,652,6,1,0,43.27,100,2
CUST001958,850,23,6,0,16.86,127,2
CUST001452,567,7,14,0,21.56,139,2
CUST001510,801,17,6,1,25.39,107,2
CUST000713,664,9,5,0,42.55,121,0
CUST002009,535,7,7,0,38.87,275,5
CUST004099,850,23,11,1,17.67,127,1
CUST002803,709,12,10,0,60.83,151,3
CUST001772,662,6,8,1,24.49,231,0
CUST000230,663,9,14,0,33.33,204,0
CUST002090,766,8,2,2,46.03,72,5
CUST001902,688,9,3,0,10.06,47,3
CUST000759,850,19,8,0,31.96,264,2
CUST004793,645,24,11,0,35.8,128,0
CUST001348,589,8,12,0,13.86,16,2
CUST003051,709,6,5,1,39.57,91,0
CUST001543,714,7,6,0,41.7,338,2
CUST004188,602,15,4,3,17.58,275,5
CUST004636,574,20,1,0,50.72,313,0
CUST000400,613,11,12,0,27.79,312,1
CUST002427,650,16,8,0,41.22,331,0
CUST000494,622,8,11,0,13.79,275,0
CUST004715,788,9,13,0,25.4,342,5
CUST002322,659,12,14,0,34.24,176,0
CUST000454,795,4,4,0,56.16,211,5
CUST001102,505,12,9,0,3.08,70,2
CUST000151,718,22,11,0,36.7,253,0
CUST004490,699,16,2,2,27.16,205,1
CUST001818,779,12,8,0,17.6,238,0
CUST002508,676,20,11,1,16.08,280,0
CUST002564,605,20,9,3,29.18,74,0
CUST002640,700,16,6,2,45.31,235,0
CUST000903,698,4,8,0,185.61,216,1
CUST000005,629,11,12,0,7.9,16,0
CUST004385,666,15,12,0,55.87,109,2
CUST000947,648,6,4,0,26.01,116,0
CUST003370,816,20,10,0,8.05,248,3
CUST001123,674,15,1,2,27.48,78,1
CUST003927,675,13,13,0,26.83,314,0
CUST002297,663,11,2,1,34.5,50,0
CUST002167,654,7,11,0,30.09,131,2
CUST002217,700,13,1,0,54.36,239,5
CUST003974,621,22,9,0,23.25,300,0
CUST003754,671,24,5,0,70.4,336,2
CUST003678,559,5,6,1,13.82,67,2
CUST002306,698,20,8,0,31.61,138,1
CUST002938,700,9,14,0,29.71,356,0
CUST002388,591,2,9,0,25.16,285,0
CUST001605,730,17,3,0,30.21,324,4
CUST001807,653,3,2,2,44.49,358,1
CUST004904,795,10,3,0,27.04,251,0
CUST004351,663,7,14,0,55.05,96,3
CUST003196,787,8,14,0,28.54,72,0
CUST001611,731,3,6,0,117.31,336,2
CUST000181,587,3,11,0,23.19,55,0
CUST004420,638,23,1,0,24.83,167,2
CUST003807,813,14,2,1,27.13,67,1
CUST004378,749,22,8,0,10.14,185,1
CUST003173,601,19,8,1,14.95,142,1
CUST000595,721,9,6,0,8.81,85,1
CUST003103,629,7,8,2,30.33,336,3
CUST004103,656,12,14,0,13.07,262,0
CUST004285,794,14,14,0,44.0,79,3
CUST004054,719,23,14,0,23.61,308,1
CUST001332,586,15,8,2,30.53,348,0
CUST000401,687,11,5,0,40.42,205,1
CUST004577,773,14,11,0,55.74,216,0
CUST001714,711,21,4,0,25.72,246,1
CUST002543,677,2,7,0,19.32,198,1
CUST000617,638,4,14,0,7.1,28,0
CUST004128,683,15,10,0,41.7,298,0
CUST004760,442,8,1,0,17.78,70,1
CUST000831,688,3,11,1,30.21,145,1
CUST004928,598,8,7,0,32.33,192,0
CUST004520,587,8,11,0,49.12,231,1
CUST003383,706,6,8,0,47.67,137,3
CUST001472,697,20,3,1,24.44,60,0
CUST002549,666,20,11,0,52.4,14,4
CUST001127,672,21,11,0,33.3,295,0
CUST000907,630,16,8,0,17.29,68,1
CUST001012,537,9,6,0,11.63,192,4
CUST000368,672,9,3,0,53.17,301,0
CUST001763,727,24,13,0,12.27,173,2
CUST003291,592,23,14,3,17.4,318,0
CUST000948,639,20,6,1,4.77,180,1
CUST000038,669,2,6,0,52.61,26,1
CUST003904,665,7,4,2,22.24,36,1
CUST000603,679,8,5,0,15.09,243,0
CUST001761,685,19,5,1,13.03,42,0
CUST004872,600,13,14,0,24.15,117,1
CUST001961,717,5,6,0,20.17,295,0
CUST002771,642,18,6,1,11.01,317,0
CUST002176,735,15,3,0,132.54,159,3
CUST002919,690,2,11,0,22.41,94,1
CUST003670,709,16,11,0,17.27,353,0
CUST000340,757,5,2,0,168.49,277,2
CUST001771,715,15,1,0,40.89,208,1
CUST001967,740,8,1,1,46.72,349,0
CUST002082,802,11,8,1,33.28,244,2
CUST002067,581,12,4,0,20.04,180,3
CUST004282,629,22,13,0,26.63,323,2
CUST004670,637,17,5,3,22.59,338,5
CUST001002,784,19,12,0,46.11,83,0
CUST003873,677,24,8,0,23.22,208,1
CUST003862,622,3,12,0,33.21,308,0
CUST003676,999,5,10,0,51.62,149,5
CUST002460,738,6,12,2,20.15,321,0
CUST003481,706,21,7,2,56.79,343,4
CUST001522,562,19,4,1,25.3,51,1
CUST004837,631,10,12,0,27.92,288,2
CUST004782,521,17,7,1,23.32,143,5
CUST001352,746,15,3,0,18.23,165,0
CUST001518,682,7,6,0,25.82,288,3
CUST002050,666,18,2,1,68.42,216,3
CUST002896,565,21,6,0,26.0,155,1
CUST003122,629,19,14,0,13.63,139,2
CUST000110,729,8,6,0,6.26,166,1
CUST002908,655,17,3,2,3.45,14,1
CUST002672,637,12,10,0,34.58,284,0
CUST000993,813,18,9,0,8.02,101,2
CUST000427,551,13,5,0,179.15,98,0
CUST004137,628,15,5,1,13.33,80,0
CUST000792,612,21,1,0,43.1,54,1
CUST003167,724,13,4,0,40.36,31,1
CUST003951,701,16,1,0,33.24,311,1
CUST001387,673,16,10,0,20.29,106,1
CUST003362,590,7,1,0,29.47,194,0
CUST004236,700,9,13,0,35.5,62,0
CUST002239,530,21,7,0,27.86,68,1
CUST002151,651,3,5,1,31.4,63,1
CUST003828,632,4,8,0,19.44,348,0
CUST001635,749,14,4,0,8.4,295,2
CUST003714,725,7,9,1,21.2,70,0
CUST002558,724,7,12,0,41.68,197,0
CUST001569,692,19,11,1,14.77,313,0
CUST002559,780,3,10,1,18.16,159,1
CUST003682,742,11,14,0,22.68,336,4
CUST002782,595,21,4,2,35.64,357,3
CUST001751,643,6,13,0,19.51,244,0
CUST001689,729,8,14,0,12.6,210,0
CUST001575,698,13,2,0,51.11,123,0
CUST001643,677,7,14,0,23.16,120,3
CUST004610,708,21,3,0,42.39,68,3
CUST002819,527,22,9,0,26.58,18,5
CUST003582,712,11,3,1,27.02,311,1
CUST000418,770,16,1,0,32.75,76,0
CUST002085,739,13,9,0,20.42,57,4
CUST002492,850,3,12,0,29.99,170,0
CUST003393,716,7,2,0,44.57,123,3
CUST003733,668,13,14,0,15.02,348,1
CUST004884,802,17,2,1,25.97,140,5
CUST004379,609,14,8,0,27.26,233,0
CUST001385,642,18,3,1,43.82,225,1
CUST004888,673,7,13,0,23.25,201,0
CUST002918,614,11,3,2,32.54,258,1
CUST002134,733,3,3,1,22.67,62,0
CUST002007,749,15,12,0,6.21,69,0
CUST001704,641,2,6,0,46.85,91,2
CUST004269,705,3,13,0,35.12,87,0
CUST002350,704,8,4,0,24.11,113,5
CUST000309,708,11,2,0,31.11,142,0
CUST001576,659,17,4,0,12.46,238,1
CUST000820,621,20,14,0,20.08,333,0
CUST004784,792,17,3,0,45.56,258,0
CUST004944,620,13,7,1,21.35,7,3
CUST000729,652,16,10,1,12.47,226,3
CUST001687,758,5,4,0,7.79,151,0
CUST000134,677,9,1,0,7.41,342,0
CUST001954,850,11,7,0,39.05,217,0
CUST004356,603,7,11,0,37.1,20,3
CUST000334,616,22,11,2,48.03,246,1
CUST000364,660,3,4,1,13.08,65,2
CUST000255,748,17,13,0,6.7,254,3
CUST001483,686,13,14,0,10.04,159,3
CUST004978,723,22,9,1,25.91,252,1
CUST003216,809,24,4,0,51.12,252,0
CUST004796,508,24,11,0,14.87,241,1
CUST000385,545,19,14,2,65.78,307,0
CUST000952,629,14,7,0,6.84,149,2
CUST001355,666,9,11,1,25.09,32,0
CUST001090,574,10,11,0,8.91,278,1
CUST004720,785,10,14,0,5.9,150,0
CUST000074,690,10,6,0,11.12,230,3
CUST004503,782,8,6,1,17.25,206,0
CUST001477,671,21,12,0,23.92,329,5
CUST003277,671,6,2,0,30.02,267,1
CUST000887,597,15,14,0,18.87,345,0
CUST003792,677,19,5,0,5.48,205,0
CUST003086,772,22,4,0,8.21,71,6
CUST000776,725,14,12,0,5.38,122,0
CUST002941,731,15,11,0,22.63,318,2
CUST004009,642,16,13,0,35.46,122,0
CUST002401,605,24,11,0,21.87,144,0
CUST003735,631,7,1,0,28.21,295,1
CUST001001,717,16,9,0,17.0,265,0
CUST002565,594,7,3,0,20.35,308,1
CUST003303,661,13,9,1,19.24,23,2
CUST001559,617,18,1,2,56.26,87,0
CUST004613,602,3,7,0,38.88,320,0
CUST001392,749,24,11,0,14.09,52,1
CUST002901,685,5,9,0,6.95,297,0
CUST001096,764,19,2,1,9.99,323,2
CUST000539,652,9,3,1,6.82,344,1
CUST003497,761,15,10,1,28.34,244,0
CUST000977,736,10,12,0,42.82,63,0
CUST003015,617,18,2,0,27.56,301,0
CUST004775,762,17,7,0,34.49,58,3
CUST004003,618,17,14,1,47.49,10,0
CUST000643,788,13,8,0,46.62,235,4
CUST004239,799,23,6,2,13.52,244,0
CUST003019,703,21,12,0,10.58,190,0
CUST004770,671,23,14,1,3.06,209,4
CUST003838,597,9,13,0,15.17,199,2
CUST004319,850,12,1,1,32.34,278,0
CUST004101,567,4,5,0,46.33,98,1
CUST004952,570,21,1,0,18.39,283,0
CUST003009,620,13,12,0,35.09,14,0
CUST000471,715,14,3,1,39.07,14,1
CUST000398,487,6,1,1,25.61,23,3
CUST003355,610,7,2,0,30.74,330,0
CUST001788,669,19,14,0,12.6,209,2
CUST002360,820,13,12,0,19.2,273,0
CUST003640,652,17,10,0,12.84,46,1
CUST004691,660,2,1,0,14.0,98,0
CUST000277,782,13,7,0,4.99,83,0
CUST001080,662,16,7,0,15.36,325,2
CUST004100,562,20,14,0,51.68,200,0
CUST003689,715,15,14,0,45.83,332,2
CUST003724,535,6,4,1,34.21,128,3
CUST000495,683,17,2,1,62.8,58,0
CUST001881,753,12,4,0,10.99,329,3
CUST003036,645,13,4,0,25.83,327,2
CUST000881,636,7,9,0,22.87,177,3
CUST001226,762,11,9,0,14.21,302,2
CUST004331,670,17,5,0,13.56,28,0
CUST003998,642,24,7,1,24.59,358,2
CUST003956,692,22,7,0,13.13,155,1
CUST001519,805,6,3,0,25.67,49,6
CUST004402,627,23,9,0,59.64,250,1
CUST003823,673,13,3,0,58.99,160,1
CUST003720,517,2,11,0,50.27,66,6
CUST002651,775,6,12,1,1.99,308,0
CUST001049,614,13,7,1,15.64,205,2
CUST002100,702,17,7,0,9.53,172,0
CUST002855,810,7,9,0,45.57,300,1
CUST000686,692,6,11,1,32.53,126,1
CUST003675,787,21,7,0,27.25,263,0
CUST001305,766,20,5,0,31.34,164,1
CUST001549,711,9,10,1,24.74,317,1
CUST003496,499,9,11,0,45.3,348,0
CUST001438,486,8,2,0,5.49,77,1
CUST002498,783,13,13,0,50.05,185,2
CUST003168,710,20,10,1,12.34,238,0
CUST004917,706,20,14,0,24.5,271,0
CUST001895,643,16,13,0,30.77,207,5
CUST001239,647,20,1,0,31.9,206,0
CUST004228,664,18,6,0,4.81,149,0
CUST002169,644,24,9,0,19.77,47,3
CUST003296,709,2,3,1,4.71,55,3
CUST004144,735,24,12,0,7.97,229,5
CUST003905,603,4,1,0,15.61,344,3
CUST001663,743,22,1,0,26.02,65,0
CUST002143,689,24,9,0,36.37,67,2
CUST001563,671,2,9,0,20.16,56,0
CUST004518,700,24,14,0,4.73,290,3
CUST002734,594,15,13,1,41.89,17,1
CUST003777,628,23,6,0,27.12,279,1
CUST001094,492,14,3,0,34.06,101,1
CUST002555,707,5,14,0,21.01,220,0
CUST002319,677,2,13,0,44.15,252,2
CUST001670,667,11,9,0,9.12,91,0
CUST003483,664,8,5,0,43.07,138,0
CUST000031,712,21,12,0,37.97,205,0
CUST004559,625,7,8,0,14.66,297,1
CUST000374,699,19,4,1,17.71,56,1
CUST000996,763,14,1,1,55.34,214,2
CUST003607,529,3,11,0,28.02,204,0
CUST001910,659,12,14,1,43.54,241,0
CUST000882,613,8,2,0,28.83,35,0
CUST001414,768,18,8,0,59.4,244,1
CUST004129,711,16,11,0,66.05,162,1
CUST004807,738,24,4,2,59.9,264,3
CUST004374,738,12,12,2,49.95,40,3
CUST003929,817,3,11,2,20.45,352,1
CUST003814,705,12,1,2,17.3,77,2
CUST004098,611,15,5,1,9.87,165,1
CUST004273,715,10,12,2,9.05,59,6
CUST001481,646,14,4,1,7.48,333,0
CUST001046,710,24,10,0,20.28,301,0
CUST000459,682,10,5,1,30.68,78,0
CUST000754,610,16,3,0,17.92,286,0
CUST000885,662,3,4,0,15.82,340,0
CUST003423,542,23,8,0,7.32,209,0
CUST003858,651,11,6,1,9.01,200,0
CUST003977,666,5,5,0,67.8,288,1
CUST004437,577,7,11,0,17.85,156,3
CUST001932,643,14,13,1,11.11,199,0
CUST004461,833,5,10,0,20.0,21,1
CUST003021,721,3,4,0,10.83,202,0
CUST003328,575,14,12,0,26.07,245,1
CUST003410,646,11,10,2,23.9,297,1
CUST002961,597,8,2,0,37.95,72,0
CUST004456,747,6,1,0,13.99,261,4
CUST000232,614,5,11,0,33.21,354,0
CUST000651,640,8,4,0,16.77,142,1
CUST002781,757,22,13,1,69.01,156,1
CUST000028,706,11,2,1,73.17,246,3
CUST003432,666,12,9,1,29.41,327,0
CUST004370,682,13,2,0,24.35,219,2
CUST000509,622,19,2,2,21.27,24,2
CUST001088,803,21,6,1,6.78,110,0
CUST000392,597,5,6,1,47.07,226,2
CUST001776,712,24,4,1,35.19,173,1
CUST001980,728,2,3,2,71.03,181,5
CUST002511,810,4,14,0,10.64,266,6
CUST003846,666,9,4,2,15.1,203,2
CUST003400,596,5,5,0,44.95,244,1
CUST002005,708,13,8,1,31.17,115,0
CUST001900,608,18,2,0,46.26,49,0
CUST001638,622,6,14,0,6.09,32,1
CUST002790,573,18,13,0,39.45,148,1
CUST003427,615,19,13,2,20.53,58,1
CUST001134,661,3,10,0,13.22,352,3
CUST003422,594,23,6,0,57.42,32,3
CUST004130,635,23,7,0,33.47,90,0
CUST000741,734,17,14,0,30.83,156,1
CUST002954,701,13,3,0,41.31,7,2
CUST004473,745,10,13,0,8.22,136,3
CUST004719,738,4,5,0,20.96,250,0
CUST001376,693,14,13,1,11.39,157,2
CUST001822,655,3,14,0,10.36,42,4
CUST001618,677,14,2,0,26.5,30,0
CUST003109,621,17,3,0,37.52,137,1
CUST004015,593,4,2,0,21.05,137,0
CUST004711,747,5,10,0,88.35,58,3
CUST000266,739,7,11,0,34.88,332,3
CUST000211,708,17,13,0,47.79,311,4
CUST002992,663,4,1,0,10.12,150,2
CUST001656,699,11,8,0,8.22,263,0
CUST001959,752,6,3,0,39.82,216,0
CUST000345,581,6,7,1,13.88,58,0
CUST000465,667,19,3,0,29.79,130,0
CUST001511,776,24,7,0,49.52,111,0
CUST002813,690,13,8,0,20.08,284,1
CUST003117,741,3,12,1,23.55,93,0
CUST000616,815,8,14,1,22.05,326,0
CUST001206,777,10,6,0,37.86,219,1
CUST004970,581,11,9,0,11.17,22,1
CUST004260,770,6,1,0,16.83,18,1
CUST002974,710,16,1,0,6.04,216,0
CUST001557,767,4,2,1,34.69,209,1
CUST001877,471,19,14,0,36.43,280,2
CUST004486,737,7,4,1,46.83,242,2
CUST002789,707,7,13,0,19.0,327,1
CUST000675,714,6,6,0,55.37,95,3
CUST002178,591,14,9,2,39.62,51,1
CUST000191,702,23,5,0,34.36,239,0
CUST003035,731,4,9,0,15.98,75,2
CUST004859,804,6,5,0,14.7,300,0
CUST000567,719,4,2,0,40.79,327,0
CUST001494,727,3,9,0,38.22,134,0
CUST001892,680,16,9,0,15.36,82,0
CUST001570,574,13,7,0,56.96,157,1
CUST002614,739,2,4,0,17.83,249,3
CUST002010,683,11,5,2,26.2,250,0
CUST003463,790,3,1,0,9.29,217,1
CUST004788,623,9,6,1,44.02,195,0
CUST004707,728,6,9,0,11.48,127,1
CUST000777,666,19,10,0,31.96,187,0
CUST004459,786,3,13,0,52.6,41,0
CUST003244,631,22,6,1,15.08,41,1
CUST002732,693,19,9,2,42.13,224,5
CUST000043,666,14,11,0,139.17,50,1
CUST003620,775,10,2,0,12.73,220,2
CUST003555,717,24,5,0,38.4,244,0
CUST001536,535,7,12,0,35.87,148,1
CUST001940,602,24,3,0,5.1,148,3
CUST002702,494,24,7,0,19.33,78,1
CUST003112,734,17,2,0,7.7,338,0
CUST000300,460,16,1,2,5.92,324,0
CUST002683,724,21,10,1,46.9,331,1
CUST000691,656,16,7,0,12.37,79,0
CUST001412,777,10,8,0,19.58,326,0
CUST000934,605,7,6,1,8.8,16,0
CUST001995,640,17,3,0,38.78,279,0
CUST000186,692,12,10,1,10.08,39,0
CUST002357,593,22,3,0,35.4,254,1
CUST004825,675,14,3,0,42.35,227,0
CUST001594,602,4,11,0,9.29,263,1
CUST002129,726,14,5,0,35.02,253,5
CUST002015,736,17,10,0,10.33,320,1
CUST001359,760,5,14,0,41.4,182,3
CUST000366,596,4,13,0,35.32,340,0
CUST001142,751,17,4,0,166.57,297,2
CUST004645,559,8,12,1,27.77,173,1
CUST000845,579,24,10,0,22.84,279,0
CUST003740,702,10,10,1,26.21,201,0
CUST003894,574,24,9,0,12.02,54,1
CUST003399,772,20,14,1,36.13,273,2
CUST001720,746,14,1,0,41.2,26,0
CUST003781,850,24,14,0,26.54,256,2
CUST001125,645,2,13,0,23.64,235,3
CUST002691,721,7,9,0,25.08,90,2
CUST002187,688,9,12,1,24.98,17,3
CUST004345,671,7,8,1,13.26,182,2
CUST002533,796,17,6,0,30.87,249,2
CUST004186,657,22,9,2,9.15,164,3
CUST002490,684,24,6,0,31.43,298,1
CUST003668,724,7,7,0,14.51,193,3
CUST003250,757,8,4,2,21.4,149,2
CUST004491,627,8,6,0,73.05,336,0
CUST000330,763,10,13,0,23.33,104,0
CUST003401,735,16,3,1,26.29,345,3
CUST004899,685,20,12,0,9.96,160,0
CUST000202,650,10,5,0,52.69,237,6
CUST003145,792,14,10,0,9.1,236,2
CUST004396,789,22,4,3,42.44,65,0
CUST003923,604,11,4,0,40.26,228,0
CUST000054,570,5,2,0,60.85,148,2
CUST002370,682,9,6,0,41.38,107,0
CUST000789,586,2,3,0,36.68,28,0
CUST003141,624,16,7,0,20.19,295,0
CUST001552,587,21,9,0,9.07,48,0
CUST004163,758,8,12,1,7.17,271,0
CUST004317,620,7,1,0,26.87,240,0
CUST002400,650,19,6,0,22.29,136,2
CUST002824,735,17,7,0,2.95,21,1
CUST000656,773,3,9,1,35.21,341,0
CUST003076,643,20,12,0,9.5,237,2
CUST002030,744,20,4,1,36.6,116,1
CUST002072,759,21,7,0,16.77,328,1
CUST004198,597,6,12,0,7.61,338,1
CUST003543,764,6,8,0,12.67,317,0
CUST003413,730,21,6,0,29.8,206,2
CUST000251,590,24,5,0,39.55,51,0
CUST001333,700,24,2,0,7.03,163,1
CUST003439,588,16,1,1,4.09,123,3
CUST003307,633,10,12,1,54.28,152,1
CUST004654,654,8,14,2,9.17,69,1
CUST000951,753,6,3,0,29.15,24,1
CUST000823,699,4,8,1,20.51,263,0
CUST002448,710,22,5,3,38.48,117,6
CUST004391,633,19,12,0,14.66,71,2
CUST002949,665,17,10,2,36.28,139,0
CUST000396,562,14,5,2,9.2,65,1
CUST003182,717,19,9,0,12.78,66,3
CUST004154,702,18,9,0,17.4,86,3
CUST000065,751,18,9,0,26.01,275,4
CUST003218,740,13,12,2,12.25,228,0
CUST000870,514,11,13,0,20.49,18,0
CUST002482,624,21,8,0,23.23,269,4
CUST002839,850,16,10,0,47.46,222,2
CUST003602,689,22,8,0,18.77,311,4
CUST000851,797,16,2,0,21.48,271,0
CUST001923,680,12,2,0,10.39,213,2
CUST001641,653,11,5,0,10.69,100,1
CUST002283,591,15,6,0,14.6,123,2
CUST003626,695,14,5,0,8.09,172,1
CUST004060,640,24,14,2,43.83,36,2
CUST002197,741,17,8,0,38.21,120,0
CUST004266,773,17,11,1,44.38,54,5
CUST004564,607,10,1,0,47.49,204,1
CUST004721,614,14,6,0,23.99,120,3
CUST004517,680,15,14,2,40.73,33,0
CUST003880,643,16,10,1,78.17,223,0
CUST003314,672,18,10,0,29.72,97,0
CUST000129,687,23,14,0,19.42,146,2
CUST001684,806,2,5,0,53.18,332,0
CUST004942,733,17,2,0,27.92,286,2
CUST002701,794,20,11,0,30.1,198,0
CUST000621,605,20,8,3,21.52,357,1
CUST003237,731,3,7,0,23.1,222,0
CUST002233,800,5,10,1,3.25,85,0
CUST002923,676,6,5,0,19.68,327,2
CUST000402,683,7,2,1,39.39,289,3
CUST000590,650,9,2,0,21.75,142,3
CUST000774,704,9,1,0,12.61,173,0
CUST000082,553,22,11,0,11.32,162,5
CUST004644,727,15,8,0,40.29,103,3
CUST000163,679,8,12,0,22.0,321,0
CUST003448,550,4,6,1,20.43,261,3
CUST001329,737,13,2,1,66.7,160,0
CUST004423,781,20,6,0,28.97,327,0
CUST001592,668,14,4,1,33.23,298,3
CUST003444,685,22,14,0,25.63,230,4
CUST002619,570,2,3,1,24.77,169,1
CUST003832,580,8,12,1,11.54,21,2
CUST003584,697,7,9,0,29.2,61,0
CUST003969,546,10,3,0,30.46,101,2
CUST001055,625,22,8,0,21.53,56,3
CUST000912,574,2,10,0,53.56,244,0
CUST004896,646,9,8,0,60.35,102,2
CUST001238,0,23,5,0,13.79,138,3
CUST000306,667,18,6,0,54.11,104,2
CUST001797,750,22,5,0,29.29,117,2
CUST004059,667,19,12,0,44.22,173,0
CUST002049,748,2,4,0,20.37,248,3
CUST001174,638,13,3,0,3.67,166,1
CUST004218,791,23,8,2,23.18,252,0
CUST003985,638,15,6,0,43.43,194,2
CUST004974,691,20,1,2,15.33,265,2
CUST004465,548,2,8,0,28.29,69,2
CUST000698,750,23,4,0,11.24,97,4
CUST001872,558,7,2,1,21.32,113,0
CUST004072,0,21,5,0,25.98,288,0
CUST000716,632,23,2,2,19.62,123,4
CUST002343,584,2,2,0,24.78,26,2
CUST003811,690,22,10,0,33.47,45,1
CUST004856,604,22,6,1,72.57,212,0
CUST000635,734,23,5,0,30.49,271,3
CUST000180,647,22,10,0,9.0,25,0
CUST000943,673,18,11,0,19.18,337,3
CUST003384,658,4,8,1,36.41,107,1
CUST004489,556,24,10,0,29.43,318,1
CUST002858,703,6,11,0,17.38,359,1
CUST002791,640,17,3,0,30.64,130,1
CUST003116,620,17,8,1,20.97,333,0
CUST003915,661,24,8,0,32.71,55,1
CUST002363,829,7,4,0,26.75,194,1
CUST003143,589,19,8,0,44.37,254,1
CUST001101,531,19,14,0,46.15,44,1
CUST001401,737,20,4,0,10.23,296,0
CUST001975,639,18,10,0,17.94,75,0
CUST000720,627,12,12,0,41.41,252,0
CUST004034,624,11,4,1,2.69,345,0
CUST003049,759,19,4,0,21.63,150,0
CUST004881,678,19,11,0,10.31,269,0
CUST001833,614,20,6,0,22.05,9,0
CUST003596,684,24,11,0,29.93,49,2
CUST000745,707,14,14,0,13.64,12,2
CUST001319,655,11,12,0,194.94,134,0
CUST001729,700,12,6,1,31.47,196,0
CUST001325,706,2,1,0,34.9,26,1
CUST000483,497,14,4,1,11.44,311,1
CUST001104,805,5,3,2,30.91,60,0
CUST004939,707,18,9,0,30.09,296,1
CUST002341,544,6,10,0,18.59,258,0
CUST004524,751,7,9,0,42.03,195,0
CUST002011,811,9,1,0,24.88,144,0
CUST004698,700,18,2,0,13.7,359,0
CUST002183,665,13,9,0,32.65,256,0
CUST000183,752,19,11,0,9.44,134,2
CUST003379,659,10,11,0,7.76,60,3
CUST004979,643,7,2,0,13.87,239,4
CUST003895,671,23,6,3,61.17,92,2
CUST000460,706,22,2,3,2.11,125,0
CUST001231,694,23,5,0,36.33,308,0
CUST003892,702,20,7,0,30.82,335,0
CUST003812,548,14,1,0,10.05,149,1
CUST004114,633,4,6,0,24.8,199,0
CUST003692,760,18,8,0,20.12,77,0
CUST002989,626,5,7,0,31.7,167,4
CUST001244,550,14,10,0,31.82,49,0
CUST000497,839,19,8,0,21.69,330,0
CUST001985,833,24,12,0,23.38,148,0
CUST004313,786,11,5,0,10.26,271,0
CUST004571,675,22,14,0,31.16,240,1
CUST003097,721,6,1,3,9.12,73,2
CUST003601,611,21,3,0,36.65,43,1
CUST003588,645,13,5,0,73.3,188,1
CUST001868,611,7,12,3,18.72,229,3
CUST001628,736,7,11,0,21.4,25,0
CUST004268,850,23,11,0,15.99,142,0
CUST000601,665,15,5,0,46.69,320,0
CUST000100,762,3,13,0,32.72,269,0
CUST000430,776,5,9,1,49.14,274,3
CUST000974,707,3,3,0,31.74,271,0
CUST003319,735,7,5,0,29.56,64,0
CUST004332,704,2,2,1,27.41,291,4
CUST003318,760,11,2,0,39.11,160,0
CUST000289,560,24,5,0,10.41,124,1
CUST003305,999,23,13,0,25.57,11,1
CUST000821,683,22,9,0,2.12,126,2
CUST000536,673,9,14,0,9.82,352,2
CUST002478,625,24,13,1,46.55,201,0
CUST004142,795,12,2,1,57.21,256,3
CUST000979,698,23,13,0,12.44,260,2
CUST000079,773,14,8,0,24.6,182,3
CUST000830,699,13,13,1,11.94,288,0
CUST000731,771,6,3,1,41.77,105,0
CUST002484,731,20,3,0,11.96,83,0
CUST002045,669,19,13,0,12.41,27,1
CUST000227,785,16,14,2,64.47,102,0
CUST003926,730,13,2,0,41.51,209,0
CUST003963,672,15,4,0,6.15,270,3
CUST000660,544,12,12,1,7.48,227,3
CUST002620,731,6,13,0,33.35,24,0
CUST000522,842,20,7,0,22.67,218,0
CUST002994,747,3,5,1,19.59,8,0
CUST004153,705,5,3,0,24.6,202,2
CUST001145,620,10,11,1,4.69,316,2
CUST004969,547,9,8,0,25.47,16,2
CUST001550,756,16,8,0,65.61,344,3
CUST003171,709,15,8,0,3.81,264,3
CUST001250,589,24,4,0,27.23,275,6
CUST004731,654,8,3,0,63.86,192,0
CUST004148,655,22,8,0,29.99,231,4
CUST003718,721,9,6,0,30.17,19,1
CUST003326,684,5,7,0,56.22,227,0
CUST000868,768,9,14,0,37.55,308,1
CUST001884,832,10,1,1,14.78,335,0
CUST002671,715,12,13,0,32.9,135,0
CUST003721,512,10,11,1,35.99,163,0
CUST003456,743,18,10,0,21.46,187,2
CUST003346,738,19,14,0,19.74,201,0
CUST002205,747,22,12,2,7.92,201,1
CUST003013,800,10,14,0,19.36,138,4
CUST004918,776,14,6,0,19.7,21,1
CUST001738,710,3,3,0,40.64,173,5
CUST001011,523,18,7,0,40.55,261,0
CUST003374,730,22,3,0,22.74,245,3
CUST000652,753,24,2,2,14.76,265,5
CUST001296,821,13,3,2,8.92,130,1
CUST004885,789,5,10,0,14.14,98,0
CUST000855,787,3,7,0,29.71,334,0
CUST002170,623,11,1,0,26.56,210,1
CUST002933,694,5,9,3,38.73,128,2
CUST002289,523,2,8,2,23.67,139,1
CUST001345,606,18,9,0,28.71,144,2
CUST003654,703,13,3,1,5.18,11,2
CUST002804,654,10,9,1,21.34,11,0
CUST000614,664,19,12,2,16.16,8,3
CUST003212,801,23,3,0,14.41,345,2
CUST001022,466,12,5,1,27.22,107,1
CUST000469,755,11,5,0,60.7,89,0
CUST002087,814,11,9,0,41.83,51,1
CUST004519,709,8,12,0,20.53,69,1
CUST001271,699,16,1,1,27.83,242,0
CUST003220,758,17,2,0,37.2,136,6
CUST003758,706,5,11,0,17.74,49,2
CUST000177,643,13,6,3,43.5,307,0
CUST003415,794,16,5,0,20.34,333,1
CUST000560,567,22,12,1,51.97,176,3
CUST000408,642,18,14,0,35.94,233,0
CUST004863,646,7,4,1,33.02,265,0
CUST004836,669,4,3,0,26.22,282,4
CUST004805,653,14,1,0,38.86,25,0
CUST003441,547,3,9,0,20.27,323,1
CUST000301,751,24,1,0,10.84,319,1
CUST004390,747,5,7,0,23.08,285,5
CUST001177,647,7,5,1,49.5,32,1
CUST002767,736,12,2,0,189.21,354,5
CUST004774,794,4,4,0,32.83,272,0
CUST002464,670,11,10,0,25.58,52,0
CUST001195,749,10,11,0,15.64,135,0
CUST003813,663,20,2,0,28.64,10,0
CUST004852,737,3,7,1,12.57,47,6
CUST004813,850,24,4,1,24.17,52,5
CUST004002,745,20,8,1,34.04,93,0
CUST004816,657,2,1,1,7.56,163,1
CUST003529,683,22,9,0,35.52,182,0
CUST003656,636,8,8,0,8.05,26,0
CUST002216,683,11,13,0,44.94,250,2
CUST001690,632,19,7,0,15.48,100,3
CUST002956,674,6,13,0,12.23,238,1
CUST002477,530,9,14,0,26.68,232,0
CUST004091,645,8,14,2,6.47,233,3
CUST004383,670,23,13,0,44.89,154,3
CUST000466,803,7,8,0,22.33,174,1
CUST003198,753,21,4,0,11.98,185,1
CUST004702,682,11,7,0,25.28,241,1
CUST003993,582,7,5,0,11.7,318,2
CUST004728,674,13,7,2,46.64,115,4
CUST003320,652,11,5,0,20.88,44,4
CUST001270,625,8,2,0,31.6,202,2
CUST004569,742,8,10,2,57.85,111,0
CUST004826,634,24,10,0,50.46,175,1
CUST003868,660,17,13,0,75.26,188,2
CUST003627,568,2,5,1,13.42,225,2
CUST000702,687,4,3,0,26.01,69,4
CUST001546,750,8,5,1,19.92,160,2
CUST002194,631,5,14,0,49.11,228,5
CUST004238,765,6,13,0,54.83,332,0
CUST000412,759,6,5,0,71.05,152,4
CUST003452,652,7,6,0,44.0,171,5
CUST002625,783,9,8,0,21.55,173,4
CUST004222,771,14,8,1,23.76,326,0
CUST001422,730,23,14,0,27.14,238,4
CUST001780,850,10,2,0,10.22,140,2
CUST002769,759,9,6,0,19.99,154,0
CUST004340,774,17,8,0,85.65,34,1
CUST003017,677,15,13,0,44.23,257,0
CUST002697,611,17,10,1,165.97,146,1
CUST000569,627,14,2,1,25.6,302,0
CUST002074,679,5,12,1,28.07,315,2
CUST003508,750,7,5,0,17.82,299,1
CUST002983,667,16,2,0,22.42,173,4
CUST003062,754,12,10,0,12.24,296,1
CUST002342,536,22,2,1,33.7,349,2
CUST002593,606,18,13,0,34.11,189,3
CUST003391,635,15,3,0,52.31,171,0
CUST002240,612,21,5,0,19.19,44,3
CUST000512,732,2,6,0,32.61,162,0
CUST001395,670,3,5,0,15.96,29,0
CUST004283,619,24,11,0,47.57,252,1
CUST002083,731,7,8,0,37.23,351,1
CUST004227,814,23,7,0,8.62,49,5
CUST000892,736,6,5,1,28.25,7,1
CUST004927,634,3,8,0,25.64,182,1
CUST001873,702,5,4,0,45.33,75,3
CUST002222,626,14,4,2,42.66,63,0
CUST000743,747,5,6,0,29.19,217,2
CUST001849,698,20,5,0,44.04,358,0
CUST003815,786,12,12,0,11.89,295,1
CUST001739,688,9,6,1,28.83,232,4
CUST000630,698,18,2,0,8.51,280,1
CUST004293,562,8,1,0,20.17,328,4
CUST000320,531,24,14,1,31.26,98,0
CUST000367,703,8,13,0,16.51,48,0
CUST004730,552,5,7,0,41.96,313,2
CUST001460,614,5,14,2,56.74,256,0
CUST003506,711,12,11,0,21.51,124,2
CUST001608,652,6,2,0,6.9,263,1
CUST001535,593,8,3,0,43.6,93,5
CUST002735,631,15,3,0,8.38,88,1
CUST004020,800,24,9,0,33.72,150,3
CUST002878,690,3,4,1,20.16,96,2
CUST001545,717,9,6,0,4.35,85,0
CUST004259,688,23,11,2,35.43,279,2
CUST004762,799,11,8,0,28.42,186,1
CUST004427,709,15,6,1,50.72,88,5
CUST001988,728,16,13,1,22.15,46,1
CUST001146,545,12,6,3,18.13,245,1
CUST002653,671,8,13,0,18.6,231,2
CUST000423,664,20,10,0,20.72,314,1
CUST002258,590,7,14,0,10.6,304,1
CUST003685,567,8,2,0,8.6,42,1
CUST002195,656,23,8,0,38.36,36,2
CUST000874,850,5,11,0,18.07,153,0
CUST001455,598,15,1,2,32.6,76,0
CUST001257,698,6,14,0,1.86,113,3
CUST000372,670,12,7,2,17.85,56,4
CUST003425,727,17,12,0,29.66,43,2
CUST003266,833,8,9,0,10.62,336,0
CUST004202,515,17,9,0,67.94,242,1
CUST000302,605,19,10,0,3.67,177,0
CUST000666,803,10,12,0,11.57,55,1
CUST002286,710,9,3,0,50.13,352,0
CUST000341,641,15,1,0,9.41,141,0
CUST004908,648,9,8,3,4.27,315,0
CUST004361,548,7,3,2,106.65,301,3
CUST000212,707,12,8,0,38.25,52,0
CUST002068,687,21,10,0,14.58,9,0
CUST003066,681,14,11,0,12.03,213,0
CUST003339,638,22,7,0,61.32,309,1
CUST003485,698,23,8,1,18.77,331,0
CUST003986,606,23,5,0,16.65,117,1
CUST002271,630,2,4,0,24.31,77,2
CUST002112,709,2,9,2,42.38,106,1
CUST003345,647,10,2,0,20.42,214,2
CUST001120,685,6,3,1,23.48,34,1
CUST001220,647,8,2,1,40.06,196,0
CUST000228,717,16,13,0,16.73,75,2
CUST003848,638,7,2,0,23.62,98,0
CUST001261,704,21,4,0,25.88,42,1
CUST004502,741,2,6,0,45.96,251,6
CUST004384,676,7,4,0,13.57,148,0
CUST001131,663,12,7,0,1.21,136,3
CUST004957,645,16,12,1,17.49,80,1
CUST002371,664,23,13,0,62.75,66,4
CUST001313,798,19,8,0,15.77,298,4
CUST003402,767,23,7,0,37.96,321,2
CUST000620,0,11,4,0,23.87,147,0
CUST001324,640,11,13,0,12.53,251,5
CUST004912,786,19,1,2,17.63,25,3
CUST002299,999,9,5,0,43.7,311,5
CUST002808,537,7,3,0,25.61,278,5
CUST001969,673,24,7,3,5.84,102,1
CUST004131,693,16,4,1,7.56,188,0
CUST003144,644,2,10,2,15.67,168,1
CUST000641,558,20,5,0,40.31,45,0
CUST004376,613,19,9,2,22.53,145,1
CUST001890,790,5,3,0,19.93,167,1
CUST004050,604,24,9,1,21.59,131,1
CUST003964,629,9,1,0,22.83,239,0
CUST002669,691,9,11,2,23.06,304,3
CUST001593,679,6,4,0,22.02,253,1
CUST002641,637,17,2,0,22.28,349,2
CUST002396,741,12,7,1,35.67,36,0
CUST003750,739,12,3,3,56.15,184,2
CUST002524,609,15,4,0,9.97,327,1
CUST004755,575,12,7,0,18.13,125,2
CUST002764,715,14,12,0,18.59,184,4
CUST000866,674,23,13,1,28.41,269,2
CUST001610,0,9,6,0,15.15,132,1
CUST001121,676,15,12,2,9.63,10,2
CUST004916,638,21,11,1,28.43,51,2
CUST002284,664,2,14,0,25.93,332,1
CUST003712,787,22,4,0,14.55,351,3
CUST001921,625,20,7,1,24.44,172,1
CUST001247,663,6,14,0,72.27,47,1
CUST001185,571,5,13,1,43.3,90,1
CUST002801,559,5,13,0,19.73,281,5
CUST001475,581,3,10,1,41.32,195,1
CUST001234,535,9,14,0,11.87,75,0
CUST000338,584,17,6,3,5.74,21,0
CUST003389,716,15,8,1,22.33,40,0
CUST002156,734,17,11,0,47.86,307,0
CUST003175,580,10,14,0,22.72,70,4
CUST003170,581,9,11,0,59.61,158,2
CUST002071,670,14,10,0,29.52,108,0
CUST003390,850,6,11,0,54.15,8,3
CUST003104,624,14,9,0,16.92,264,1
CUST002907,655,14,5,0,31.33,330,0
CUST000674,782,6,14,0,16.32,23,1
CUST001657,771,15,6,0,82.65,171,0
CUST001505,739,10,9,2,18.38,193,0
CUST004674,760,18,4,3,0.86,153,1
CUST000376,779,20,10,1,22.66,213,1
CUST004032,638,6,7,0,55.49,357,1
CUST003127,720,9,14,0,28.95,18,0
CUST000989,648,20,1,0,56.3,79,2
CUST003647,613,4,12,1,21.74,72,6
CUST000678,723,24,11,1,65.2,82,5
CUST001537,662,12,11,0,68.76,233,6
CUST002497,669,11,12,0,15.65,112,1
CUST001075,773,21,4,0,66.46,202,0
CUST001749,709,7,12,0,16.53,239,2
CUST002796,667,22,12,0,12.83,18,2
CUST000694,671,20,12,2,2.85,28,5
CUST003047,570,15,14,0,20.61,56,0
CUST004475,734,3,10,0,17.05,176,6
CUST003313,669,6,12,0,40.42,120,0
CUST003629,661,14,8,0,33.75,144,0
CUST004756,808,13,11,0,9.73,123,2
CUST001561,744,9,3,2,6.78,95,1
CUST004729,696,19,2,1,24.26,357,0
CUST001230,711,18,12,0,33.87,207,0
CUST004546,769,12,13,0,45.09,26,0
CUST003329,663,16,3,0,40.13,295,6
CUST002731,738,6,7,0,22.77,86,1
CUST003849,595,21,12,0,15.65,354,3
CUST002486,699,20,5,0,51.95,7,0
CUST003172,549,14,8,0,29.41,24,0
CUST003726,692,21,13,0,8.18,287,1
CUST001442,780,18,1,1,16.41,337,2
CUST004134,638,20,7,0,52.8,356,4
CUST004493,684,5,5,1,12.07,233,0
CUST000546,624,6,5,1,23.53,268,0
CUST000498,698,2,11,0,4.58,278,0
CUST000148,591,13,13,0,30.89,107,0
CUST004968,590,11,5,0,5.61,264,1
CUST001335,717,14,8,0,21.59,245,2
CUST001551,603,20,3,3,15.11,194,0
CUST003142,801,17,1,0,29.75,312,4
CUST001035,797,3,1,0,31.25,194,1
CUST001062,602,10,8,3,32.7,236,1
CUST004422,850,6,14,0,36.46,169,3
CUST000663,676,12,12,2,31.96,13,0
CUST000933,681,5,12,0,18.14,82,1
CUST001533,747,20,13,1,45.3,95,1
CUST001221,790,9,5,0,30.96,184,1
CUST004652,788,17,4,0,4.26,12,1
CUST004231,843,18,4,0,54.66,84,2
CUST001398,714,12,5,0,32.07,173,1
CUST000167,713,10,7,0,48.37,10,2
CUST003457,716,10,14,0,22.56,118,1
CUST004039,693,8,6,0,67.78,353,1
CUST003715,569,2,7,0,41.51,339,1
CUST004578,516,4,11,0,30.55,274,1
CUST003996,600,10,11,0,18.39,255,3
CUST002761,747,17,11,0,17.81,321,3
CUST000433,664,15,4,0,16.69,285,0
CUST001029,595,22,1,0,7.78,223,0
CUST003570,775,16,4,1,41.1,330,0
CUST004097,632,5,3,0,17.54,117,0
CUST001702,497,16,10,0,42.08,236,1
CUST004109,582,12,6,0,17.36,220,0
CUST002859,635,18,8,2,52.98,286,2
CUST003343,616,10,3,0,37.16,335,1
CUST004113,670,24,8,0,5.09,275,0
CUST003719,701,14,2,1,34.28,238,0
CUST004953,703,4,7,0,18.5,261,0
CUST000092,669,3,3,0,17.36,327,4
CUST004466,756,4,11,0,13.62,131,3
CUST000024,767,17,10,1,50.99,168,1
CUST001726,722,15,3,1,33.42,174,0
CUST002234,762,5,8,0,62.5,164,1
CUST001612,565,4,10,1,15.83,240,1
CUST004737,518,17,2,0,27.64,57,1
CUST004430,600,19,12,0,52.51,176,0
CUST001632,707,7,9,0,10.11,26,1
CUST002173,759,17,8,0,45.79,160,4
CUST001431,595,21,4,2,41.28,51,1
CUST001762,710,9,9,1,46.37,291,2
CUST004499,758,3,1,1,4.16,48,6
CUST003810,644,2,14,0,55.58,194,1
CUST002963,637,14,11,0,37.88,263,1
CUST003691,740,19,10,1,28.76,18,0
CUST002221,616,22,9,0,68.5,261,0
CUST001855,617,6,14,0,7.73,38,1
CUST004838,655,2,8,2,34.02,296,2
CUST002204,662,17,8,0,66.82,138,1
CUST003751,648,15,1,0,31.31,62,0
CUST000876,448,16,8,2,50.99,356,1
CUST000081,689,11,1,2,20.91,42,1
CUST002019,799,17,10,0,8.72,91,0
CUST003373,664,10,13,2,49.91,234,0
CUST004038,598,5,1,0,54.4,220,0
CUST002055,737,12,2,0,43.18,302,1
CUST001264,649,20,2,0,30.07,165,0
CUST003225,624,17,14,1,19.33,75,0
CUST000712,757,10,5,0,8.28,225,0
CUST000797,641,13,7,0,22.91,9,0
CUST003666,699,22,6,0,41.83,178,2
CUST001811,765,3,4,0,31.17,270,0
CUST001379,689,12,1,0,44.44,354,3
CUST004347,999,20,13,0,23.55,177,4
CUST002259,717,9,5,1,21.63,116,0
CUST001542,491,12,4,0,50.25,271,1
CUST002164,741,17,9,0,23.1,245,0
CUST000842,618,24,6,0,6.28,178,1
CUST000051,688,21,5,0,33.96,23,0
CUST003337,683,10,13,0,23.31,336,1
CUST001753,707,12,4,0,37.09,75,0
CUST002892,705,14,5,0,16.26,224,0
CUST000573,611,18,3,0,56.26,279,0
CUST002639,634,12,8,3,27.16,80,2
CUST003279,616,12,9,0,17.38,327,0
CUST002171,648,24,1,0,18.69,184,5
CUST000356,548,23,12,0,23.9,87,0
CUST003293,465,19,5,0,21.53,52,1
CUST002945,716,13,11,0,38.74,276,2
CUST001829,799,10,6,0,23.33,251,0
CUST001287,591,24,3,0,13.49,13,0
CUST000869,734,24,3,1,48.13,148,1
CUST000843,572,21,6,0,13.95,355,2
CUST004562,677,8,13,1,104.98,96,2
CUST004965,727,10,8,0,2.96,11,3
CUST000615,821,11,2,0,68.7,282,0
CUST002247,686,11,12,1,24.95,9,0
CUST003511,586,16,10,0,23.76,208,2
CUST004606,681,6,7,0,190.33,282,0
CUST003190,695,13,12,2,6.69,110,0
CUST003120,850,20,1,0,29.23,92,3
CUST001661,850,4,1,1,17.48,230,1
CUST002415,736,10,13,0,18.25,338,3
CUST004110,633,19,12,0,49.55,248,2
CUST002679,692,2,2,0,34.76,112,0
CUST004257,585,15,9,3,53.36,198,0
CUST004394,611,4,5,2,4.98,37,0
CUST002580,771,7,1,0,39.68,167,0
CUST002828,750,17,6,1,71.03,233,1
CUST001703,723,4,2,0,51.52,232,2
CUST004576,640,18,12,0,34.63,75,0
CUST002561,542,6,14,1,24.3,16,3
CUST001692,671,23,11,0,28.11,322,4
CUST001105,595,17,9,0,16.46,224,0
CUST001110,608,24,12,0,9.8,343,0
CUST001937,729,14,14,0,28.59,319,1
CUST000006,850,12,7,0,12.49,9,0
CUST002159,671,13,1,0,9.51,139,1
CUST000929,696,11,4,1,53.92,193,4
CUST004078,597,11,10,3,50.01,172,1
CUST003095,612,21,11,0,42.39,302,0
CUST004862,670,17,1,1,22.88,61,0
CUST002570,476,15,7,1,24.02,92,2
CUST000263,597,2,5,0,43.02,188,2
CUST002655,725,8,5,0,11.77,166,1
CUST000543,814,10,9,2,38.55,156,2
CUST001252,713,14,7,0,42.98,158,1
CUST004861,622,10,12,0,19.25,295,0
CUST004840,580,23,14,3,14.91,161,0
CUST002727,660,19,4,2,27.67,164,1
CUST003477,665,16,1,0,31.57,278,3
CUST003547,616,18,4,0,7.39,279,4
CUST003149,743,3,8,0,40.36,227,0
CUST002442,573,10,1,1,62.63,313,4
CUST001613,624,14,10,0,29.57,220,0
CUST004111,650,22,7,0,4.12,69,1
CUST000184,850,15,6,0,28.21,189,1
CUST001235,752,10,11,0,22.87,53,2
CUST003979,716,16,12,1,32.5,51,1
CUST000410,742,3,3,3,13.63,93,0
CUST001322,698,3,10,1,28.9,19,0
CUST001606,701,22,7,0,45.56,273,0
CUST002502,663,6,13,1,21.38,142,0
CUST001617,777,17,8,1,6.37,269,2
CUST001708,691,14,2,1,118.0,134,1
CUST003242,642,11,8,0,26.59,209,1
CUST001644,757,8,10,0,60.04,271,1
CUST001936,664,4,12,0,13.23,330,1
CUST003091,677,20,6,0,24.92,347,0
CUST004210,663,24,14,0,41.59,283,0
CUST003249,808,16,5,0,12.58,297,3
CUST000399,670,2,11,2,13.61,335,2
CUST003324,699,11,13,0,30.45,260,0
CUST002235,469,22,10,0,8.12,84,0
CUST003554,670,10,5,1,67.06,355,0
CUST004451,694,21,7,0,17.39,240,0
CUST004824,795,20,4,0,31.92,254,6
CUST002574,732,22,12,0,25.26,243,1
CUST002550,675,19,10,0,35.63,195,0
CUST001527,664,8,1,0,11.29,342,2
CUST002890,490,21,5,0,26.32,73,1
CUST000956,628,6,11,1,52.78,15,3
CUST002922,686,22,7,0,39.47,266,1
CUST004510,514,17,10,0,11.51,190,3
CUST000647,706,17,1,2,40.22,122,3
CUST003896,783,8,14,0,21.32,34,0
CUST001453,788,10,5,1,20.92,234,3
CUST004999,619,9,1,0,46.18,331,0
CUST004226,805,12,10,0,10.61,180,0
CUST004766,668,8,13,3,23.35,250,0
CUST003215,605,9,7,1,25.68,150,4
CUST002904,646,13,1,0,15.91,236,1
CUST001216,683,21,9,0,24.19,258,0
CUST000740,502,22,12,0,26.34,100,0
CUST003947,763,3,10,0,19.49,230,0
CUST002861,526,22,3,3,36.66,38,0
CUST001810,663,19,10,0,65.63,214,0
CUST003321,763,14,2,0,36.62,61,0
CUST002778,678,2,8,0,36.91,260,0
CUST003971,721,3,4,0,58.73,309,0
CUST001006,782,2,3,1,25.87,99,1
CUST004314,745,23,12,0,30.36,144,1
CUST003030,701,10,6,0,9.17,192,0
CUST002376,850,22,10,0,51.75,135,0
CUST003087,565,8,1,0,16.98,212,1
CUST000063,712,23,1,0,11.04,210,2
CUST003315,726,20,7,0,46.24,295,2
CUST002304,537,2,7,0,34.35,72,4
CUST002094,631,19,10,0,67.34,169,0
CUST000692,596,23,8,1,27.06,43,0
CUST000089,683,22,7,0,1.12,229,1
CUST000871,649,24,5,0,26.09,145,0
CUST000961,836,7,10,0,7.78,140,0
CUST001143,768,4,7,0,12.88,214,0
CUST002032,704,13,2,1,36.34,185,1
CUST000739,676,22,7,0,17.84,182,2
CUST002548,501,12,6,0,3.65,157,0
CUST004639,542,8,13,0,33.72,192,1
CUST000781,714,15,8,1,29.84,335,0
CUST004732,696,22,13,0,39.98,147,1
CUST004556,538,4,7,0,25.28,21,2
CUST002264,729,22,12,0,44.04,11,0
CUST002715,646,24,7,3,11.44,234,0
CUST000426,591,9,6,0,50.17,158,1
CUST000891,698,24,1,0,12.55,126,0
CUST002138,725,6,13,0,38.73,52,4
CUST004271,626,4,6,0,52.64,184,2
CUST003612,730,23,14,0,52.13,331,1
CUST004082,618,11,7,1,62.61,37,2
CUST000642,637,23,2,1,35.14,178,0
CUST000162,480,24,3,0,11.5,189,0
CUST000102,706,8,11,0,23.72,110,1
CUST003787,547,6,7,0,38.68,58,5
CUST000417,600,15,7,3,44.84,300,2
CUST003667,638,12,12,0,6.5,95,0
CUST002826,768,9,11,0,6.54,176,3
CUST003931,635,4,1,1,20.58,303,1
CUST002684,773,7,2,0,27.24,194,1
CUST003769,559,18,14,0,46.63,270,1
CUST000626,719,13,11,3,54.23,330,2
CUST003744,747,5,9,0,29.44,221,5
CUST002951,673,12,7,0,16.87,100,0
CUST001973,765,12,3,1,31.81,243,1
CUST002110,653,17,7,1,54.22,270,3
CUST002199,685,20,8,1,60.28,64,3
CUST004808,459,5,8,0,31.34,224,3
CUST004120,639,14,2,0,45.76,170,1
CUST004817,589,5,4,0,25.16,99,4
CUST000594,754,20,9,0,52.18,313,0
CUST002944,746,19,13,0,14.68,197,0
CUST003100,774,19,13,0,18.49,56,0
CUST000854,492,24,11,0,21.28,96,1
CUST003855,694,2,5,2,31.53,61,2
CUST001166,706,4,9,0,23.21,156,1
CUST003917,529,7,5,1,21.28,340,4
CUST001528,563,11,1,0,51.24,82,0
CUST002693,850,12,14,0,39.27,77,3
CUST001735,740,20,14,0,9.54,21,2
CUST000351,651,2,5,0,54.53,92,0
CUST004620,767,14,14,1,23.34,194,1
CUST001242,583,4,4,0,43.06,31,2
CUST002939,701,14,11,0,35.28,314,3
CUST003510,738,21,1,0,21.86,35,2
CUST003058,566,2,4,0,36.24,215,4
CUST001137,605,21,3,0,49.83,23,1
CUST002367,677,10,7,1,56.48,300,1
CUST002394,774,11,12,0,34.16,50,1
CUST003275,811,3,13,1,29.0,43,1
CUST004138,807,20,9,0,67.27,297,1
CUST001489,740,22,2,0,24.88,359,0
CUST000120,684,16,4,2,19.98,224,2
CUST001308,850,7,10,0,30.74,267,3
CUST001369,699,6,8,0,48.66,282,5
CUST004611,726,6,9,1,50.1,137,1
CUST001808,775,22,5,0,19.42,281,2
CUST003776,606,2,8,0,49.66,68,3
CUST003774,761,23,14,0,47.17,118,2
CUST001688,611,24,13,1,25.61,348,0
CUST002865,757,22,6,0,57.69,239,2
CUST000575,765,20,2,0,47.74,116,5
CUST002879,732,12,7,0,34.18,54,1
CUST001943,698,14,11,1,27.28,354,2
CUST000860,797,8,10,1,34.38,234,0
CUST001504,999,15,2,0,12.5,161,2
CUST004017,639,16,10,0,19.74,314,0
CUST004566,611,24,7,0,6.53,267,3
CUST001176,666,20,10,0,30.01,35,0
CUST004469,668,6,7,0,21.39,171,0
CUST001577,665,24,1,3,10.15,229,0
CUST000370,850,23,9,1,26.88,81,1
CUST003282,638,23,10,0,49.45,33,0
CUST003768,669,4,10,1,14.52,259,0
CUST003632,834,12,13,0,30.42,356,1
CUST001653,749,22,12,1,21.73,61,1
CUST001652,711,14,9,0,4.71,312,0
CUST000170,798,19,6,0,49.95,271,0
CUST002406,600,19,7,2,14.92,143,1
CUST004667,777,17,3,2,50.22,71,4
CUST004971,793,20,14,1,11.73,190,1
CUST001693,808,8,11,1,25.75,297,1
CUST000116,727,11,8,1,37.67,50,1
CUST002336,647,3,3,0,17.23,292,0
CUST003597,775,5,12,0,25.65,257,3
CUST002937,581,21,6,0,32.83,101,0
CUST000200,740,16,14,0,47.34,27,0
CUST001227,719,2,8,0,34.49,149,0
CUST004625,706,5,14,1,44.05,178,2
CUST001759,675,24,13,0,32.3,113,0
CUST000800,808,14,12,0,22.62,213,1
CUST001649,726,9,2,0,47.44,249,0
CUST004044,753,23,8,0,36.02,75,2
CUST003181,688,7,5,2,47.26,149,0
CUST003331,773,9,5,1,5.34,92,0
CUST000906,653,2,8,0,2.47,135,2
CUST002355,588,3,2,0,43.06,34,0
CUST003010,640,4,11,0,67.68,49,1
CUST004321,632,3,3,1,67.27,286,0
CUST000975,498,11,9,1,14.08,177,2
CUST000128,681,6,11,0,33.21,328,1
CUST003760,571,15,12,0,14.46,29,3
CUST004777,657,18,13,1,49.17,303,2
CUST002416,683,2,14,1,22.48,18,1
CUST003380,626,16,9,0,55.49,112,0
CUST001471,693,23,9,1,20.19,17,1
CUST001731,666,5,3,0,38.18,32,0
CUST004353,599,20,1,0,20.36,338,0
CUST004706,622,11,7,0,19.53,246,0
CUST001821,733,4,1,2,36.23,175,1
CUST002013,717,9,10,0,57.87,222,1
CUST003375,850,19,6,1,19.31,77,2
CUST003939,623,3,3,2,22.0,254,3
CUST004964,662,8,3,0,25.27,272,4
CUST004842,622,11,13,1,42.4,281,0
CUST003954,595,21,12,2,18.55,69,1
CUST000317,621,21,7,0,23.84,254,1
CUST000246,611,8,1,0,26.56,86,2
CUST001337,694,15,8,2,18.48,274,2
CUST000753,630,11,9,0,33.42,65,0
CUST001990,640,15,6,0,41.04,284,0
CUST003696,629,2,8,0,25.51,237,0
CUST002328,628,10,6,0,32.89,119,0
CUST000119,662,20,4,3,35.96,131,0
CUST000386,850,7,14,0,29.87,168,0
CUST002809,713,22,12,1,65.04,305,1
CUST000783,731,23,1,0,31.26,127,2
CUST001202,523,20,4,0,28.22,289,0
CUST002576,679,16,7,1,46.21,15,0
CUST000530,622,4,14,0,8.47,346,1
CUST004063,706,22,2,0,28.56,240,2
CUST003806,754,5,8,3,15.77,197,3
CUST000406,686,16,12,1,15.12,257,0
CUST001750,668,20,11,1,36.12,137,1
CUST003223,672,14,9,0,30.55,240,2
CUST001237,657,19,1,0,74.92,38,0
CUST003108,511,11,12,1,23.06,207,0
CUST004463,660,18,14,1,32.67,65,1
CUST000700,598,20,8,0,12.02,31,6
CUST004151,491,21,13,0,8.94,354,0
CUST001403,696,2,14,0,9.68,339,0
CUST004931,550,7,10,0,28.73,157,3
CUST001275,687,12,3,0,113.06,359,4
CUST002278,621,23,4,0,11.15,60,2
CUST002665,574,21,6,0,29.07,258,1
CUST004536,738,3,5,3,161.54,47,3
CUST004242,726,9,4,0,37.99,354,1
CUST002753,720,18,6,0,24.0,359,0
CUST001112,640,21,7,0,23.98,185,4
CUST003209,594,5,9,1,28.26,324,2
CUST002249,631,17,11,1,42.0,77,0
CUST003713,666,20,12,2,41.93,100,0
CUST002436,569,5,9,0,21.12,317,2
CUST002676,711,2,2,2,26.94,296,3
CUST001047,0,12,9,0,27.96,31,6
CUST002037,650,14,14,0,23.59,133,0
CUST004617,677,13,12,0,12.81,165,3
CUST004362,829,9,4,0,8.45,121,0
CUST003919,734,21,2,2,11.09,349,2
CUST003369,701,16,8,0,24.4,279,0
CUST003739,633,21,4,0,39.04,211,1
CUST003376,761,2,13,1,33.23,152,1
CUST001197,685,11,2,1,39.56,103,3
CUST000978,999,24,14,1,25.84,218,1
CUST003659,468,3,3,0,44.5,58,2
CUST000062,763,10,9,0,27.96,320,3
CUST000034,691,11,11,0,30.85,252,0
CUST000445,628,4,6,0,30.78,110,0
CUST002272,750,7,10,0,9.17,246,0
CUST002338,711,2,13,1,56.88,16,0
CUST000439,755,14,10,0,24.74,40,0
CUST004609,621,7,5,0,29.2,105,0
CUST004127,637,10,12,0,55.18,170,0
CUST001609,644,2,7,0,47.28,348,0
CUST000011,611,14,2,3,56.91,338,0
CUST000098,657,6,11,0,44.16,238,0
CUST001686,740,22,9,2,32.73,61,2
CUST002766,618,12,10,0,2.99,270,6
CUST001183,705,6,9,1,41.4,140,0
CUST000837,512,14,10,0,58.41,203,2
CUST001016,713,24,10,0,16.9,268,0
CUST004511,713,3,8,0,28.18,16,3
CUST001304,641,2,2,1,13.75,338,0
CUST004505,634,22,6,3,20.76,356,0
CUST004765,754,6,4,1,9.79,198,1
CUST004031,589,9,3,0,17.35,99,6
CUST002294,810,20,12,0,14.56,330,0
CUST003472,672,22,3,0,37.21,154,0
CUST003229,635,6,14,0,2.98,221,2
CUST004460,542,5,9,0,46.77,106,3
CUST004768,731,21,4,0,23.47,42,3
CUST004553,686,3,8,0,52.94,250,3
CUST002372,730,3,1,0,28.41,323,0
CUST004686,790,5,10,0,41.09,165,0
CUST001874,619,24,12,0,24.16,45,2
CUST003786,646,16,4,0,62.38,93,1
CUST003922,600,4,8,0,115.04,236,1
CUST004847,620,13,8,0,20.77,12,0
CUST001863,764,23,10,1,22.78,334,0
CUST001040,744,6,5,0,29.61,98,4
CUST001941,689,3,7,2,28.13,91,2
CUST000608,724,15,9,0,43.53,338,0
CUST002897,823,23,3,0,30.27,242,1
CUST002471,649,24,3,0,22.48,323,1
CUST004712,746,20,11,0,34.09,310,1
CUST000944,730,21,8,0,37.24,358,5
CUST001839,618,20,4,1,18.15,10,1
CUST004156,670,4,3,1,31.18,206,1
CUST004181,627,21,11,0,11.99,223,0
CUST002017,800,3,10,0,54.06,336,0
CUST002255,589,13,9,0,27.4,223,1
CUST004165,512,3,12,3,27.65,322,4
CUST002051,554,6,10,3,3.98,81,5
CUST004180,635,16,10,1,15.85,232,3
CUST004047,702,8,14,0,20.95,110,3
CUST003245,561,14,12,2,17.51,237,0
CUST003024,699,16,10,0,62.11,123,4
CUST003202,709,22,8,0,31.59,21,4
CUST003694,649,19,13,0,21.89,284,0
CUST002091,666,8,6,0,21.62,86,1
CUST002267,720,11,4,0,24.56,309,0
CUST000780,702,5,1,0,14.75,333,2
CUST003757,690,8,14,2,12.31,110,0
CUST003802,521,23,14,0,103.09,247,2
CUST002450,631,24,8,0,56.84,218,3
CUST001861,587,6,4,0,14.19,289,0
CUST001769,728,4,2,0,42.81,42,0
CUST003650,642,24,6,0,16.09,288,0
CUST004397,796,9,14,0,5.43,316,3
CUST001993,776,20,10,0,46.83,51,0
CUST002998,787,21,1,2,9.74,76,3
CUST004209,650,18,7,2,14.97,44,1
CUST001587,628,17,9,0,16.34,200,0
CUST002025,651,7,6,0,54.14,132,0
CUST001893,755,14,5,0,8.82,182,0
CUST002382,773,8,12,0,6.48,174,0
CUST002273,659,19,3,0,21.54,180,0
CUST004934,770,23,10,0,11.14,347,2
CUST002885,661,9,7,0,42.75,265,0
CUST004727,695,12,11,0,23.6,66,0
CUST002346,644,10,2,0,20.34,43,2
CUST004839,840,5,1,1,15.77,191,1
CUST001019,829,13,11,0,52.86,338,0
CUST000535,743,8,2,0,44.83,202,0
CUST001338,660,10,4,0,14.9,355,0
CUST001281,542,10,12,0,5.26,214,4
CUST000355,685,18,4,0,22.95,88,1
CUST004937,726,13,2,0,40.66,272,2
CUST001106,566,8,14,0,38.07,346,2
CUST004185,820,17,4,0,35.78,92,1
CUST000916,793,24,5,1,46.45,159,0
CUST003593,607,17,8,0,181.14,219,4
CUST004745,691,5,5,3,25.85,66,1
CUST003901,697,19,1,1,12.48,257,0
CUST002281,676,3,11,1,28.84,14,2
CUST001284,700,22,14,1,52.41,358,3
CUST002807,629,2,10,0,13.66,42,2
CUST000365,670,23,7,1,20.65,159,1
CUST004998,692,14,8,0,11.7,63,6
CUST000093,630,15,14,0,23.61,84,0
CUST000379,738,15,12,0,44.5,89,0
CUST002525,681,16,4,0,51.23,164,0
CUST004407,640,15,1,0,60.67,315,0
CUST004492,607,20,10,0,2.53,69,1
CUST001473,730,24,10,0,29.2,225,1
CUST002652,687,24,4,0,34.81,256,0
CUST003344,619,23,10,1,19.82,176,0
CUST000444,654,6,4,0,4.59,6,1
CUST001952,651,20,5,1,30.54,336,1
CUST003953,747,11,8,1,127.62,46,3
CUST004223,802,7,4,0,7.81,54,0
CUST002579,668,4,1,0,25.19,201,0
CUST004618,709,20,1,0,11.97,261,0
CUST004926,730,23,4,0,74.55,63,0
CUST004663,587,8,10,0,16.76,225,0
CUST004358,684,14,11,2,21.39,33,3
CUST002955,715,6,14,0,19.05,97,0
CUST004955,721,21,13,0,35.43,61,4
CUST000389,659,18,7,0,31.18,24,2
CUST004975,575,24,11,1,2.67,286,0
CUST003820,719,21,5,0,22.75,48,0
CUST001260,699,23,7,0,20.94,67,0
CUST004446,746,5,13,0,8.75,196,0
CUST002452,512,20,10,0,41.55,280,2
CUST002177,682,5,5,0,14.54,316,0
CUST004230,653,24,9,1,11.25,344,0
CUST003746,640,12,9,0,6.53,351,2
CUST000293,582,2,13,0,35.88,20,1
CUST002384,601,4,12,0,34.03,24,3
CUST003052,691,17,3,0,57.22,272,0
CUST002027,620,20,8,0,46.49,16,0
CUST002716,602,8,10,1,28.2,235,0
CUST004077,675,17,5,0,46.54,240,0
CUST000574,614,16,5,1,17.92,323,3
CUST004296,674,6,7,0,18.78,357,0
CUST003804,671,18,13,1,30.5,333,0
CUST000182,695,13,1,0,17.1,184,3
CUST003516,604,11,1,1,53.14,247,0
CUST002039,747,5,11,0,13.06,263,0
CUST001857,740,7,8,1,44.25,64,0
CUST001583,676,6,2,1,7.69,337,4
CUST001327,705,10,5,0,62.21,98,3
CUST001513,714,12,9,1,24.27,84,0
CUST001396,724,8,1,0,55.05,57,2
CUST004946,720,10,4,0,50.16,290,5
CUST003747,716,23,5,0,29.68,174,0
CUST002608,702,6,13,0,10.06,54,2
CUST001823,710,2,10,1,55.68,166,0
CUST004789,508,16,14,1,42.1,122,1
CUST001445,589,18,6,0,13.82,19,0
CUST000880,724,23,8,0,24.14,38,1
CUST002241,594,11,6,0,26.62,20,2
CUST002135,680,17,12,1,5.73,28,2
CUST000953,614,4,13,0,39.32,321,4
CUST000886,698,15,9,0,27.55,216,0
CUST004095,424,11,3,0,37.21,267,0
CUST001791,702,9,10,3,26.31,288,0
CUST002577,667,18,13,0,31.24,145,1
CUST004600,602,12,5,1,39.9,96,1
CUST000888,751,18,9,0,25.6,304,0
CUST004476,999,2,8,2,15.45,60,6
CUST000488,508,20,7,0,67.7,286,2
CUST004055,626,13,3,0,31.89,306,0
CUST003975,558,24,9,0,56.49,345,1
CUST002888,538,7,9,0,36.25,70,3
CUST000899,687,7,14,0,11.64,99,0
CUST002913,593,18,3,0,25.82,207,1
CUST002965,593,18,9,0,26.71,269,2
CUST002327,618,14,1,1,27.0,143,0
CUST003809,674,11,1,0,57.66,259,3
CUST000424,768,20,11,0,16.71,69,0
CUST000360,705,19,1,1,40.43,354,1
CUST003433,703,2,3,3,27.54,270,5
CUST002161,612,3,13,0,38.4,242,1
CUST000474,750,13,8,0,30.73,345,4
CUST001389,765,24,6,1,56.22,116,4
CUST003652,749,12,7,1,30.41,222,1
CUST001198,619,6,6,0,33.04,90,4
CUST001113,743,10,13,0,9.61,110,0
CUST003267,776,17,1,0,25.8,210,0
CUST002886,745,12,12,2,26.85,282,3
CUST002833,665,5,5,2,45.4,82,1
CUST004923,612,10,11,0,3.47,17,2
CUST003930,694,19,7,0,36.51,325,0
CUST000199,639,19,14,1,18.8,340,2
CUST002920,442,7,8,0,42.57,346,3
CUST001718,627,7,5,0,18.43,170,2
CUST000661,700,5,8,2,58.89,104,5
CUST002636,714,12,14,2,44.38,257,2
CUST000829,802,7,5,1,40.02,355,0
CUST002604,789,10,1,0,8.48,342,0
CUST001695,717,14,11,1,33.44,252,1
CUST004545,614,19,12,1,18.61,68,0
CUST004305,688,16,11,0,46.31,73,0
CUST000380,645,19,5,0,25.78,51,1
CUST000537,508,2,13,0,28.58,33,1
CUST002099,850,24,1,1,17.26,80,0
CUST000659,591,6,4,0,32.84,321,4
CUST004497,531,23,8,0,11.19,224,4
CUST004864,529,19,6,0,39.02,38,1
CUST000327,662,17,2,2,54.51,157,2
CUST000697,759,16,14,0,37.09,245,0
CUST002198,622,17,12,0,53.23,190,0
CUST001859,722,7,3,2,48.89,165,0
CUST004483,708,22,1,0,59.97,216,1
CUST004779,654,17,6,0,16.05,199,4
CUST002899,596,2,10,1,3.74,109,0
CUST003671,747,12,10,1,21.1,68,0
CUST004947,692,2,6,1,30.57,218,0
CUST000101,679,2,3,0,35.6,80,0
CUST002528,779,11,1,2,6.68,178,2
CUST004851,703,7,2,0,63.96,352,1
CUST003048,618,10,1,0,24.79,217,1
CUST004991,761,14,3,0,5.52,276,2
CUST003007,787,7,3,0,40.52,53,2
CUST002706,711,10,1,0,36.7,127,1
CUST004535,663,2,8,0,6.16,73,0
CUST001417,816,16,7,1,12.36,235,3
CUST004263,804,7,14,0,62.01,36,0
CUST000056,713,5,14,0,38.58,354,3
CUST003469,572,9,11,1,31.49,127,2
CUST002740,624,19,6,0,45.35,324,3
CUST001415,850,8,14,0,30.91,195,3
CUST001991,628,11,7,0,42.43,329,0
CUST000576,773,19,11,0,16.65,110,1
CUST001450,594,5,2,0,9.41,57,0
CUST001624,623,10,8,3,7.43,119,0
CUST002126,637,12,7,1,113.42,245,0
CUST004803,724,9,1,0,24.24,124,1
CUST003338,701,19,11,0,25.28,329,1
CUST002026,850,16,8,1,18.26,158,1
CUST000073,542,6,12,0,20.58,211,0
CUST002117,536,5,12,0,26.61,65,0
CUST001740,631,12,11,0,22.49,173,0
CUST000528,704,9,13,1,17.24,174,0
CUST002743,711,3,12,0,6.76,41,1
CUST004804,672,4,7,0,5.94,192,2
CUST000554,599,21,10,0,6.95,232,3
CUST001779,668,8,10,0,17.55,144,0
CUST001030,603,19,2,1,29.06,33,0
CUST000489,677,13,3,0,22.58,20,1
CUST003114,752,23,6,0,45.48,148,1
CUST000901,502,8,11,0,19.41,66,0
CUST002685,768,5,6,0,15.39,163,2
CUST004598,530,2,4,0,7.32,261,1
CUST004581,589,17,8,1,30.97,206,1
CUST003585,850,3,10,1,34.21,147,0
CUST003970,632,7,2,2,30.03,267,0
CUST000099,758,2,13,0,136.82,249,4
CUST003185,792,8,3,0,39.1,298,2
CUST001158,760,9,7,0,47.76,102,0
CUST001602,545,9,4,0,32.68,340,6
CUST001579,655,3,12,1,27.76,98,0
CUST000883,601,12,11,0,2.08,7,1
CUST004237,708,14,8,0,38.42,165,6
CUST001024,626,21,14,0,37.03,208,3
CUST000945,774,10,10,0,2.32,30,1
CUST002048,729,7,9,0,5.66,70,2
CUST003507,634,24,6,0,24.87,279,0
CUST000480,674,22,6,0,14.35,328,1
CUST002390,711,17,12,0,28.86,95,1
CUST000507,671,5,6,0,47.77,10,0
CUST004141,607,24,8,1,37.29,10,2
CUST000339,652,23,11,1,5.17,145,0
CUST002621,636,2,2,0,41.48,134,0
CUST001233,518,23,2,2,113.74,270,0
CUST000171,746,8,14,0,31.7,64,4
CUST003151,626,17,10,2,14.92,137,2
CUST001792,631,5,13,0,7.02,271,3
CUST003317,738,15,6,0,51.23,186,4
CUST000758,699,15,7,0,43.59,338,0
CUST003789,652,16,10,0,8.54,324,0
CUST003073,691,18,13,2,20.63,112,0
CUST001187,639,8,6,0,10.7,289,0
CUST002079,595,4,3,1,34.73,116,0
CUST002443,651,23,10,1,15.41,238,4
CUST003765,649,23,11,0,25.75,59,3
CUST003289,616,4,12,2,65.52,40,0
CUST002254,567,19,6,1,6.83,269,1
CUST000451,678,22,10,0,40.83,115,5
CUST000524,482,4,13,0,19.76,122,1
CUST003572,679,20,12,0,20.56,38,1
CUST001499,647,5,3,0,26.39,254,1
CUST000303,667,22,1,0,22.09,329,0
CUST000322,687,17,11,2,20.02,96,0
CUST000411,730,18,12,2,31.63,353,3
CUST002700,628,8,4,1,45.19,126,0
CUST002333,642,6,14,1,19.84,305,0
CUST001421,686,16,4,1,46.31,141,0
CUST002340,596,16,2,0,32.78,62,0
CUST003503,608,3,11,0,19.23,272,1
CUST000816,700,19,6,0,15.16,256,1
CUST000485,653,11,11,0,10.38,54,0
CUST003684,595,21,13,0,20.13,195,1
CUST004051,557,15,11,0,13.93,134,1
CUST002251,669,3,5,1,39.21,154,0
CUST002130,716,11,1,0,55.24,43,1
CUST002788,735,9,2,2,41.13,344,4
CUST001957,567,13,6,0,16.47,46,2
CUST003248,711,16,14,2,39.39,319,0
CUST004690,595,23,3,0,17.02,323,2
CUST003371,816,10,7,0,12.22,129,0
CUST001060,655,22,1,0,12.66,84,1
CUST001848,580,18,7,2,52.38,246,5
CUST002369,704,4,3,0,22.48,38,5
CUST003513,673,6,13,0,21.62,94,3
CUST003281,736,11,6,1,16.91,79,0
CUST003687,697,6,1,0,58.52,274,2
CUST000127,813,24,11,0,13.32,354,0
CUST000158,649,6,1,0,71.97,46,4
CUST000958,749,10,1,0,28.29,207,1
CUST004146,627,6,6,0,21.82,359,1
CUST003416,697,23,2,0,23.21,174,0
CUST004207,641,24,10,0,1.49,42,1
CUST001482,768,24,8,3,27.77,76,0
CUST000520,756,15,9,0,28.47,183,1
CUST000057,720,10,6,0,13.69,196,3
CUST003697,707,20,11,3,77.96,44,3
CUST002250,735,22,9,0,43.96,142,0
CUST003179,756,24,11,0,12.16,315,0
CUST000619,688,7,13,0,16.76,9,1
CUST000965,723,5,12,0,42.23,14,0
CUST004052,804,5,11,1,39.22,335,2
CUST003069,664,16,7,0,13.67,313,0
CUST002874,700,6,10,1,21.84,42,0
CUST004538,648,14,3,0,20.77,326,0
CUST003476,788,14,12,1,38.83,276,3
CUST004967,660,20,9,0,9.72,95,6
CUST003509,720,6,7,1,30.84,312,0
CUST003211,849,15,5,0,51.61,8,1
CUST002489,760,16,13,0,18.99,309,3
CUST001986,660,19,12,0,21.45,33,0
CUST002510,745,9,7,1,42.86,68,0
CUST002006,714,18,13,0,31.35,311,0
CUST003102,556,19,3,0,40.64,84,0
CUST003464,587,9,1,1,6.28,10,0
CUST003459,655,15,3,0,36.31,127,0
CUST003493,708,6,8,0,32.22,124,4
CUST002225,632,19,4,0,14.6,73,4
CUST004554,682,8,6,0,4.04,114,3
CUST000496,638,19,10,1,37.62,223,2
CUST003482,607,20,5,0,45.77,348,2
CUST002364,644,20,6,0,39.35,319,2
CUST004342,704,17,12,0,13.19,272,3
CUST001837,719,16,1,2,34.91,312,0
CUST001920,652,12,2,0,32.62,28,2
CUST004472,798,3,9,1,15.78,337,3
CUST002851,624,8,3,0,39.52,53,1
CUST000097,700,22,2,0,15.92,103,3
CUST001229,647,2,5,3,20.2,54,0
CUST000501,612,6,10,1,7.43,272,0
CUST000533,608,16,11,0,54.89,76,1
CUST000785,672,20,5,0,59.09,358,0
CUST001135,557,8,6,1,24.26,172,0
CUST000844,710,18,3,0,37.52,250,6
CUST000910,712,8,11,0,17.21,109,2
CUST000103,730,20,5,0,30.9,27,0
CUST004747,813,16,5,0,60.58,116,0
CUST000804,706,16,11,1,46.71,328,0
CUST001034,596,18,11,0,23.8,199,6
CUST000937,646,15,8,0,13.72,315,5
CUST004532,681,4,5,0,25.08,96,1
CUST000548,661,23,11,0,6.81,159,1
CUST001842,604,21,1,1,18.7,80,1
CUST002206,625,5,1,0,41.47,281,2
CUST003673,712,23,1,0,48.48,212,0
CUST004921,732,6,9,0,12.2,234,0
CUST002680,644,9,7,3,26.45,8,3
CUST003983,698,8,3,0,26.15,244,0
CUST001212,568,16,11,0,36.63,359,0
CUST002905,594,13,10,3,24.0,181,3
CUST002756,674,15,2,1,64.95,253,2
CUST004195,571,13,2,0,5.43,205,2
CUST003126,694,16,6,0,57.46,286,2
CUST003349,566,16,6,0,22.97,287,1
CUST002359,779,9,6,0,6.33,241,3
CUST001213,783,20,2,0,21.32,56,0
CUST002024,792,13,7,3,3.62,45,0
CUST003191,605,12,11,1,9.5,242,1
CUST002821,744,22,10,0,35.4,118,1
CUST000925,630,22,3,0,39.97,311,0
CUST002973,529,19,1,0,5.94,119,0
CUST000669,619,6,3,0,48.86,198,0
CUST002175,752,23,6,0,33.92,223,2
CUST001148,703,8,7,1,56.05,341,0
CUST003334,633,22,10,1,6.53,249,4
CUST001484,663,22,11,1,3.33,325,2
CUST002226,632,19,3,0,21.56,148,3
CUST002261,667,9,13,0,25.34,292,3
CUST003615,789,14,10,0,57.02,103,0
CUST003710,649,16,14,0,17.62,39,3
CUST002773,825,24,12,1,36.04,193,0
CUST002353,598,6,12,0,43.29,270,1
CUST002928,723,16,8,0,11.23,155,0
CUST003657,755,3,3,0,27.51,18,1
CUST001340,572,6,13,0,35.0,287,0
CUST001199,704,4,6,0,17.94,128,5
CUST001538,573,22,14,0,40.98,156,2
CUST003178,827,24,11,0,42.39,245,0
CUST004922,784,5,2,0,9.57,53,0
CUST000811,732,7,9,0,38.73,171,0
CUST003825,681,16,7,0,42.43,351,2
CUST003435,638,5,8,0,15.7,331,1
CUST004641,627,23,11,0,17.09,159,3
CUST002545,795,5,12,0,186.23,15,0
CUST001854,693,3,11,0,36.54,94,1
CUST001544,781,16,2,0,65.6,142,1
CUST001153,0,17,10,0,46.86,173,6
CUST002512,671,15,4,0,56.83,180,2
CUST003914,665,9,14,2,33.5,162,1
CUST001064,659,21,8,1,38.47,342,1
CUST004364,613,23,12,2,27.8,107,2
CUST004272,670,23,13,0,62.57,356,4
CUST003898,676,20,13,1,43.33,33,0
CUST000221,732,22,9,2,31.27,344,0
CUST004622,671,21,14,2,6.6,183,0
CUST002462,742,14,14,0,37.83,166,1
CUST002046,726,24,4,1,9.64,199,0
CUST001041,738,6,6,0,29.84,130,0
CUST000241,692,23,5,0,14.35,232,1
CUST003240,719,19,6,0,15.78,280,3
CUST001743,698,17,12,1,18.89,274,0
CUST002076,558,15,3,2,50.18,352,1
CUST001974,646,6,5,2,75.01,272,6
CUST000067,607,16,12,1,20.88,162,0
CUST003002,800,20,12,0,13.46,111,0
CUST001597,755,5,11,0,34.13,61,1
CUST001439,699,21,7,0,5.79,266,0
CUST002741,710,8,4,1,28.19,73,1
CUST004933,793,24,5,0,76.01,135,3
CUST002092,638,18,6,1,25.44,296,0
CUST003856,779,13,13,3,40.0,31,0
CUST004718,823,20,9,0,47.12,77,1
CUST002520,685,16,9,0,36.53,318,3
CUST000902,617,10,13,0,16.16,310,2
CUST003749,665,5,9,0,6.32,230,2
CUST003203,765,23,1,1,36.51,16,2
CUST001938,725,6,3,1,58.26,217,0
CUST004924,702,4,2,1,7.31,14,1
CUST004508,610,3,6,2,62.31,39,0
CUST002714,685,16,9,0,38.57,258,0
CUST000999,706,22,2,0,41.49,184,0
CUST003962,644,13,14,0,185.74,213,1
CUST003016,647,16,7,1,38.53,276,1
CUST000749,740,18,1,1,19.16,145,0
CUST000504,729,14,10,0,48.97,201,4
CUST002875,684,11,14,0,58.02,204,1
CUST003364,665,3,12,2,43.35,112,3
CUST000609,672,22,10,0,40.66,181,0
CUST001683,763,10,10,0,23.09,68,1
CUST000130,727,14,4,0,24.51,289,0
CUST002404,696,19,12,0,29.97,118,1
CUST002682,812,8,1,1,9.98,79,2
CUST004286,627,23,1,2,11.65,322,2
CUST004191,589,16,10,0,34.44,52,0
CUST004426,491,24,7,0,15.77,237,0
CUST001888,724,17,13,1,11.04,278,0
CUST002654,804,6,10,0,25.87,312,1
CUST001787,798,13,5,0,45.17,31,0
CUST000205,632,6,8,0,34.09,69,3
CUST004886,617,24,12,0,18.37,95,1
CUST001256,496,19,2,3,18.46,268,3
CUST002349,626,13,6,1,35.96,227,1
CUST004318,592,11,9,0,26.58,268,5
CUST002144,780,20,3,1,23.15,349,1
CUST002514,693,13,6,1,49.75,8,2
CUST001052,685,9,14,3,45.12,97,1
CUST000337,623,2,9,0,18.79,166,0
CUST002105,571,15,3,0,52.47,308,0
CUST004592,576,11,5,1,52.6,145,0
CUST004452,598,3,6,1,59.06,155,1
CUST001803,742,22,1,1,26.29,146,3
CUST002392,568,18,8,0,52.18,234,0
CUST000634,723,19,10,1,27.93,312,4
CUST004995,850,11,3,1,24.95,49,1
CUST004348,646,23,14,0,56.74,135,1
CUST002441,708,4,12,0,14.01,166,0
CUST003528,684,10,10,0,28.7,191,5
CUST001336,577,20,8,0,13.49,137,0
CUST002932,595,21,1,1,46.07,201,0
CUST000531,642,10,4,0,34.39,230,1
CUST002664,676,12,4,0,46.89,61,1
CUST002575,837,12,8,2,62.72,328,1
CUST004631,627,8,4,1,13.12,341,3
CUST000139,614,13,4,0,27.79,97,0
CUST000282,605,22,7,1,31.36,79,0
CUST000832,775,7,10,0,10.43,313,0
CUST002519,634,23,13,3,21.8,121,0
CUST004372,813,5,8,0,15.22,22,5
CUST002192,706,6,6,2,54.21,218,0
CUST003658,807,7,4,3,45.98,197,2
CUST002582,685,21,13,0,19.88,280,5
CUST004914,665,2,13,1,22.5,216,3
CUST002588,698,7,7,2,14.98,226,1
CUST004136,788,20,9,2,48.61,351,0
CUST001915,701,17,2,1,23.69,305,2
CUST002902,723,4,12,0,35.54,6,0
CUST004433,687,17,3,0,43.05,79,0
CUST003077,664,24,1,0,49.44,318,3
CUST001393,999,17,7,0,20.04,284,2
CUST004894,699,14,6,0,25.78,84,4
CUST000055,699,13,10,0,17.09,326,5
CUST003040,583,24,8,1,29.97,115,1
CUST000269,638,18,2,0,32.8,153,2
CUST004668,683,9,5,0,25.36,345,2
CUST003817,574,3,1,1,23.15,156,0
CUST002106,739,8,10,1,12.32,356,1
CUST003325,586,20,9,0,24.4,86,0
CUST002469,619,23,2,1,22.82,224,3
CUST001732,708,5,13,1,2.39,107,4
CUST004453,570,14,7,0,41.09,307,0
CUST004812,734,7,7,0,6.33,266,2
CUST004935,583,23,14,2,47.52,49,2
CUST003417,713,14,12,0,175.32,233,0
CUST002393,641,20,4,1,47.76,312,0
CUST000728,691,2,6,1,48.33,92,3
CUST004292,660,11,2,2,17.92,119,0
CUST001698,619,20,2,2,7.72,155,2
CUST000328,493,21,9,0,36.6,96,1
CUST001526,580,6,13,0,47.67,56,2
CUST000696,544,4,1,0,21.5,211,0
CUST001179,630,17,6,2,25.69,208,3
CUST001614,730,19,1,1,28.05,246,0
CUST004102,809,24,11,2,15.1,79,6
CUST003351,770,9,11,0,6.95,239,1
CUST004646,743,9,6,0,42.3,80,0
CUST004178,809,22,4,0,25.72,87,0
CUST000254,773,11,5,0,24.53,235,0
CUST003598,827,14,13,1,34.21,122,3
CUST003875,696,13,4,1,23.1,61,0
CUST002831,723,13,5,2,2.16,239,3
CUST001722,574,6,3,0,47.46,128,1
CUST004487,571,9,11,0,9.82,108,2
CUST000687,741,13,11,0,74.89,6,3
CUST001752,591,24,6,0,56.77,211,1
CUST002986,683,16,1,0,18.9,230,1
CUST001964,820,20,2,0,20.5,207,2
CUST000349,679,5,6,0,20.26,250,1
CUST004464,721,19,12,0,12.89,111,0
CUST000476,657,20,9,3,28.75,182,1
CUST000919,759,16,5,3,19.6,164,0
CUST004076,734,23,14,1,188.84,54,1
CUST001828,736,3,2,0,4.96,193,1
CUST001178,743,4,5,0,26.67,274,0
CUST000083,640,12,6,0,4.91,60,0
CUST000004,850,14,12,0,38.29,205,1
CUST003860,662,12,2,0,36.76,104,1
CUST001800,660,16,14,0,20.68,166,1
CUST003180,614,10,11,1,64.14,92,0
CUST000736,680,4,11,0,18.36,206,0
CUST004176,697,8,10,0,32.45,202,1
CUST002293,665,16,11,1,12.98,53,1
CUST004478,785,23,11,0,46.04,215,0
CUST001353,703,19,7,1,20.55,201,4
CUST004976,753,3,8,0,29.65,245,0
CUST000308,527,3,8,0,29.58,7,0
CUST003911,660,11,6,0,26.12,274,2
CUST000913,725,17,14,0,32.19,47,0
CUST004552,599,3,11,0,26.5,338,0
CUST000236,605,9,4,0,52.53,275,0
CUST001840,679,9,2,0,11.94,216,0
CUST003794,678,21,10,0,11.43,302,2
CUST002723,636,20,1,1,32.47,18,0
CUST000714,662,9,13,0,24.58,207,2
CUST001830,754,10,8,1,33.31,115,0
CUST000150,648,20,5,1,7.51,197,3
CUST002694,575,17,9,3,23.8,354,3
CUST001525,676,7,13,3,41.78,217,0
CUST003980,640,21,11,0,20.5,304,1
CUST003392,760,4,8,1,27.0,304,3
CUST000375,805,10,14,1,21.62,28,0
CUST004534,595,10,2,0,44.04,62,1
CUST003842,714,15,9,1,27.94,319,5
CUST003535,502,15,12,1,7.35,253,0
CUST000319,736,12,11,0,25.37,352,2
CUST001719,710,11,4,0,22.16,70,2
CUST004419,689,10,3,0,35.22,113,2
CUST002253,678,14,14,2,27.18,303,4
CUST002996,601,22,9,0,18.44,94,2
CUST002900,613,24,2,0,38.43,92,4
CUST002972,603,6,12,0,21.22,277,0
CUST002787,699,19,6,0,8.16,265,1
CUST002527,559,3,10,1,41.89,118,0
CUST003581,553,23,7,0,21.7,112,2
CUST004229,797,13,8,0,12.68,339,0
CUST004174,695,9,3,0,15.3,54,0
CUST000705,560,9,10,0,10.54,125,0
CUST004249,756,18,2,0,23.15,318,0
CUST003131,610,19,14,0,7.17,172,0
CUST002990,629,14,2,0,4.97,36,2
CUST001795,680,22,2,0,50.74,296,1
CUST002712,572,16,10,0,18.24,182,0
CUST004428,727,11,7,0,23.27,222,0
CUST000839,631,13,13,0,47.63,353,3
CUST001630,478,7,10,0,9.66,156,3
CUST000223,708,10,4,3,27.95,316,3
CUST004221,786,18,7,1,37.07,293,4
CUST003624,780,3,13,0,38.96,324,3
CUST002539,577,12,6,0,29.26,167,1
CUST000566,719,23,12,0,31.32,304,1
CUST000633,642,10,11,0,3.41,312,0
CUST001680,701,7,4,0,44.67,171,0
CUST001432,569,3,5,0,24.75,21,3
CUST004787,629,20,11,3,33.17,145,1
CUST004533,595,21,8,0,10.65,320,3
CUST000286,529,16,6,1,21.17,128,0
CUST001745,592,9,3,2,23.15,306,0
CUST004819,685,4,10,0,19.91,215,0
CUST004066,0,15,8,0,10.06,312,1
CUST000822,0,15,7,0,20.38,44,1
CUST003059,732,23,4,0,19.64,150,2
CUST001666,773,11,2,1,13.7,248,2
CUST001730,819,21,2,0,23.03,194,0
CUST003238,739,24,2,0,20.35,290,4
CUST002793,584,8,2,1,57.73,87,1
CUST004008,721,19,13,0,40.62,141,1
CUST003590,753,10,8,0,20.02,119,1
CUST001087,605,8,14,0,8.19,358,3
CUST002733,767,7,12,0,19.23,320,2
CUST001486,632,19,5,0,41.35,89,0
CUST000847,683,24,14,1,24.57,97,2
CUST000117,768,13,13,0,38.06,207,3
CUST002530,640,21,11,1,16.17,122,3
CUST001388,656,10,10,0,14.24,227,0
CUST001966,755,6,12,0,17.0,133,0
CUST001798,720,18,12,1,180.7,228,2
CUST000138,507,5,12,0,12.73,226,6
CUST000436,560,19,7,2,44.74,323,1
CUST002136,659,24,12,0,56.34,205,1
CUST001659,653,5,7,1,23.19,290,1
CUST003449,614,14,2,0,41.66,164,1
CUST001004,848,6,8,0,32.71,324,0
CUST004167,767,6,11,0,17.85,261,0
CUST000508,477,15,6,2,31.65,283,0
CUST000193,767,2,8,1,53.32,185,1
CUST003020,599,17,13,0,37.72,342,3
CUST000323,668,7,3,0,45.53,140,0
CUST002334,554,17,3,0,28.22,102,1
CUST004232,999,14,14,0,12.22,240,1
CUST004996,696,17,10,0,18.81,15,5
CUST002430,788,3,3,0,33.07,344,3
CUST004977,702,10,14,1,60.51,183,0
CUST001074,644,14,9,1,40.75,205,1
CUST003406,617,10,12,0,27.24,333,2
CUST002089,547,5,6,0,21.52,271,2
CUST002795,653,4,9,0,32.63,108,4
CUST001882,698,5,2,0,139.94,192,1
CUST004458,505,14,12,0,24.24,56,0
CUST004666,744,19,11,0,159.95,110,1
CUST002344,686,24,11,1,30.12,358,0
CUST003037,651,9,12,0,20.8,280,0
CUST003857,592,7,10,1,46.22,234,1
CUST003803,585,17,9,0,27.45,110,0
CUST004277,666,13,10,0,15.96,311,1
CUST000715,667,14,3,0,19.72,62,3
CUST004962,511,13,10,0,65.18,21,0
CUST004818,850,22,14,1,40.69,101,0
CUST000798,0,6,10,0,24.28,199,0
CUST003276,773,20,8,0,36.42,19,5
CUST000748,641,13,3,1,29.69,249,0
CUST004224,720,22,12,0,40.66,43,4
CUST004984,657,13,4,0,19.02,73,5
CUST002623,644,2,9,1,47.64,129,0
CUST003623,688,12,10,0,58.95,245,1
CUST000757,639,20,13,0,25.99,103,2
CUST004471,769,11,4,0,13.18,195,0
CUST004748,564,20,14,1,49.6,199,1
CUST003354,664,16,6,0,22.84,328,1
CUST002282,618,18,14,0,28.72,294,1
CUST002643,730,23,7,0,25.97,62,1
CUST004410,503,24,13,1,28.89,85,2
CUST000253,771,13,10,0,43.61,14,0
CUST001408,593,10,2,2,64.8,237,6
CUST003808,724,7,7,1,34.47,15,0
CUST002962,503,6,4,0,22.29,285,5
CUST004414,630,4,7,0,60.12,316,2
CUST004891,639,12,3,0,18.05,327,2
CUST004846,683,22,11,0,19.81,220,4
CUST000552,716,16,12,0,58.3,355,3
CUST003445,850,9,1,2,8.79,206,0
CUST004381,632,12,11,1,31.16,154,2
CUST004827,729,23,9,2,12.16,348,1
CUST003698,637,16,7,1,14.15,28,1
CUST001454,701,24,14,0,54.42,7,0
CUST004882,550,3,2,2,27.93,309,1
CUST001478,696,4,5,0,64.95,345,0
CUST002728,597,11,4,2,33.54,146,0
CUST004018,535,3,13,0,22.67,34,0
CUST002200,668,23,10,0,4.33,36,1
CUST000750,686,5,7,0,29.74,75,4
CUST003988,651,15,2,0,12.47,14,3
CUST000922,710,12,8,0,38.11,138,0
CUST003408,820,2,7,2,22.77,82,2
CUST001032,602,20,11,2,20.3,250,2
CUST004011,743,21,3,1,34.31,214,2
CUST002078,620,17,6,0,20.68,157,2
CUST004599,706,24,9,0,13.96,62,0
CUST001169,671,22,1,0,27.74,85,2
CUST001746,801,19,1,0,8.39,128,0
CUST004892,673,10,9,0,23.6,310,1
CUST002276,678,2,11,2,18.07,254,2
CUST004821,762,3,1,0,37.9,320,0
CUST000450,718,18,1,1,8.74,241,1
CUST003885,729,19,12,0,26.65,19,0
CUST001175,780,15,2,0,36.2,354,3
CUST004560,696,12,3,2,19.93,67,4
CUST001098,800,18,11,2,24.03,48,1
CUST000915,560,17,4,0,45.14,147,1
CUST004387,663,9,12,1,25.13,312,0
CUST002948,675,11,4,0,61.13,257,0
CUST004602,614,24,10,0,57.5,198,0
CUST002321,735,2,3,2,26.73,32,2
CUST003232,698,12,8,2,10.43,139,5
CUST001364,507,17,4,0,43.98,222,3
CUST000393,776,16,9,0,56.59,137,0
CUST002155,761,16,9,1,29.63,25,2
CUST003833,695,17,4,1,42.47,104,6
CUST002667,708,6,4,0,24.7,335,0
CUST001864,582,20,11,3,37.86,204,0
CUST000041,604,13,3,1,16.96,336,0
CUST001774,457,5,14,0,10.3,294,1
CUST000972,622,5,4,0,70.66,118,3
CUST003341,670,2,5,0,61.78,67,0
CUST003609,999,4,10,1,28.22,335,0
CUST000771,579,21,2,0,29.89,100,0
CUST001078,756,5,6,1,17.0,216,1
CUST003110,687,14,7,0,33.37,69,0
CUST004542,762,20,10,0,2.3,118,0
CUST003941,747,7,2,1,43.12,269,0
CUST004468,690,17,10,0,14.28,57,0
CUST000580,709,12,8,1,22.44,182,3
CUST001737,628,21,4,0,13.35,244,0
CUST002950,674,3,4,0,16.47,328,1
CUST004211,694,15,13,0,15.37,119,2
CUST002453,746,9,7,0,31.93,230,0
CUST004751,684,16,9,0,27.9,218,1
CUST003608,840,11,10,0,41.8,102,0
CUST002612,687,15,7,0,51.15,200,4
CUST003536,481,13,5,0,37.15,289,0
CUST002532,643,20,2,3,12.61,90,1
CUST002275,604,15,12,0,11.34,45,3
CUST000751,651,3,12,0,12.13,116,2
CUST003006,587,2,14,1,36.18,293,0
CUST000088,541,24,10,0,61.89,306,1
CUST003959,616,2,2,1,34.93,198,0
CUST001926,710,13,6,0,25.59,163,0
CUST000668,720,14,14,0,31.86,213,0
CUST000231,613,16,5,0,15.76,210,0
CUST003634,738,3,12,1,22.84,325,0
CUST004443,632,24,10,0,38.33,318,3
CUST000521,621,4,13,0,27.52,132,1
CUST004455,644,6,9,0,16.88,42,4
CUST004678,489,17,5,1,20.78,135,0
CUST002984,658,16,13,0,49.99,37,2
CUST003907,549,21,2,3,11.62,303,2
CUST000361,633,21,1,0,33.48,245,2
CUST004087,616,17,6,0,12.98,114,2
CUST000865,751,21,3,0,13.51,344,0
CUST000818,605,18,6,0,16.58,150,1
CUST000078,850,6,9,0,25.64,216,3
CUST003872,615,21,6,3,11.78,46,1
CUST002461,639,6,7,0,18.13,312,0
CUST001591,696,4,11,0,39.46,195,0
CUST002315,627,3,13,0,38.66,38,1
CUST001406,752,19,1,0,19.26,6,3
CUST003521,510,2,6,0,21.31,195,0
CUST000584,690,3,6,2,44.69,164,6
CUST002906,622,11,12,1,44.13,160,0
CUST001253,737,19,11,0,34.13,47,1
CUST004311,672,14,1,1,35.42,61,1
CUST003363,715,23,2,0,11.82,193,2
CUST004697,753,8,11,1,27.41,159,1
CUST004012,789,3,6,0,20.98,155,0
CUST001434,707,12,3,0,29.38,101,5
CUST001586,811,24,3,0,28.76,257,1
CUST004484,586,16,2,0,5.66,144,0
CUST002876,646,6,12,2,3.54,64,1
CUST001070,622,18,4,2,43.93,297,1
CUST000815,682,5,13,1,42.31,87,0
CUST004479,692,16,14,0,32.0,79,2
CUST003552,632,9,13,0,41.17,59,1
CUST000001,765,14,1,0,49.39,155,0
CUST000858,406,3,1,0,48.81,28,0
CUST000070,763,5,8,1,27.03,119,1
CUST002817,627,13,8,0,46.76,272,3
CUST001514,710,13,9,0,25.25,304,1
CUST002710,574,23,8,0,40.75,256,4
CUST002031,694,17,2,1,20.36,174,2
CUST004795,695,14,12,0,21.68,80,1
CUST000111,759,18,2,0,47.59,27,1
CUST001516,750,17,2,0,16.33,156,2
CUST000657,565,4,7,3,18.87,94,1
CUST003599,673,2,3,2,10.31,55,1
CUST004173,749,16,6,0,25.12,303,0
CUST004791,628,12,5,1,27.9,253,1
CUST002786,533,14,5,0,5.18,120,2
CUST004799,680,24,14,0,38.17,129,0
CUST002968,564,5,12,0,39.74,99,0
CUST001871,627,9,4,1,10.43,157,0
CUST000432,602,20,6,0,33.07,262,0
CUST000848,655,19,11,0,34.98,229,4
CUST003957,765,24,11,0,33.74,25,4
CUST002704,724,14,10,0,38.27,109,0
CUST000275,771,4,3,1,11.58,106,3
CUST001819,716,4,7,0,21.01,38,0
CUST001897,689,4,5,0,57.63,175,1
CUST004233,780,12,6,0,36.53,222,1
CUST000856,561,6,1,0,89.24,183,2
CUST004647,790,13,9,0,27.91,133,1
CUST000931,721,17,2,0,16.2,197,0
CUST003022,750,13,10,1,16.72,166,0
CUST003839,632,9,5,3,109.8,115,0
CUST001748,612,16,10,0,7.03,38,4
CUST001330,681,2,13,1,39.33,62,0
CUST002373,583,7,12,0,14.69,264,2
CUST004288,642,8,14,0,18.96,45,1
CUST003382,646,12,9,2,30.67,154,2
CUST002133,640,2,14,0,28.87,71,0
CUST002236,622,8,5,1,26.24,183,0
CUST001710,549,15,8,0,3.9,81,3
CUST003280,718,3,3,0,45.56,151,0
CUST003082,694,13,5,0,23.77,104,3
CUST003158,585,2,9,0,23.53,318,1
CUST003079,708,5,9,0,11.17,91,2
CUST002339,655,3,8,2,39.8,355,0
CUST002648,607,5,6,0,34.17,84,2
CUST001089,726,13,3,0,35.75,165,3
CUST002597,679,8,6,1,48.48,53,0
CUST002584,787,9,13,0,35.28,113,3
CUST002820,621,6,9,0,10.23,162,1
CUST001248,714,14,13,2,7.15,294,0
CUST001896,802,21,2,0,36.97,161,3
CUST003236,687,4,5,1,46.27,199,0
CUST004133,594,14,9,0,13.25,46,3
CUST004868,637,3,8,1,31.91,114,0
CUST002305,789,20,3,0,43.45,129,2
CUST004722,786,7,2,0,15.04,19,2
CUST002227,638,4,11,1,36.98,120,1
CUST002943,618,14,11,2,26.91,61,3
CUST004815,740,19,12,0,9.72,16,0
CUST002413,611,9,3,2,41.61,331,3
CUST001523,684,12,7,0,7.84,127,1
CUST002605,467,14,8,0,13.91,319,0
CUST003576,802,11,7,0,40.12,253,1
CUST004025,696,22,7,0,13.34,132,3
CUST003454,643,14,8,0,40.18,210,0
CUST002180,708,13,8,0,32.5,44,2
CUST002898,731,5,5,0,48.03,320,1
CUST004549,540,23,7,0,43.65,237,0
CUST000873,613,23,9,0,38.25,23,3
CUST000455,649,18,8,0,30.88,185,1
CUST000636,569,6,9,0,11.33,219,2
CUST001660,644,19,5,0,3.4,9,1
CUST002070,645,3,11,0,21.18,295,0
CUST002670,616,19,4,0,48.35,82,4
CUST001013,633,2,6,3,8.54,7,0
CUST002959,656,12,6,0,29.5,263,1
CUST004986,541,6,4,0,13.19,245,0
CUST000280,742,13,5,0,24.2,23,0
CUST001003,713,17,14,3,14.32,350,0
CUST001851,0,19,5,1,23.12,131,2
CUST002985,679,16,6,1,39.65,30,0
CUST000343,675,12,1,1,18.29,239,1
CUST004981,829,14,14,0,35.66,200,1
CUST003484,623,3,13,0,27.36,192,3
CUST004750,702,2,2,0,48.68,33,2
CUST002062,485,4,11,0,32.73,80,2
CUST002563,702,14,6,0,37.48,129,4
CUST002059,643,2,10,0,155.7,270,1
CUST001136,704,20,5,0,27.24,211,3
CUST004411,694,19,11,0,41.34,258,3
CUST001540,677,22,13,1,21.12,38,3
CUST001071,692,14,12,0,24.3,26,0
CUST002523,742,3,6,0,14.89,124,3
CUST004680,661,16,8,0,31.31,48,1
CUST004275,652,7,7,0,7.37,151,0
CUST001144,758,19,1,1,61.94,128,0
CUST002572,691,11,7,1,42.97,74,2
CUST003045,619,22,13,0,17.77,46,0
CUST001824,714,23,2,3,7.38,305,0
CUST002314,660,12,8,0,57.64,359,1
CUST001459,571,9,9,0,9.63,42,0
CUST004350,715,13,12,0,51.35,64,0
CUST003936,647,2,12,0,19.75,302,2
CUST002645,531,9,6,0,9.71,159,2
CUST002325,575,18,7,0,161.46,294,4
CUST001904,729,9,6,0,15.94,107,2
CUST001150,698,4,4,0,22.55,190,0
CUST002927,666,18,13,1,48.43,274,1
CUST002220,716,10,12,0,11.06,46,1
CUST004637,726,21,1,0,18.94,112,0
CUST003377,741,20,5,1,52.63,28,6
CUST000586,740,15,13,1,55.41,134,0
CUST003150,631,12,11,1,25.42,59,1
CUST000526,492,10,1,0,21.3,231,1
CUST004661,634,3,8,0,7.79,109,4
CUST003829,850,21,13,0,42.11,252,4
CUST003055,740,20,8,2,39.94,226,4
CUST003783,646,17,1,0,40.44,89,6
CUST004371,643,23,5,2,19.71,278,0
CUST000016,779,3,14,1,20.26,302,1
CUST004685,587,10,4,1,25.53,330,0
CUST002215,732,20,6,0,13.21,303,3
CUST000283,565,7,11,0,20.77,279,1
CUST000133,769,2,10,0,49.67,256,2
CUST004877,673,12,3,0,4.54,26,0
CUST003912,756,7,6,0,26.66,231,0
CUST003600,644,14,7,0,7.16,62,0
CUST004246,838,15,8,0,48.95,296,2
CUST004172,700,15,11,0,33.56,81,0
CUST000690,725,3,9,0,35.57,322,2
CUST002838,770,7,1,0,18.11,358,1
CUST003742,819,3,2,1,36.97,105,0
CUST002122,660,24,9,0,14.7,136,0
CUST004104,692,21,4,0,13.58,124,4
CUST000859,710,10,7,0,31.37,262,2
CUST001147,779,9,6,0,16.2,189,1
CUST003790,751,23,9,0,22.49,170,1
CUST001948,999,5,8,0,10.21,241,0
CUST004026,568,4,10,0,57.18,269,0
CUST003703,738,23,5,0,5.0,172,3
CUST001065,815,4,1,0,35.21,15,4
CUST004022,641,5,6,0,48.97,159,1
CUST002313,726,9,3,0,31.66,249,1
CUST000500,641,21,11,1,22.3,302,0
CUST002191,691,21,8,0,20.64,80,0
CUST000549,619,20,1,0,27.93,110,2
CUST003468,636,11,12,1,36.22,167,1
CUST001866,668,19,7,0,15.61,351,5
CUST003078,700,24,11,0,23.0,151,0
CUST004023,800,2,12,0,56.24,243,0
CUST004785,614,4,10,2,23.36,295,6
CUST001124,797,20,1,0,14.6,69,1
CUST000160,736,8,13,2,10.2,138,0
CUST002673,628,11,3,0,50.6,242,0
CUST003837,625,8,5,0,34.94,285,0
CUST001508,583,3,6,1,47.96,88,4
CUST002252,614,23,8,0,29.08,202,1
CUST003299,559,24,11,0,19.86,253,4
CUST001451,680,19,12,0,27.54,227,0
CUST000435,645,2,3,0,8.79,151,4
CUST001297,622,4,8,0,4.89,123,3
CUST001709,776,22,7,0,21.99,280,0
CUST000192,691,11,10,1,45.21,142,1
CUST004757,703,4,4,0,39.27,172,4
CUST002274,762,3,6,0,46.17,64,2
CUST002352,587,16,13,0,15.76,91,3
CUST000632,664,15,4,0,157.32,343,1
CUST004274,766,16,3,0,18.1,100,0
CUST004287,564,11,2,0,41.9,175,3
CUST000237,705,12,2,0,47.59,247,2
CUST002493,798,23,10,1,32.4,239,1
CUST002063,533,21,6,2,33.02,302,2
CUST003230,798,3,14,0,36.65,231,0
CUST001061,742,6,13,0,43.9,13,4
CUST003253,695,11,8,2,10.05,250,0
CUST000249,771,9,8,1,44.19,277,2
CUST001766,709,10,4,0,11.56,206,1
CUST003096,601,15,9,0,34.35,33,1
CUST000362,646,21,5,1,21.87,247,0
CUST001850,673,4,4,0,45.43,118,0
CUST003633,728,2,10,1,22.28,217,0
CUST002889,622,17,3,1,33.05,243,0
CUST004509,693,17,3,2,25.2,268,0
CUST003683,683,11,3,0,26.8,232,0
CUST002193,693,15,6,0,30.86,179,1
CUST004883,738,20,11,0,35.58,22,0
CUST002806,644,17,1,0,16.99,57,0
CUST003008,604,22,8,0,25.51,253,3
CUST003388,666,12,4,0,16.53,226,0
CUST000600,554,22,12,0,12.83,244,0
CUST002544,721,16,5,1,52.99,348,0
CUST002503,718,3,3,0,12.84,231,1
CUST000453,695,6,5,0,10.14,356,3
CUST001138,576,20,3,0,17.33,19,0
CUST000664,603,10,1,2,53.41,190,1
CUST002414,810,12,9,0,31.61,207,0
CUST004117,659,13,2,0,35.95,257,0
CUST001479,739,14,11,0,59.51,187,1
CUST004470,850,3,6,2,11.45,103,2
CUST001371,656,2,3,1,48.72,186,1
CUST001462,719,22,12,0,24.96,149,0
CUST000272,673,12,8,0,8.07,314,6
CUST000144,732,9,1,0,5.43,255,0
CUST004860,721,18,8,1,37.29,115,1
CUST000441,721,13,6,0,12.65,205,2
CUST000565,799,10,7,0,18.1,276,1
CUST003352,621,24,7,0,26.3,272,0
CUST000625,695,24,4,0,2.52,96,0
CUST004903,675,21,13,0,24.47,318,4
CUST004589,597,13,12,0,4.79,350,4
CUST004177,693,24,3,0,7.91,71,0
CUST000013,771,7,4,0,15.2,274,0
CUST002591,563,17,10,0,11.57,184,0
CUST000637,761,4,14,1,3.22,218,3
CUST002717,713,18,7,0,12.6,343,0
CUST003630,753,12,14,0,43.06,195,0
CUST002432,682,4,12,0,29.61,13,2
CUST003822,850,24,10,0,28.85,153,3
CUST000194,714,15,7,0,40.23,124,1
CUST001181,697,8,8,0,55.21,133,0
CUST000611,687,9,11,0,30.96,106,3
CUST003631,618,18,13,0,56.37,229,0
CUST003495,658,11,6,1,37.52,206,2
CUST000646,645,9,14,0,15.8,291,0
CUST002323,728,22,1,0,47.67,312,1
CUST001694,758,21,7,0,23.54,153,0
CUST001334,768,16,2,1,15.8,299,0
CUST004189,650,23,7,0,11.98,256,2
CUST002850,572,7,1,0,62.24,220,3
CUST003283,740,20,5,0,150.68,13,3
CUST004902,613,9,7,0,33.23,125,1
CUST004431,776,11,4,0,19.99,139,4
CUST003663,723,6,13,0,22.95,177,1
CUST000824,728,3,14,0,34.91,134,0
CUST000307,628,4,8,0,46.26,50,2
CUST002268,655,10,13,0,27.47,83,0
CUST004162,642,17,6,1,34.83,304,1
CUST004848,768,3,6,0,162.58,30,2
CUST000762,604,9,11,3,15.29,351,1
CUST000029,755,16,2,0,22.15,273,0
CUST001168,752,17,14,2,24.6,215,5
CUST003046,668,18,5,0,52.36,299,0
CUST001912,823,2,6,2,16.34,112,0
CUST002607,723,4,14,0,23.44,317,3
CUST003945,513,6,2,0,64.57,263,3
CUST000220,709,12,14,0,11.41,17,2
CUST002590,600,21,2,1,37.46,198,1
CUST000938,648,9,13,0,6.58,344,3
CUST004972,766,16,1,0,40.85,246,2
CUST001976,617,8,13,0,31.14,255,6
CUST002184,759,4,3,0,22.67,112,1
CUST001629,679,14,4,0,47.22,318,0
CUST000746,662,7,4,0,9.8,172,0
CUST004950,580,5,3,1,30.85,202,0
CUST001449,595,21,13,1,49.6,121,3
CUST000209,754,6,13,0,10.98,330,0
CUST002145,639,3,13,0,39.82,346,2
CUST003235,655,6,6,2,37.1,250,0
CUST004187,675,9,9,0,44.84,199,1
CUST004289,717,10,7,0,20.04,172,1
CUST000179,823,17,12,3,44.97,189,4
CUST001485,730,12,1,0,18.06,176,0
CUST000505,850,12,7,0,15.9,36,1
CUST000752,730,5,7,1,35.82,263,1
CUST001133,586,21,2,0,21.61,61,0
CUST003534,690,13,6,0,24.59,53,0
CUST001207,850,20,7,1,60.11,268,0
CUST003492,825,4,10,0,44.55,45,0
CUST002542,776,2,8,3,0.66,36,0
CUST000809,550,7,11,0,24.66,127,1
CUST002348,798,3,8,0,37.31,76,0
CUST002779,639,21,8,0,5.07,64,0
CUST003274,702,11,1,0,34.03,165,0
CUST002379,681,13,5,0,33.3,34,0
CUST003032,658,11,13,1,19.48,195,0
CUST001366,677,17,1,1,20.22,284,2
CUST000640,651,8,8,0,29.16,107,0
CUST003089,523,9,13,0,20.17,205,0
CUST001469,581,3,13,0,41.23,214,0
CUST004284,730,4,1,0,44.29,110,2
CUST001558,786,18,8,0,25.68,236,0
CUST001251,692,20,10,0,38.69,225,0
CUST001411,738,21,9,0,8.67,89,6
CUST001435,659,19,7,0,12.19,215,1
CUST004309,659,15,12,0,24.51,148,2
CUST004204,635,8,4,0,8.25,300,3
CUST004585,563,4,8,0,11.47,45,0
CUST004159,720,7,6,0,48.66,170,3
CUST000588,662,16,8,0,5.36,278,2
CUST004048,768,3,12,0,13.34,233,0
CUST002721,726,19,3,1,18.32,77,0
CUST004992,723,23,3,0,26.61,222,1
CUST004913,680,21,2,0,35.22,183,0
CUST004457,575,12,9,0,22.89,166,0
CUST001794,594,3,2,2,10.23,256,4
CUST002748,651,8,4,0,18.33,290,0
CUST004966,758,24,4,0,13.66,281,1
CUST000261,736,8,3,0,32.99,149,2
CUST004302,850,21,12,0,20.69,242,1
CUST000245,588,20,6,1,24.69,264,6
CUST002265,751,21,11,1,173.65,30,1
CUST001215,600,16,10,0,23.44,135,1
CUST001987,757,22,9,1,22.6,264,1
CUST000457,696,18,7,0,20.79,331,5
CUST002765,556,13,14,0,13.6,341,0
CUST000510,671,13,1,0,50.91,196,3
CUST001107,791,20,1,0,36.22,357,0
CUST002957,681,16,1,0,43.12,320,2
CUST001156,710,2,5,0,4.24,64,1
CUST000260,742,18,14,0,21.95,291,1
CUST000644,642,2,2,0,37.62,101,1
CUST001727,804,23,6,0,16.81,165,2
CUST000960,708,24,6,1,42.86,223,2
CUST003025,780,7,7,1,49.36,234,3
CUST003255,709,18,3,0,29.85,338,4
CUST003155,686,5,10,2,31.07,14,0
CUST001026,628,23,10,0,15.68,318,2
CUST004615,744,17,5,1,15.35,330,1
CUST004604,647,7,5,1,130.74,197,0
CUST002853,648,7,1,0,109.39,54,0
CUST004421,503,12,14,0,26.76,352,0
CUST000936,607,20,9,0,18.53,174,1
CUST000768,623,5,7,3,33.17,307,1
CUST001571,673,8,4,0,44.72,201,0
CUST000835,726,3,12,2,43.09,182,0
CUST001880,633,10,13,0,28.77,22,4
CUST002395,633,20,9,0,11.16,125,0
CUST000048,792,16,3,1,22.95,263,0
CUST004889,753,15,13,1,15.61,71,2
CUST000039,659,20,4,0,10.94,89,0
CUST003479,640,16,2,0,54.04,143,0
CUST001141,592,3,3,0,41.53,81,4
CUST002060,713,18,7,0,38.75,358,0
CUST004346,799,15,14,3,4.36,333,1
CUST000825,642,19,11,0,34.03,141,1
CUST000718,690,11,13,0,38.5,302,0
CUST003766,712,7,12,0,47.18,224,3
CUST002977,626,22,3,1,31.03,345,1
CUST002088,592,24,2,0,11.64,358,0
CUST003791,579,18,1,0,23.5,43,1
CUST003611,777,8,13,1,24.17,351,4
CUST002742,656,19,4,1,39.96,250,1
CUST002044,769,3,12,0,48.46,73,0
CUST003061,694,8,8,1,50.84,294,0
CUST004248,833,7,8,2,20.43,156,0
CUST003639,576,2,8,1,27.77,191,1
CUST003159,759,19,14,1,31.23,343,0
CUST003409,654,4,8,0,39.89,347,2
CUST002115,559,12,3,1,33.44,119,3
CUST000250,636,16,5,0,5.24,250,2
CUST000959,461,4,9,0,25.92,118,3
CUST001997,0,2,9,0,37.91,325,0
CUST000995,732,4,4,0,4.77,45,2
CUST004389,674,19,7,0,6.44,228,2
CUST000172,725,16,12,0,26.75,178,0
CUST004684,707,15,9,3,19.09,213,2
CUST000917,677,6,8,0,28.68,177,1
CUST002317,756,23,10,3,36.11,197,2
CUST004925,567,18,12,0,13.37,58,2
CUST000723,757,20,6,0,7.22,150,0
CUST001491,664,17,6,2,51.31,242,0
CUST000229,684,20,13,0,33.9,74,2
CUST000422,793,21,14,3,40.7,80,0
CUST003129,566,22,7,2,22.14,348,1
CUST000525,727,24,8,1,36.21,278,1
CUST001935,596,7,3,0,43.94,104,3
CUST000068,793,21,4,0,33.33,341,0
CUST000802,826,9,7,0,37.54,295,1
CUST004132,736,16,10,0,26.66,56,1
CUST002054,760,12,6,0,32.31,112,1
CUST003995,513,24,3,1,24.18,260,2
CUST000234,628,6,6,0,25.85,220,0
CUST004080,680,11,10,0,57.03,301,0
CUST002692,707,18,2,0,30.17,216,1
CUST003332,642,13,11,2,18.32,295,0
CUST003396,642,19,4,0,4.91,241,0
CUST004742,619,20,14,1,25.65,125,0
CUST001721,682,18,6,1,17.28,45,3
CUST001116,608,7,1,0,5.46,151,0
CUST001939,524,12,14,0,71.97,241,3
CUST002611,454,3,3,0,20.83,205,0
CUST001413,720,3,11,1,9.21,285,2
CUST004949,688,18,9,0,3.2,116,0
CUST002583,678,18,3,0,141.14,239,0
CUST002953,757,15,6,1,42.37,235,0
CUST001804,554,23,5,0,8.66,164,3
CUST003628,668,21,7,0,29.0,214,2
CUST002823,794,19,12,0,62.1,93,3
CUST001667,648,21,9,0,22.0,107,1
CUST001243,663,17,7,2,18.42,235,1
CUST000893,758,17,4,0,26.42,32,1
CUST000210,659,9,8,2,18.19,95,0
CUST004013,535,3,1,0,44.17,302,0
CUST002480,668,17,11,0,5.83,304,1
CUST004743,626,17,3,0,13.03,156,1
CUST003902,581,3,12,1,10.04,256,0
CUST002911,788,11,7,0,148.84,24,1
CUST003567,696,17,2,0,51.06,218,3
CUST004522,757,5,13,0,23.7,97,2
CUST001834,556,11,8,0,39.52,196,1
CUST000072,654,20,4,0,14.13,115,0
CUST003347,752,24,11,0,21.5,236,0
CUST004083,717,15,4,0,31.08,308,3
CUST000256,779,11,12,2,31.14,158,0
CUST001211,643,16,3,0,25.72,220,1
CUST000118,689,22,14,0,40.67,18,3
CUST003847,695,15,10,1,8.62,255,0
CUST002121,702,8,14,1,44.01,192,2
CUST003128,688,8,8,0,12.28,133,3
CUST004829,645,7,6,1,18.39,43,0
CUST001053,743,4,9,0,57.44,148,0
CUST003074,732,17,8,0,18.76,341,3
CUST004119,699,5,10,3,14.71,304,4
CUST003270,623,11,11,0,3.44,259,1
CUST003890,657,10,4,0,1.53,306,1
CUST003012,556,14,8,0,17.84,120,2
CUST004081,642,12,13,0,11.82,37,0
CUST002418,682,22,9,0,6.79,298,0
CUST004871,756,19,6,0,30.14,78,3
CUST002389,628,9,6,1,50.28,294,2
CUST002668,643,13,12,1,19.7,59,2
CUST000722,754,11,10,1,79.52,285,1
CUST003455,779,17,9,0,16.22,6,1
CUST001232,662,19,13,0,31.4,68,5
CUST001265,731,4,10,1,58.37,293,1
CUST003358,613,23,9,0,26.44,184,0
CUST001843,694,8,14,0,15.23,143,0
CUST003005,677,19,4,0,28.12,26,0
CUST003653,594,10,6,2,36.93,20,0
CUST000551,704,23,5,1,21.89,341,3
CUST004708,643,16,12,0,15.41,57,1
CUST001909,819,12,11,1,13.73,270,1
CUST002465,631,20,5,1,48.4,9,6
CUST002624,545,8,9,0,31.63,216,0
CUST001129,685,21,11,0,55.76,33,1
CUST001224,736,8,8,1,22.14,223,0
CUST003706,657,16,11,0,29.33,125,1
CUST001625,715,5,4,0,48.46,258,0
CUST002378,742,15,1,0,7.3,181,0
CUST003359,652,18,2,1,37.4,241,0
CUST001979,850,20,3,1,16.37,258,0
CUST000420,660,19,7,3,19.58,115,4
CUST004219,830,7,6,0,12.18,32,0
CUST000154,756,6,5,1,37.03,108,1
CUST004640,814,11,13,0,34.47,25,2
CUST004058,741,23,2,0,131.82,164,3
CUST001507,716,5,6,0,36.97,222,5
CUST000175,619,13,11,0,64.15,359,1
CUST004623,645,16,6,1,44.28,315,0
CUST000438,605,17,10,0,18.4,132,1
CUST002438,709,13,8,0,8.73,54,1
CUST000037,771,18,8,1,7.73,104,1
CUST002776,697,10,13,0,19.1,124,0
CUST002754,732,12,7,0,36.88,108,3
CUST001675,778,9,13,0,14.99,309,1
CUST001050,634,16,9,3,45.35,97,1
CUST004001,738,19,3,0,36.54,95,1
CUST003000,784,9,8,0,36.36,154,0
CUST001582,754,12,12,2,23.48,140,0
CUST003731,800,2,8,3,37.67,293,1
CUST000350,784,17,5,0,20.84,75,0
CUST000735,608,13,12,0,6.76,310,4
CUST003883,650,3,1,1,2.82,190,1
CUST003284,721,4,8,0,25.99,283,3
CUST004776,688,9,14,0,9.75,136,1
CUST002982,999,21,14,3,51.62,155,0
CUST000122,489,2,11,0,31.64,85,0
CUST001056,520,6,2,0,11.7,300,0
CUST002211,757,7,11,0,15.3,153,0
CUST002529,710,22,13,0,49.16,146,1
CUST003265,658,3,4,1,27.17,44,0
CUST000149,633,21,12,1,72.13,56,1
CUST000708,746,12,10,0,58.64,197,0
CUST004094,733,9,4,0,14.94,306,1
CUST001201,557,6,14,0,56.58,247,1
CUST001951,604,3,3,1,36.45,12,1
CUST004704,650,11,3,0,26.61,330,1
CUST004809,638,12,11,0,13.45,238,0
CUST001707,655,8,3,1,27.34,190,1
CUST001429,630,3,10,0,39.39,310,5
CUST002581,615,6,12,0,10.94,117,5
CUST000178,710,4,14,0,41.6,178,0
CUST001931,705,13,7,2,17.32,177,2
CUST004616,520,4,2,0,4.27,215,1
CUST002291,627,2,12,0,26.19,121,0
CUST004994,528,2,13,1,65.77,106,2
CUST000570,803,5,11,3,7.03,140,0
CUST004343,678,10,2,0,27.75,26,2
CUST001299,649,22,3,0,15.52,52,0
CUST000087,714,13,12,0,3.69,307,0
CUST004308,767,13,12,0,42.67,67,3
CUST001978,528,11,6,0,32.88,247,0
CUST002358,613,23,8,1,22.03,117,0
CUST002758,679,7,3,0,15.09,121,2
CUST002837,584,20,8,0,59.29,21,3
CUST004910,625,12,5,0,42.71,191,0
CUST002182,536,14,10,0,17.8,307,0
CUST001736,606,21,8,2,40.98,109,0
CUST004543,614,8,6,0,20.36,101,0
CUST004983,809,21,5,1,27.65,105,2
CUST004634,730,19,4,3,38.74,90,0
CUST000157,571,5,5,0,6.54,355,1
CUST000305,636,15,10,2,28.91,6,2
CUST003681,705,16,1,0,29.98,242,3
CUST002646,617,5,9,0,38.8,319,1
CUST000605,626,16,9,0,24.68,51,4
CUST003259,810,9,11,0,8.74,164,2
CUST001436,581,13,4,0,33.45,91,0
CUST004515,846,4,11,0,57.39,328,4
CUST002033,580,21,1,3,20.52,84,0
CUST003043,511,24,10,1,15.4,237,0
CUST002988,810,22,7,0,15.72,106,2
CUST002805,703,17,14,0,44.06,254,1
CUST000971,667,3,6,0,13.52,215,0
CUST004369,710,5,12,2,7.66,315,0
CUST002124,564,9,11,0,50.6,195,0
CUST001228,635,15,13,0,16.13,338,4
CUST000352,756,19,6,0,16.9,90,1
CUST002856,625,24,6,1,35.83,242,2
CUST002113,623,19,13,0,26.88,227,0
CUST000019,772,6,10,0,11.67,288,0
CUST002142,675,17,14,1,43.54,331,1
CUST000807,708,19,3,0,23.63,35,1
CUST000333,566,20,4,0,29.61,37,0
CUST000900,680,4,1,0,51.21,333,0
CUST003978,791,21,1,1,20.16,53,2
CUST000248,535,21,7,3,33.62,237,1
CUST002347,601,12,4,0,47.55,19,1
CUST002476,777,14,14,0,46.96,49,4
CUST000358,710,3,2,0,16.84,251,2
CUST000335,615,14,13,0,27.76,202,0
CUST002759,672,21,8,1,37.54,307,0
CUST001288,655,8,7,0,13.03,217,3
CUST004046,500,2,10,0,19.21,202,1
CUST000298,684,23,2,0,21.11,195,1
CUST002102,555,9,12,0,12.54,247,1
CUST004061,701,7,11,0,39.76,206,2
CUST004041,552,9,7,0,27.1,34,1
CUST001845,748,24,14,1,5.62,79,0
CUST001458,671,4,7,1,29.09,90,0
CUST001086,584,15,14,2,36.7,320,0
CUST003429,585,24,3,2,44.64,24,0
CUST001836,624,6,9,0,29.31,217,3
CUST003298,671,4,5,1,31.89,199,6
CUST003442,655,11,8,0,34.05,169,0
CUST001117,700,8,13,3,56.84,282,0
CUST002260,694,13,8,0,18.11,235,0
CUST002707,753,20,1,0,22.75,22,0
CUST000064,848,16,5,0,46.17,258,1
CUST001734,660,3,5,0,41.67,92,0
CUST001320,665,24,3,0,4.81,324,0
CUST002377,710,2,5,2,16.62,163,3
CUST003494,617,2,1,1,6.25,217,1
CUST004544,568,15,12,0,61.85,130,0
CUST002188,615,22,14,0,59.08,335,0
CUST003199,677,3,10,3,18.86,169,2
CUST001588,698,16,10,0,29.99,85,0
CUST004514,840,18,1,0,39.24,248,0
CUST002246,549,9,12,2,182.65,320,1
CUST002451,700,14,10,0,11.16,180,4
CUST004281,653,18,1,3,53.37,134,1
CUST000090,769,17,6,3,3.84,88,1
CUST001031,581,12,14,1,17.29,211,3
CUST000440,737,9,14,0,35.62,334,0
CUST004601,633,2,6,0,79.62,340,0
CUST002058,752,8,12,1,12.38,18,1
CUST001724,673,4,10,0,57.11,14,0
CUST004495,744,14,1,0,31.83,215,0
CUST002802,706,7,1,0,5.11,336,0
CUST001447,596,15,5,0,42.64,127,0
CUST004932,513,14,2,0,5.82,170,2
CUST002004,799,3,3,0,14.16,152,1
CUST001867,655,12,7,0,17.42,75,0
CUST004448,780,2,3,0,29.21,104,0
CUST002103,673,22,1,1,44.69,21,0
CUST002507,757,24,12,0,3.47,47,0
CUST000291,601,9,12,2,39.43,168,1
CUST001922,692,22,1,1,19.7,327,1
CUST003544,850,8,5,0,11.23,166,2
CUST002000,601,15,14,0,15.84,309,0
CUST004406,728,19,9,0,36.58,291,2
CUST002165,676,12,3,1,44.29,347,1
CUST000667,712,18,5,0,52.88,297,0
CUST002447,684,18,6,0,21.47,82,1
CUST004190,536,11,7,1,9.99,248,2
CUST003085,717,2,4,0,18.69,331,1
CUST004279,709,4,7,0,28.85,341,2
CUST001217,809,6,3,0,36.73,286,1
CUST003372,581,8,12,0,31.35,152,1
CUST000764,702,19,4,0,8.42,257,3
CUST001914,586,10,7,0,29.4,57,1
CUST000359,761,15,3,0,120.58,227,1
CUST002158,737,23,8,0,47.28,187,1
CUST001566,659,14,11,2,15.25,23,0
CUST003213,573,9,12,0,25.98,127,5
CUST003524,680,17,10,0,23.93,93,0
CUST003411,999,21,7,1,7.66,195,0
CUST000058,766,3,5,0,35.93,328,2
CUST002792,574,9,14,0,5.78,79,2
CUST002487,599,3,2,0,28.37,204,0
CUST000514,595,21,7,2,50.75,285,1
CUST000061,661,12,2,0,19.66,156,3
CUST001097,631,19,14,0,42.87,157,3
CUST002840,748,22,2,1,41.73,36,0
CUST001715,723,11,4,0,37.53,61,0
CUST004771,741,4,10,1,40.75,151,1
CUST001768,778,13,12,1,9.08,334,0
CUST002326,560,3,13,0,12.32,41,0
CUST003669,671,17,9,1,11.53,155,0
CUST000540,688,3,4,0,39.42,84,4
CUST002023,611,7,12,0,12.06,92,0
CUST002127,675,16,8,0,43.21,230,0
CUST004147,713,20,6,3,14.95,212,0
CUST001531,637,12,7,0,8.84,317,1
CUST000550,683,22,14,1,24.79,240,1
CUST002887,651,17,2,0,21.06,230,0
CUST002656,728,15,2,1,60.53,63,0
CUST002174,753,17,6,0,42.6,211,0
CUST000648,721,3,3,0,38.86,148,2
CUST004255,797,17,14,1,9.93,54,2
CUST001786,473,7,6,0,31.13,71,0
CUST000578,646,17,14,0,14.64,343,0
CUST003001,589,20,4,0,25.88,155,0
CUST002473,804,24,4,0,52.4,204,0
CUST001620,579,9,12,0,154.51,134,5
CUST001598,793,16,14,1,59.61,135,1
CUST003195,654,5,8,0,12.88,92,0
CUST000025,622,22,9,0,51.77,226,5
CUST001301,703,22,11,0,21.74,245,1
CUST004658,836,15,10,0,36.98,231,2
CUST004388,608,20,14,0,28.61,114,5
CUST003756,700,19,14,2,32.27,33,4
CUST002536,708,20,11,0,6.35,24,5
CUST004531,599,6,7,0,22.99,255,3
CUST004021,628,5,9,1,5.45,308,2
CUST001524,635,22,1,1,28.37,51,0
CUST001259,688,24,6,0,197.85,124,0
CUST003241,564,21,10,0,13.99,9,0
CUST001161,682,3,12,0,25.99,276,4
CUST002008,587,3,4,0,9.36,313,0
CUST000425,663,10,14,0,10.5,226,0
CUST000772,587,14,2,0,30.77,328,1
CUST001084,785,16,10,0,39.98,73,0
CUST000377,701,3,2,0,15.68,74,1
CUST002014,615,2,6,0,29.28,234,2
CUST000369,814,16,4,0,18.48,210,0
CUST003065,557,22,5,1,29.14,81,1
CUST002547,677,10,10,3,178.38,188,1
CUST003677,714,17,9,0,47.49,324,0
CUST000273,655,10,8,0,1.05,101,0
CUST004717,668,7,4,0,50.15,37,0
CUST003984,624,17,11,0,33.83,71,2
CUST003419,610,21,2,1,11.01,341,2
CUST001548,749,19,2,0,3.31,30,1
CUST002925,687,21,3,0,46.13,200,0
CUST002661,704,23,7,1,36.67,75,0
CUST002554,732,18,7,0,28.55,51,5
CUST004010,629,19,7,0,17.35,350,0
CUST004334,623,3,3,0,55.98,97,0
CUST002387,620,16,9,0,10.04,265,0
CUST004649,683,18,7,2,52.44,227,2
CUST002726,835,10,14,1,47.97,180,2
CUST003968,683,2,12,0,23.53,205,5
CUST003546,436,14,12,0,7.16,196,3
CUST004643,702,2,12,0,17.53,307,0
CUST002149,709,5,9,2,40.93,311,3
CUST003243,758,2,9,0,36.94,62,5
CUST002152,782,10,7,0,49.77,178,1
CUST004291,850,9,5,1,46.91,246,0
CUST002978,675,17,8,0,28.51,358,0
CUST004206,699,13,10,0,35.32,277,3
CUST002116,706,9,3,1,33.19,44,5
CUST003569,652,24,6,1,15.37,141,5
CUST000779,661,11,8,1,28.81,51,1
CUST003745,622,24,3,1,17.6,325,1
CUST002454,647,11,11,0,22.57,313,2
CUST001992,669,12,9,0,56.24,256,1
CUST000544,718,2,2,2,46.18,215,4
CUST004307,713,17,1,0,40.58,34,3
CUST002573,590,17,13,3,27.78,56,0
CUST000941,572,7,11,0,45.44,19,0
CUST004049,641,20,12,0,8.65,246,1
CUST001007,806,3,10,0,9.01,16,1
CUST000819,711,18,6,3,30.47,189,0
CUST000684,691,18,6,0,32.66,55,1
CUST001152,738,18,13,0,2.95,306,4
CUST000773,581,12,14,1,10.63,206,1
CUST002207,738,4,4,0,58.95,236,2
CUST002931,632,14,12,1,18.12,70,2
CUST000008,551,5,2,0,23.99,39,0
CUST001037,665,21,3,2,4.78,35,0
CUST003840,764,17,2,0,10.86,282,4
CUST000612,695,23,12,3,66.0,208,1
CUST000419,670,3,4,0,30.33,8,5
CUST003893,619,22,10,0,8.26,237,3
CUST000336,667,17,11,0,10.13,240,0
CUST001249,850,21,12,0,26.95,37,0
CUST002709,742,7,8,0,12.16,261,0
CUST004477,682,4,2,1,44.16,190,1
CUST002496,604,5,7,0,53.83,201,3
CUST000994,519,18,4,2,51.06,318,1
CUST004143,581,6,6,2,39.82,55,2
CUST004322,652,24,1,1,12.69,148,1
CUST002964,601,15,1,0,4.36,324,0
CUST002307,559,23,7,2,29.08,281,1
CUST000988,667,4,7,0,24.19,174,1
CUST004906,565,24,7,0,43.21,52,6
CUST001188,711,7,3,1,32.63,11,1
CUST003466,746,2,6,0,66.49,71,0
CUST003111,812,9,10,0,36.98,99,1
CUST003426,594,2,8,0,21.96,24,1
CUST002426,629,11,8,2,6.48,291,1
CUST002179,594,4,12,1,13.02,118,0
CUST003533,756,23,8,1,21.08,222,0
CUST004303,607,14,10,0,9.6,117,0
CUST003360,641,20,7,1,10.83,114,0
CUST000905,678,16,4,0,39.32,295,0
CUST002457,597,10,5,1,11.83,290,2
CUST003271,780,3,6,0,29.25,329,1
CUST004555,581,18,1,0,35.47,15,0
CUST003604,691,24,2,0,29.52,88,3
CUST001655,600,9,6,1,15.4,357,0
CUST001375,639,3,3,0,10.83,63,2
CUST002688,681,7,3,0,23.55,63,2
CUST003403,604,24,4,0,118.4,147,1
CUST002065,397,19,1,1,59.92,234,2
CUST003865,768,14,5,0,28.42,81,1
CUST004122,526,2,8,0,25.78,340,2
CUST002557,639,11,8,0,25.05,27,2
CUST004683,681,4,7,0,49.08,202,0
CUST000155,677,10,7,0,6.13,254,0
CUST003730,689,23,4,1,24.54,337,1
CUST002606,661,14,9,1,23.75,60,0
CUST003480,690,6,11,2,37.65,279,0
CUST002869,709,7,6,0,16.32,108,1
CUST004462,788,10,2,1,58.62,311,1
CUST002277,634,13,11,0,50.68,162,4
CUST004940,780,24,5,0,7.58,114,0
CUST000326,657,18,7,0,7.35,282,0
CUST000558,726,12,12,0,4.36,247,0
CUST002335,699,16,8,0,16.6,300,2
CUST003835,601,3,14,0,28.28,215,0
CUST003023,560,23,11,0,42.39,184,0
CUST000834,713,19,7,0,13.58,358,0
CUST004416,587,15,10,1,52.86,334,2
CUST000523,600,7,3,0,13.96,286,0
CUST002001,652,10,5,0,26.39,341,2
CUST002290,766,3,9,0,66.48,118,0
CUST004648,787,18,6,0,19.7,351,5
CUST001815,568,5,10,3,56.43,279,1
CUST003053,459,11,12,0,29.53,243,0
CUST000007,666,9,4,2,49.4,317,1
CUST002203,625,7,6,0,7.02,66,0
CUST003224,811,4,14,1,153.58,239,0
CUST004213,738,8,11,0,20.61,283,1
CUST002751,613,11,1,3,47.47,58,0
CUST004740,571,18,3,0,8.3,287,0
CUST001691,716,20,4,0,32.69,184,1
CUST002987,629,17,7,0,32.38,290,2
CUST002812,612,2,2,1,4.5,89,0
CUST001344,703,4,7,0,21.04,100,1
CUST003539,595,24,11,1,11.39,158,0
CUST003881,698,19,14,0,32.89,27,1
CUST004338,713,8,8,0,46.66,82,1
CUST001095,571,6,13,3,32.39,81,0
CUST002609,712,14,13,1,34.64,337,4
CUST001869,677,18,8,0,25.3,321,2
CUST000297,517,9,7,0,24.84,29,1
CUST002522,697,14,8,0,25.96,137,0
CUST003121,624,4,8,2,12.41,26,3
CUST002763,651,18,1,1,24.78,189,2
CUST003997,730,12,1,0,59.19,72,0
CUST004897,647,20,7,0,16.27,61,1
CUST003852,809,7,8,0,49.52,212,0
CUST001578,479,19,9,0,31.37,274,2
CUST000315,691,14,5,0,31.36,172,1
CUST001059,614,3,2,0,29.29,45,0
CUST003660,625,23,10,0,29.58,81,4
CUST004629,596,21,7,0,17.78,15,4
CUST001924,729,5,4,0,34.59,83,3
CUST001697,574,19,10,3,22.17,247,0
CUST003797,806,21,5,0,18.42,48,2
CUST002711,741,3,1,0,19.7,229,0
CUST004480,999,23,14,1,33.63,330,0
CUST002538,644,19,14,0,33.42,174,0
CUST002403,747,5,4,0,47.3,61,2
CUST002257,694,9,5,0,28.78,249,0
CUST002815,783,23,9,1,16.87,81,3
CUST003161,663,4,5,3,30.72,345,2
CUST003193,757,14,5,0,11.99,180,2
CUST004306,735,3,13,0,48.25,45,4
CUST000658,735,10,8,1,14.5,189,1
CUST002912,668,10,4,1,21.1,267,3
CUST002181,718,2,7,2,26.94,81,0
CUST001960,643,10,5,0,27.99,249,4
CUST002698,620,22,14,0,42.04,77,4
CUST003272,693,17,5,0,30.46,215,0
CUST004432,733,12,6,0,20.46,301,0
CUST000388,682,19,8,0,16.05,85,0
CUST004360,571,8,14,0,47.78,84,1
CUST000814,656,15,7,1,26.28,269,2
CUST002132,701,2,11,1,37.92,84,1
CUST003031,805,15,8,2,43.11,67,1
CUST000596,750,2,3,0,15.86,73,0
CUST001204,768,15,9,0,11.43,100,3
CUST003183,999,24,5,0,54.37,132,0
CUST000862,824,15,13,0,3.8,299,2
CUST002238,718,24,13,0,45.66,190,0
CUST000371,587,17,7,0,45.45,324,1
CUST004651,580,9,13,0,23.42,158,0
CUST004769,626,3,14,0,29.25,193,3
CUST001405,611,6,13,0,25.47,198,5
CUST002517,702,7,14,0,3.3,352,0
CUST004638,626,2,11,0,26.5,302,0
CUST002467,701,5,1,1,17.33,49,0
CUST003618,667,8,1,2,19.94,55,0
CUST001380,760,9,14,2,197.8,177,1
CUST001397,672,6,11,0,57.42,309,0
CUST004040,548,7,7,0,49.82,26,0
CUST004943,592,16,11,0,37.84,66,1
CUST004593,725,13,14,0,26.07,12,1
CUST002958,798,9,6,0,107.38,289,0
CUST001784,713,9,3,1,18.94,162,6
CUST001182,846,17,5,0,8.02,55,0
CUST002745,521,16,5,2,16.1,144,0
CUST004540,692,20,7,0,20.67,136,1
CUST001572,557,4,2,0,8.48,271,0
CUST001382,730,9,6,0,16.77,242,3
CUST004439,784,24,11,1,46.04,91,0
CUST001554,564,17,12,0,9.75,335,2
CUST003135,764,19,7,0,25.27,28,0
CUST000431,830,15,12,0,67.14,50,0
CUST000622,610,19,5,0,32.28,200,2
CUST002073,818,13,1,0,41.43,199,0
CUST003556,612,13,14,0,9.62,26,4
CUST000742,695,20,4,0,31.67,333,0
CUST003952,850,18,2,1,23.37,53,0
CUST004614,640,15,2,0,56.91,22,0
CUST001223,656,19,1,2,63.31,278,3
CUST002266,676,13,5,0,26.69,118,1
CUST000813,647,9,1,0,26.06,89,0
CUST000707,827,24,4,0,12.88,189,4
CUST002285,692,16,10,0,37.52,109,4
CUST002895,829,23,5,0,30.31,92,1
CUST001456,760,4,10,2,53.54,103,0
CUST000624,588,24,1,0,21.69,354,0
CUST003525,754,9,3,1,3.84,315,0
CUST000967,670,11,7,0,26.51,185,3
CUST000555,685,24,14,0,31.3,256,0
CUST001674,831,10,2,0,16.16,49,0
CUST001908,641,10,12,0,25.91,287,0
CUST001728,675,14,5,1,16.87,70,0
CUST004382,812,15,9,0,11.67,330,2
CUST002666,0,23,10,0,45.9,355,0
CUST000437,705,3,7,0,15.05,318,0
CUST001186,655,14,2,0,16.78,121,0
CUST001368,657,2,8,1,11.03,166,1
CUST002332,629,12,2,0,34.8,188,4
CUST002827,575,17,3,1,40.16,155,1
CUST000069,628,18,4,0,22.8,73,0
CUST004573,707,11,6,0,124.89,287,0
CUST001017,602,6,8,0,38.01,92,0
CUST001506,660,8,8,0,25.19,345,1
CUST004294,762,13,14,2,16.69,43,3
CUST002924,685,17,8,0,22.35,8,5
CUST003256,850,17,7,0,24.67,106,0
CUST001132,730,23,2,0,13.48,49,3
CUST000981,531,10,9,2,34.35,198,0
CUST004079,601,17,13,0,32.72,161,1
CUST004659,487,13,12,0,20.02,210,0
CUST004878,662,6,11,0,46.55,147,0
CUST002864,790,10,5,1,44.58,132,0
CUST004298,698,3,8,1,41.61,179,0
CUST001568,621,2,11,0,49.87,123,2
CUST002318,811,19,4,0,5.56,30,6
CUST002980,611,20,8,0,34.8,275,0
CUST001713,736,19,2,0,16.76,323,2
CUST002420,620,18,4,3,12.54,232,1
CUST001312,715,8,13,0,54.94,179,0
CUST002053,642,22,1,0,28.68,230,0
CUST001381,587,17,6,0,7.83,270,1
CUST000217,551,3,10,0,11.14,123,2
CUST000018,719,16,2,2,10.86,238,0
CUST000747,749,21,4,0,26.19,184,1
CUST003973,725,20,13,0,39.6,267,0
CUST001383,682,7,12,0,54.87,136,3
CUST003648,549,4,9,0,3.81,171,0
CUST002212,688,11,5,0,20.06,46,3
CUST000896,690,13,14,0,17.19,50,0
CUST002431,841,10,4,0,36.84,289,1
CUST000930,643,24,14,0,26.57,62,2
CUST002518,648,15,9,0,48.67,317,0
CUST004653,698,4,1,0,36.5,297,0
CUST002300,674,5,12,0,30.44,116,5
CUST003762,672,3,3,0,19.23,326,0
CUST001806,586,2,13,0,17.45,356,3
CUST004588,713,19,9,0,25.93,211,1
CUST004212,666,3,2,1,16.99,320,0
CUST000984,575,23,7,0,16.84,247,1
CUST000075,633,5,1,1,15.14,346,1
CUST004945,583,5,12,0,44.27,100,0
CUST002663,673,21,8,2,32.52,69,2
CUST004662,794,6,4,1,30.74,84,0
CUST002128,620,10,11,0,125.18,124,0
CUST002883,673,24,2,0,72.12,33,1
CUST004744,681,22,8,0,49.84,12,3
CUST002993,789,2,6,1,33.13,313,1
CUST001584,679,8,8,0,36.05,56,0
CUST001154,584,15,14,0,30.29,228,1
CUST000693,850,8,5,0,23.07,105,2
CUST003920,762,13,11,2,12.46,132,0
CUST000564,489,20,1,0,25.51,51,2
CUST003672,702,6,5,0,9.45,13,0
CUST002632,765,9,5,1,8.02,55,5
CUST003475,683,24,1,0,39.65,234,1
CUST004435,710,14,10,0,10.76,186,3
CUST001898,677,6,3,0,61.88,176,0
CUST000468,643,16,7,0,74.56,122,2
CUST004258,0,10,7,3,61.37,78,0
CUST001962,646,11,10,0,29.73,294,0
CUST001069,492,15,14,0,33.76,43,0
CUST001946,822,5,9,0,25.2,261,1
CUST001520,681,8,5,0,28.25,326,1
CUST000602,576,7,8,0,11.65,261,0
CUST003443,682,4,11,0,59.77,169,0
CUST003778,781,3,8,0,12.18,130,2
CUST004714,734,22,14,0,23.8,195,2
CUST002295,596,24,8,2,16.44,306,0
CUST003579,650,15,9,2,48.16,209,2
CUST004335,749,14,2,0,22.69,157,3
CUST001933,621,17,6,3,13.62,157,0
CUST002631,710,14,9,0,24.38,227,2
CUST000132,635,18,1,0,21.6,58,3
CUST003424,673,13,3,0,33.92,41,1
CUST003796,771,19,5,0,3.08,36,0
CUST004834,629,18,7,0,11.78,52,0
CUST001171,546,5,13,0,43.24,224,2
CUST002752,850,15,4,2,32.24,312,1
CUST002081,655,17,4,2,185.24,100,0
CUST001841,706,12,13,0,50.9,161,0
CUST000143,848,5,7,0,21.77,70,1
CUST004985,724,11,13,0,11.65,286,1
CUST000628,673,16,9,0,13.51,298,5
CUST001190,682,7,8,0,38.7,110,0
CUST000878,835,13,12,0,33.17,254,0
CUST001170,751,7,12,0,12.07,256,5
CUST001968,641,4,3,0,50.01,84,0
CUST003057,753,2,4,0,19.58,105,3
CUST004633,634,9,13,0,1.28,170,3
CUST002777,702,17,1,0,69.27,349,0
CUST000142,736,23,12,0,23.63,65,0
CUST003500,623,6,11,0,40.68,160,4
CUST000542,643,8,11,0,27.55,279,1
CUST003960,637,7,6,1,24.94,85,3
CUST002775,583,22,8,0,32.92,332,3
CUST000593,685,12,11,0,127.02,169,1
CUST000045,674,11,10,1,53.37,151,0
CUST000662,703,10,14,1,26.89,332,1
CUST002877,711,22,1,1,21.81,43,0
CUST003701,638,24,6,0,1.54,308,0
CUST003261,746,3,7,0,36.63,297,0
CUST004245,689,6,3,3,37.96,51,1
CUST002845,563,7,5,0,24.14,220,0
CUST003530,707,21,13,0,50.73,268,1
CUST000213,627,14,6,0,34.94,138,0
CUST000156,464,15,7,0,20.11,329,0
CUST002849,824,4,13,0,12.37,282,0
CUST002947,528,13,4,2,31.54,310,0
CUST000027,605,10,6,2,25.13,256,5
CUST002028,658,13,13,0,6.2,209,0
CUST004252,691,23,14,1,36.64,158,1
CUST004107,694,10,9,0,27.19,132,0
CUST000629,651,20,13,0,38.05,185,2
CUST004200,549,16,12,0,21.35,40,2
CUST002288,715,11,5,3,35.4,73,2
CUST004590,595,14,2,0,15.22,74,0
CUST002365,723,12,9,0,26.74,330,0
CUST000141,727,5,6,0,31.29,149,0
CUST004316,684,7,11,0,41.7,131,2
CUST003080,594,14,5,2,40.86,58,2
CUST000363,642,20,12,2,15.75,307,5
CUST000673,825,2,1,0,28.86,303,4
CUST002934,668,11,13,0,44.34,22,4
CUST002201,0,4,14,0,9.31,9,1
CUST001865,734,14,10,0,19.03,38,0
CUST002713,623,20,6,3,23.11,204,4
CUST002617,774,14,11,0,66.68,160,3
CUST004958,491,2,8,0,16.55,336,1
CUST002629,703,6,12,0,7.02,240,1
CUST003743,838,15,7,1,17.77,238,0
CUST002034,741,10,5,1,15.85,55,0
CUST001955,734,5,5,2,52.4,254,3
CUST002749,615,3,14,0,17.82,213,5
CUST000607,597,22,2,0,3.9,343,1
CUST000473,641,15,12,0,12.32,216,0
CUST000534,724,4,8,0,39.32,275,2
CUST002566,660,5,7,0,13.64,337,3
CUST002630,552,14,1,1,15.4,241,1
CUST004713,734,8,7,0,6.58,226,1
CUST001410,684,16,4,0,29.26,290,3
CUST003540,711,21,6,0,37.07,312,2
CUST003014,650,5,11,2,32.29,199,0
CUST000737,685,17,10,0,9.57,107,5
CUST004125,725,13,7,0,17.15,27,2
CUST003221,644,18,14,0,17.16,56,1
CUST000189,606,18,6,0,45.33,153,0
CUST002104,569,7,11,2,17.04,60,0
CUST000247,675,20,6,0,26.63,305,5
CUST004124,695,13,5,0,59.5,327,2
CUST004875,747,17,10,0,5.79,256,0
CUST004529,738,4,4,0,22.13,344,2
CUST001293,678,13,2,1,22.05,170,0
CUST003381,695,23,1,0,41.71,216,0
CUST000080,817,21,14,0,21.67,162,1
CUST004240,731,3,4,0,52.35,95,4
CUST003795,700,2,12,0,17.95,178,0
CUST002248,601,20,11,0,24.83,239,0
CUST002237,641,6,1,1,14.15,184,2
CUST004267,554,7,9,1,12.98,144,6
CUST004951,702,16,1,0,105.89,344,2
CUST001996,619,21,11,0,2.85,47,2
CUST003113,596,22,10,0,60.93,233,1
CUST001835,707,17,5,0,53.13,195,0
CUST003378,764,3,2,1,38.41,178,0
CUST003090,626,23,6,0,15.78,219,0
CUST001193,652,10,8,1,15.25,112,1
CUST001947,655,9,2,0,28.81,90,5
CUST001240,792,5,7,0,29.84,308,1
CUST003156,586,6,4,0,37.52,69,3
CUST002075,477,10,10,1,69.28,186,0
CUST003773,712,22,4,1,37.03,261,0
CUST004660,470,12,6,0,2.51,30,2
CUST002842,597,24,11,0,59.53,172,0
CUST002942,836,24,8,0,25.41,13,0
CUST000378,673,8,7,0,19.42,59,1
CUST003246,708,3,6,0,51.61,130,2
CUST000265,750,24,5,0,15.08,252,1
CUST003908,561,24,6,1,9.45,16,3
CUST000561,701,22,7,1,12.19,89,1
CUST000650,536,3,9,0,20.11,12,2
CUST002867,617,13,2,0,38.78,208,0
CUST004960,673,18,2,0,11.25,92,0
CUST002870,604,7,12,0,5.65,191,0
CUST003018,999,2,9,1,13.08,49,0
CUST003651,746,24,14,2,10.31,290,5
CUST001982,613,10,6,1,33.95,348,1
CUST004551,721,11,9,0,12.97,303,0
CUST002556,598,23,10,0,18.73,134,0
CUST001128,772,7,8,0,7.3,132,1
CUST001832,736,2,11,0,20.21,310,3
CUST001927,734,17,8,0,21.83,193,0
CUST000344,748,11,5,1,27.28,52,1
CUST004000,847,15,14,0,37.64,21,0
CUST003816,698,15,9,0,44.16,243,1
CUST002744,607,15,11,1,45.06,358,2
CUST004412,728,14,2,0,18.97,200,2
CUST002374,694,3,9,0,29.63,166,0
CUST000216,697,21,9,0,41.61,48,0
CUST003622,705,24,3,0,17.9,8,6
CUST000841,545,3,9,3,36.83,224,0
CUST000264,606,19,11,1,35.4,8,1
CUST000518,566,6,6,0,46.42,13,2
CUST001194,850,5,11,0,39.89,257,2
CUST001441,836,8,14,1,44.88,88,2
CUST001241,850,5,3,1,27.26,193,1
CUST003874,819,14,10,0,32.46,25,0
CUST004907,672,12,2,1,47.5,82,1
CUST001310,589,3,5,0,42.43,113,1
CUST004436,686,10,2,1,18.08,67,2
CUST000519,829,14,11,0,15.87,193,4
CUST000125,704,11,8,2,5.5,114,1
CUST002242,686,22,8,0,51.52,332,5
CUST004733,692,17,7,0,32.1,116,0
CUST003297,686,19,9,1,42.72,116,0
CUST004584,676,6,13,0,31.59,95,0
CUST000670,651,19,5,3,50.88,250,0
CUST002061,788,15,1,1,7.49,10,1
CUST000176,603,10,2,0,21.94,63,1
CUST001200,693,3,13,2,20.63,312,0
CUST000538,646,12,9,0,8.46,62,1
CUST002657,589,24,2,0,19.61,184,1
CUST002658,633,19,11,0,6.48,350,0
CUST001838,607,9,12,0,29.49,228,0
CUST003897,582,8,3,1,20.93,65,0
CUST002119,705,2,5,0,10.32,89,1
CUST003887,795,24,8,0,17.94,287,3
CUST003537,602,7,10,1,16.83,7,0
CUST001977,639,5,12,0,31.84,352,0
CUST003559,658,18,7,3,22.74,63,2
CUST000547,699,13,10,0,22.07,42,5
CUST002163,702,18,13,0,11.52,266,0
CUST002077,730,10,12,0,18.29,323,0
CUST002012,585,6,3,1,20.91,289,0
CUST003353,550,3,13,2,9.22,187,0
CUST000992,606,11,5,1,44.38,179,1
CUST001725,625,6,1,3,21.63,283,1
CUST000108,642,20,9,0,46.28,274,0
CUST004671,593,10,12,0,12.9,254,0
CUST003519,678,12,14,0,15.8,305,0
CUST002470,707,23,7,0,20.23,327,1
CUST001645,745,21,3,1,30.96,199,2
CUST000481,614,21,3,0,37.7,33,0
CUST001589,685,18,2,0,38.72,201,2
CUST001279,758,16,1,3,18.55,302,4
CUST000946,543,5,4,1,18.43,109,1
CUST004199,629,3,9,0,30.21,273,4
CUST004677,573,19,5,1,20.09,76,1
CUST002757,703,19,7,0,33.31,36,0
CUST000966,825,12,7,0,20.49,305,0
CUST002836,625,15,11,0,12.44,41,1
CUST003201,785,14,14,0,6.66,22,0
CUST002750,760,3,4,0,50.21,192,0
CUST002402,685,18,7,1,41.54,315,0
CUST003217,648,20,7,2,22.45,183,0
CUST000920,638,17,14,1,13.25,123,3
CUST000164,815,16,7,0,18.59,212,2
CUST004304,620,20,11,1,10.17,73,0
CUST001999,715,12,5,0,29.26,191,0
CUST000927,617,3,5,1,35.3,85,0
CUST002351,551,6,10,0,33.78,333,2
CUST001254,613,17,2,0,8.85,190,2
CUST001463,802,5,12,1,29.1,62,2
CUST001627,781,20,5,0,34.07,195,0
CUST004112,640,22,2,1,34.93,211,6
CUST001984,850,4,13,0,40.82,90,3
CUST004194,793,9,2,1,191.76,346,1
CUST004679,624,3,9,0,26.9,48,2
CUST002971,658,15,3,1,13.36,118,0
CUST004530,659,12,6,2,13.39,47,1
CUST002320,626,6,7,0,14.58,42,0
CUST004150,725,13,13,0,29.95,28,2
CUST004352,705,19,4,0,34.29,209,0
CUST002686,722,10,14,1,4.5,290,5
CUST000271,724,18,6,2,6.23,129,5
CUST004295,706,22,7,0,41.22,314,0
CUST002626,607,17,6,3,1.29,190,3
CUST001972,667,21,4,0,10.79,184,0
CUST001911,678,20,4,0,23.42,42,0
CUST000681,664,18,3,0,36.27,83,0
CUST000685,736,14,5,1,27.06,281,1
CUST003523,679,16,12,0,29.67,323,4
CUST001757,798,8,11,0,26.29,293,0
CUST002375,667,11,1,2,45.52,157,1
CUST000701,803,17,7,0,27.42,321,0
CUST002594,665,23,9,0,33.93,28,0
CUST000109,700,2,3,0,31.05,74,1
CUST002475,703,17,14,0,51.91,310,2
CUST002228,564,5,10,0,22.55,148,0
CUST001347,563,11,11,2,23.82,214,3
CUST004036,698,2,8,0,55.92,286,1
CUST001770,585,20,5,0,16.65,214,0
CUST000091,721,13,2,2,14.82,38,0
CUST000725,804,2,13,0,42.72,18,5
CUST003784,611,19,12,0,38.03,216,1
CUST002720,655,18,1,0,40.39,186,1
CUST003003,490,6,10,3,41.46,102,0
CUST003565,518,23,13,0,31.57,147,1
CUST003780,725,19,13,0,16.77,122,0
CUST004741,681,4,10,1,17.37,84,1
CUST003854,614,19,9,0,16.72,241,3
CUST001302,462,24,13,3,14.42,126,1
CUST004990,643,17,5,0,30.95,326,3
CUST004845,690,13,4,0,45.6,325,0
CUST004434,783,12,1,0,51.94,58,0
CUST004574,653,18,11,3,22.8,292,2
CUST000689,850,8,10,1,7.61,35,2
CUST000738,643,6,1,1,37.29,254,1
CUST004655,585,10,9,0,35.47,134,4
CUST003514,812,24,12,0,19.67,242,1
CUST001599,792,17,10,0,32.21,269,2
CUST003231,789,2,3,0,35.71,301,0
CUST002043,823,19,6,0,31.46,257,1
CUST000187,730,7,4,0,47.02,179,2
CUST000285,625,17,9,0,55.46,317,2
CUST000638,527,3,3,1,27.78,10,3
CUST004963,669,15,12,0,53.68,42,1
CUST003738,602,5,11,2,46.51,31,0
CUST000161,667,16,14,0,17.64,182,0
CUST002880,508,18,14,0,26.99,87,3
CUST004909,544,10,9,3,16.92,164,3
CUST004401,713,15,12,0,49.84,142,0
CUST003437,706,14,13,0,44.52,46,0
CUST000174,642,12,7,0,25.72,173,4
CUST004140,554,5,3,1,23.72,325,0
CUST004738,692,4,7,0,13.42,136,0
CUST003646,641,7,14,1,7.03,16,1
CUST003753,636,20,14,0,15.14,71,0
CUST001372,773,18,1,2,32.56,270,2
CUST000467,793,17,12,1,46.23,18,0
CUST001956,718,6,11,0,45.0,242,4
CUST003921,709,11,1,0,29.42,133,0
CUST004028,788,5,3,0,30.28,217,3
CUST000276,671,22,6,0,8.92,127,1
CUST003132,631,17,11,1,41.07,283,1
CUST002569,682,12,6,0,50.83,323,0
CUST004270,746,3,6,0,50.86,115,4
CUST003916,700,18,13,0,31.22,261,3
CUST003621,501,16,2,0,33.02,26,1
CUST004244,766,10,12,0,20.15,73,1
CUST004516,714,3,14,0,42.25,50,0
CUST001928,708,8,14,1,22.4,69,0
CUST003290,748,14,10,0,36.53,104,1
CUST004853,664,7,13,0,15.08,204,0
CUST004365,701,22,5,0,12.7,331,0
CUST003884,747,3,12,0,59.67,142,3
CUST004205,726,9,3,1,22.74,123,0
CUST002952,607,23,11,0,25.3,243,5
CUST002308,659,9,1,0,36.88,232,0
CUST001517,635,21,7,2,25.12,345,4
CUST002894,666,7,3,1,76.29,79,2
CUST000990,782,10,6,0,25.91,16,0
CUST001404,762,20,3,0,10.24,147,0
CUST004854,747,12,1,0,16.46,35,5
CUST001423,577,23,2,1,13.02,350,0
CUST002038,645,18,13,0,33.29,322,1
CUST001346,475,5,7,0,21.35,17,5
CUST004234,684,22,5,2,30.43,345,0
CUST000268,657,3,6,0,9.34,188,0
CUST003878,654,8,3,0,18.38,355,0
CUST000867,774,21,9,1,4.96,99,0
CUST000384,628,11,14,0,34.55,223,2
CUST004417,716,5,3,1,23.08,81,0
CUST000529,797,22,4,2,68.95,256,0
CUST003564,691,7,1,2,12.74,242,2
CUST003311,765,10,10,0,21.93,303,5
CUST003214,735,14,2,0,11.13,43,1
CUST002449,630,24,11,0,62.44,13,0
CUST003436,709,14,1,0,18.31,83,0
CUST003834,819,5,14,1,29.66,130,1
CUST002785,669,10,14,0,57.19,90,0
CUST003574,659,21,12,1,26.41,182,1
CUST000477,688,22,5,0,44.38,343,5
CUST000434,850,10,1,0,22.81,261,0
CUST001103,636,9,4,0,32.93,17,2
CUST004062,658,7,11,1,45.18,258,2
CUST000727,669,23,10,0,36.62,233,1
CUST001038,640,24,13,1,6.81,218,2
CUST001009,677,15,10,0,19.47,178,0
CUST000918,562,18,12,1,54.23,323,0
CUST000587,620,21,5,0,193.07,342,0
CUST003350,614,9,8,0,14.93,6,0
CUST003164,589,11,4,0,28.54,325,3
CUST003520,741,16,2,1,6.6,144,1
CUST004004,753,24,7,0,10.84,273,0
CUST001883,731,3,9,2,19.69,108,0
CUST002298,658,24,10,0,43.99,331,2
CUST004123,622,22,11,0,23.36,111,4
CUST001831,702,11,3,0,18.56,6,3
CUST000442,645,23,12,1,6.58,270,1
CUST001083,575,11,14,0,60.82,282,0
CUST001901,813,18,11,0,24.63,284,3
CUST001189,522,18,8,0,33.26,152,4
CUST001303,788,9,14,1,20.05,337,4
CUST004375,601,24,1,0,28.68,251,1
CUST003679,641,13,9,0,4.8,87,3
CUST004073,694,2,13,2,36.17,347,2
CUST000381,794,11,3,0,18.85,269,1
CUST000219,650,3,7,2,35.29,335,6
CUST001119,631,18,8,0,54.24,176,0
CUST000682,850,3,4,0,26.72,344,1
CUST003736,751,14,2,0,26.36,269,0
CUST003610,775,8,1,0,39.73,328,1
CUST001048,844,8,5,0,43.95,344,3
CUST003728,716,10,8,0,13.22,266,0
CUST004328,724,16,14,0,5.53,79,2
CUST003105,698,10,12,0,50.63,98,2
CUST001318,786,8,1,0,19.35,181,1
CUST003542,648,13,6,1,28.65,273,3
CUST000347,624,9,14,0,66.21,206,1
CUST001712,748,8,9,0,29.0,253,0
CUST002096,682,7,12,0,46.65,247,2
CUST004278,678,11,8,0,42.68,331,4
CUST004938,612,21,8,0,19.79,90,1
CUST001020,540,4,5,1,16.44,343,3
CUST002857,550,22,9,0,5.24,295,3
CUST002535,753,22,7,0,21.97,21,0
CUST003616,579,21,7,0,17.15,180,0
CUST003545,757,13,12,0,17.77,272,1
CUST003342,850,4,12,0,31.78,27,3
CUST004699,775,21,5,0,63.49,7,0
CUST000472,711,19,9,0,15.32,134,3
CUST004898,705,24,11,0,41.12,298,0
CUST004482,588,15,4,0,26.39,36,1
CUST003386,752,17,6,1,24.19,138,0
CUST001825,850,9,4,1,21.68,199,1
CUST002587,569,17,1,0,193.14,193,1
CUST004168,706,18,13,0,10.15,56,1
CUST003136,668,2,13,0,14.11,27,0
CUST000645,730,6,1,0,12.91,317,0
CUST002424,671,24,14,0,41.75,91,1
CUST003989,818,6,13,0,36.08,163,0
CUST004139,699,24,9,0,20.96,222,1
CUST004656,752,19,11,1,26.74,108,0
CUST003723,765,4,2,0,33.59,221,1
CUST002546,690,5,13,0,24.21,346,0
CUST004065,639,22,7,2,51.4,40,1
CUST002975,671,17,12,0,37.43,294,3
CUST001043,746,21,4,0,15.28,106,2
CUST003252,788,24,8,0,12.92,64,4
CUST002052,663,6,1,0,35.86,31,0
CUST002537,762,17,1,0,17.95,263,0
CUST004425,618,6,12,3,24.31,49,0
CUST001079,541,19,5,0,67.06,240,0
CUST003830,682,2,1,0,34.34,286,2
CUST001541,570,2,14,1,25.36,279,2
CUST004184,756,12,1,0,40.82,189,1
CUST000185,739,9,9,2,48.82,85,0
CUST003844,827,2,14,1,61.97,264,1
CUST004828,735,10,10,0,32.8,55,1
CUST003140,804,19,14,0,41.77,152,1
CUST003949,850,9,12,1,5.51,117,1
CUST004033,617,19,6,2,17.95,78,0
CUST004772,610,9,9,0,16.79,186,1
CUST000032,696,9,3,3,8.68,127,0
CUST001427,619,14,5,0,48.77,179,0
CUST000591,665,17,11,1,58.75,220,2
CUST003793,536,17,6,0,34.7,104,2
CUST002940,678,23,9,0,53.37,268,5
CUST003316,636,8,8,0,36.13,331,1
CUST000010,663,5,12,3,34.87,47,0
CUST004196,729,5,7,0,59.2,34,1
CUST000046,717,20,13,0,10.58,74,1
CUST003903,713,15,6,0,38.45,338,1
CUST000086,632,22,10,0,51.66,256,1
CUST003327,718,16,10,0,7.94,212,3
CUST003056,669,9,8,0,5.51,338,1
CUST003465,656,4,4,0,23.72,110,0
CUST000606,735,13,11,0,45.62,81,0
CUST004915,722,5,7,1,13.23,281,5
CUST004344,719,20,1,0,28.12,334,0
CUST001072,645,13,3,3,16.83,218,3
CUST001374,635,10,10,0,35.74,338,0
CUST001747,591,2,6,0,53.38,266,6
CUST002229,999,11,12,0,39.54,106,0
CUST000243,730,12,3,0,26.14,354,5
CUST002736,738,12,7,1,8.23,175,0
CUST003948,541,9,13,0,33.83,106,1
CUST002022,682,18,11,1,26.66,336,0
CUST000795,558,12,11,0,55.32,316,1
CUST001639,587,11,11,0,42.29,293,3
CUST002627,795,21,10,0,19.88,355,0
CUST003499,600,11,8,1,33.28,351,1
CUST001278,639,14,8,0,34.0,172,0
CUST003512,644,18,1,0,12.09,266,1
CUST000416,608,16,4,2,12.98,132,1
CUST003561,601,15,5,0,18.33,138,1
CUST001363,538,12,9,3,32.35,302,4
CUST000805,588,12,2,0,21.1,185,0
CUST001446,694,19,2,0,54.95,266,1
CUST004170,625,17,6,0,7.6,209,0
CUST001285,626,11,1,0,18.51,11,0
CUST002674,477,3,2,1,16.58,227,0
CUST004873,626,22,2,2,19.02,240,4
CUST004404,850,20,12,2,32.19,247,0
CUST003093,619,9,9,1,59.34,56,0
CUST002863,744,19,8,0,32.63,13,1
CUST004993,616,14,10,0,44.68,206,0
CUST001965,710,22,8,0,18.53,86,0
CUST001021,805,23,6,0,39.03,113,1
CUST004429,676,15,8,0,7.76,178,3
CUST003665,640,11,6,3,22.49,97,3
CUST001196,686,6,3,0,16.11,103,1
CUST002097,601,2,10,0,9.91,162,3
CUST004525,690,16,10,2,11.47,344,0
CUST001167,672,24,5,0,47.19,160,0
CUST004893,703,23,2,1,23.18,127,0
CUST004905,509,5,9,0,122.99,267,4
CUST003340,683,24,7,0,20.56,217,2
CUST004254,726,16,13,2,61.44,351,2
CUST004359,676,12,1,0,29.47,118,2
CUST001607,750,14,13,0,44.42,159,0
CUST002491,602,17,5,1,34.02,181,0
CUST002280,622,11,13,0,8.26,173,3
CUST001373,727,24,4,0,47.02,265,1
CUST001696,747,12,7,2,20.34,312,2
CUST000744,784,15,8,0,65.05,147,0
CUST001562,696,11,13,0,20.86,257,0
CUST002190,531,2,7,0,43.9,7,3
CUST001681,772,23,4,0,45.41,263,0
CUST003708,704,7,14,0,37.33,68,0
CUST000914,696,7,11,0,20.09,225,0
CUST000214,804,15,2,0,17.18,135,1
CUST003563,738,14,5,0,15.25,134,1
CUST001172,749,10,3,0,36.76,97,4
CUST000921,517,21,1,0,20.37,154,2
CUST003932,640,7,10,0,32.68,79,1
CUST001615,758,2,6,0,52.99,131,0
CUST002872,675,6,3,0,53.2,152,0
CUST004070,719,19,6,0,44.75,27,0
CUST000270,697,13,4,0,40.1,27,6
CUST003200,759,23,6,1,12.5,18,3
CUST003258,577,9,5,2,21.59,89,0
CUST004580,546,12,1,0,42.57,136,0
CUST004217,662,8,13,0,18.22,211,0
CUST002310,709,7,7,2,45.62,276,0
CUST002468,639,9,2,1,14.03,26,0
CUST004454,675,4,1,1,40.22,298,1
CUST000704,569,2,5,0,18.06,22,3
CUST004725,576,17,13,0,15.57,286,0
CUST003153,623,24,6,0,26.22,336,0
CUST003693,749,11,13,0,25.62,176,1
CUST002914,714,22,12,0,29.06,55,2
CUST002398,737,19,2,1,23.91,276,0
CUST002844,752,21,9,0,29.38,328,4
CUST001631,850,17,6,1,81.59,291,2
CUST003562,558,11,10,2,36.34,268,1
CUST001151,611,13,2,0,40.94,83,2
CUST000033,786,16,11,0,57.59,118,0
CUST001326,665,3,2,0,42.88,312,0
CUST001581,718,19,3,0,41.24,279,0
CUST001051,584,22,13,0,41.18,217,0
CUST002603,704,13,6,0,15.23,85,3
CUST002534,763,12,13,2,15.69,315,0
CUST002616,669,24,8,0,49.01,181,3
CUST003558,714,11,1,0,24.12,356,3
CUST003845,703,7,2,0,22.68,158,0
CUST002262,745,18,3,0,74.41,82,0
CUST002425,609,18,3,0,30.32,215,5
CUST003227,548,18,5,0,27.82,292,0
CUST001918,712,4,14,3,26.05,281,0
CUST003462,750,2,7,0,10.3,354,0
CUST001733,832,11,6,2,64.07,292,4
CUST003026,688,5,12,1,29.96,146,0
CUST001076,621,6,11,2,9.71,79,3
CUST001493,668,14,12,1,41.59,260,3
CUST003336,677,18,14,0,180.16,241,4
CUST001015,661,22,7,0,63.98,349,1
CUST004572,710,4,1,0,19.51,352,1
CUST000515,850,18,7,0,30.35,245,1
CUST002599,783,5,13,1,9.39,129,1
CUST004869,550,15,4,0,14.64,321,0
CUST003557,679,6,10,0,21.23,291,1
CUST003205,550,2,11,0,11.31,232,0
CUST000592,622,13,5,0,33.16,8,1
CUST002455,615,3,6,0,10.38,349,3
CUST002501,669,7,13,1,23.94,94,0
CUST002166,665,14,10,0,42.6,264,3
CUST000613,667,3,3,0,42.93,281,1
CUST001814,817,19,5,0,42.35,286,1
CUST003397,763,9,3,0,71.71,298,0
CUST001362,662,12,8,0,8.88,278,6
CUST003991,709,11,7,2,30.47,288,1
CUST004106,808,5,2,0,52.34,37,5
CUST001539,568,20,14,0,49.97,73,2
CUST002057,673,3,7,1,12.3,70,3
CUST000324,708,3,11,1,47.07,30,0
CUST004557,615,14,8,2,33.15,151,1
CUST002642,558,9,11,0,10.27,302,0
CUST001650,636,2,5,0,44.85,174,3
CUST002107,659,15,4,1,5.16,210,5
CUST004264,759,17,13,0,32.13,135,0
CUST000240,537,14,10,1,21.14,266,2
CUST003707,713,22,10,0,33.09,287,2
CUST003580,648,16,1,1,26.18,35,0
CUST004621,712,16,10,0,47.4,30,0
CUST003725,812,7,6,2,19.64,321,0
CUST003913,610,8,1,0,12.8,58,0
CUST001420,770,18,10,1,36.62,248,3
CUST004579,716,12,5,1,7.98,93,3
CUST003300,0,7,11,0,35.13,163,2
CUST003068,725,18,12,1,7.95,56,2
CUST003649,741,18,8,0,46.49,71,0
CUST003478,616,23,6,0,25.72,247,4
CUST000511,580,11,7,0,26.35,320,3
CUST004339,586,10,10,0,6.18,181,4
CUST001402,644,4,3,0,4.2,305,1
CUST003928,624,14,9,1,13.73,310,0
CUST001126,725,15,6,0,24.3,139,1
CUST003197,723,4,13,0,57.3,34,2
CUST000639,696,2,2,1,17.85,19,2
CUST003906,756,9,4,0,25.99,277,0
CUST001488,676,9,7,2,26.25,274,1
CUST004250,713,4,5,0,14.58,6,0
CUST002822,719,24,12,0,22.75,186,1
CUST003575,647,14,10,0,24.68,198,1
CUST003447,591,7,9,0,48.53,49,0
CUST000458,581,4,13,1,48.91,26,1
CUST002578,783,5,5,0,6.46,157,0
CUST003394,598,14,3,0,4.02,160,2
CUST000242,760,13,11,0,29.69,229,3
CUST003886,799,24,14,0,18.16,88,1
CUST003348,624,14,12,0,18.87,153,3
CUST000188,700,24,8,0,62.47,270,0
CUST000449,652,4,13,1,42.94,290,1
CUST003263,646,7,1,0,29.73,343,1
CUST000012,821,22,8,0,27.68,84,0
CUST004628,749,13,2,0,31.11,320,0
CUST002214,669,10,11,1,28.61,39,0
CUST003264,745,2,4,0,59.57,292,1
CUST002995,797,21,8,0,55.03,245,3
CUST000382,648,18,14,1,6.92,341,1
CUST000730,748,6,8,0,46.12,339,1
CUST003418,606,21,12,0,27.53,106,2
CUST004575,625,12,10,1,32.49,107,0
CUST004441,704,19,13,1,13.69,30,0
CUST000863,681,8,5,0,0.37,20,3
CUST004030,673,22,6,0,15.51,33,0
CUST003301,741,8,5,0,49.41,144,1
CUST002644,668,9,12,3,48.1,86,1
CUST001358,760,24,6,1,15.52,45,1
CUST002746,733,8,9,0,25.41,101,2
CUST000583,686,12,3,0,26.86,185,1
CUST001636,661,17,8,0,17.45,153,3
CUST001529,680,24,7,3,7.41,289,0
CUST002687,590,19,5,0,23.04,108,0
CUST004857,658,14,1,1,51.82,289,5
CUST002146,592,9,10,0,8.23,216,0
CUST004692,715,14,10,1,10.92,242,0
CUST000456,570,24,2,0,10.85,352,1
CUST003950,559,10,7,1,23.72,163,5
CUST004865,674,9,4,2,49.55,201,2
CUST000980,730,16,13,0,27.92,231,1
CUST000734,675,20,10,2,51.84,124,1
CUST004068,775,20,7,0,9.78,316,6
CUST000394,690,11,12,1,22.52,294,2
CUST003925,850,4,8,0,21.25,46,0
CUST003335,697,11,3,0,30.75,49,1
CUST003641,850,13,1,0,17.08,86,4
CUST000258,681,9,9,0,31.73,124,0
CUST004688,736,13,11,0,44.86,110,2
CUST004936,692,13,2,0,29.32,141,1
CUST001467,710,8,4,0,11.71,309,0
CUST000294,628,23,1,2,4.06,54,3
CUST001093,723,15,12,0,25.82,314,1
CUST002866,579,3,1,0,24.42,264,0
CUST004071,673,5,7,0,26.69,157,3
CUST004108,635,21,10,0,15.91,277,1
CUST002440,648,17,10,1,64.23,258,1
CUST000756,759,16,13,2,25.32,234,1
CUST004987,711,20,2,0,61.52,188,0
CUST004373,529,12,5,0,1.79,15,0
CUST001155,750,3,10,0,42.01,77,2
CUST001066,680,10,7,1,40.81,30,2
CUST003176,750,7,7,2,14.21,330,3
CUST003717,690,17,4,0,72.8,81,1
CUST000545,576,10,5,1,68.0,117,0
CUST003308,793,20,7,3,18.66,314,1
CUST003938,744,22,13,0,13.95,261,0
CUST004682,688,2,8,0,36.29,87,1
CUST002871,589,11,12,0,17.04,194,0
CUST000414,712,16,3,1,34.9,269,4
CUST000446,703,22,1,1,21.42,217,0
CUST002256,595,19,10,0,8.96,21,3
CUST001971,674,20,9,0,57.64,71,1
CUST003033,531,7,2,0,16.61,199,0
CUST003798,532,11,6,1,149.92,157,2
CUST000145,590,18,13,0,11.24,29,5
CUST004312,684,19,8,0,29.78,66,0
CUST003889,610,18,14,1,6.05,243,3
CUST003302,764,6,7,0,35.48,243,3
CUST004057,619,11,3,0,34.9,207,2
CUST000850,649,3,5,1,33.81,48,0
CUST001802,767,19,12,0,39.39,79,2
CUST004567,643,22,5,0,18.06,29,0
CUST003470,681,24,2,0,44.27,308,0
CUST004089,758,21,4,0,60.95,319,0
CUST000296,834,21,8,0,30.34,108,0
CUST003157,751,11,2,0,18.01,48,1
CUST002915,716,18,6,1,19.76,252,1
CUST000391,850,18,1,0,29.13,16,0
CUST002472,576,19,2,1,16.86,339,2
CUST000799,846,21,3,0,35.5,240,0
CUST003029,698,4,2,2,15.76,226,0
CUST000304,714,2,11,0,25.82,12,0
CUST004929,590,23,13,0,15.0,273,0
CUST004043,579,23,5,2,11.12,18,0
CUST004179,640,9,14,0,19.46,127,0
CUST003234,676,22,10,0,5.19,55,4
CUST004627,678,18,8,0,20.97,160,2
CUST004988,699,24,9,0,29.86,220,0
CUST003420,634,4,1,0,35.76,160,0
CUST001925,716,4,3,0,21.95,14,1
CUST000604,554,19,6,0,29.34,68,0
CUST004405,795,18,6,0,20.0,201,4
CUST000908,633,14,7,0,42.59,13,2
CUST002762,693,21,6,0,39.67,235,3
CUST003039,651,16,10,0,34.0,49,2
CUST001767,678,19,14,3,2.15,283,0
CUST002244,702,12,11,0,32.06,242,1
CUST002893,850,11,13,1,12.4,216,0
CUST004830,536,10,10,0,24.27,135,1
CUST000105,607,20,2,0,12.57,305,3
CUST002832,580,9,10,2,13.62,276,2
CUST001122,704,17,3,2,31.49,170,2
CUST003772,710,9,2,0,50.51,43,0
CUST002366,791,18,14,1,16.16,282,0
CUST003004,684,7,4,0,5.02,25,1
CUST001994,782,16,11,0,38.76,77,1
CUST004042,769,4,14,0,34.57,304,1
CUST000357,670,21,9,0,22.2,61,0
CUST004705,624,2,1,0,55.17,334,0
CUST002405,668,6,12,0,21.98,161,2
CUST003705,626,19,9,2,35.15,43,1
CUST003859,686,7,2,1,21.53,88,0
CUST000076,616,24,13,0,44.84,61,3
CUST002719,707,24,1,0,3.72,49,0
CUST001282,549,15,14,0,16.39,353,1
CUST002218,710,23,3,0,28.34,312,0
CUST000218,735,14,1,1,19.99,215,5
CUST003398,725,7,7,0,45.55,329,2
CUST000817,471,2,12,0,9.15,316,0
CUST003194,697,20,2,1,31.45,312,4
CUST001497,713,16,14,0,32.95,233,0
CUST003286,850,12,9,1,14.22,333,1
CUST000252,693,20,2,1,22.28,339,0
CUST004105,562,13,8,0,37.37,198,1
CUST002696,544,2,6,1,6.66,327,5
CUST002724,661,17,14,3,39.39,15,1
CUST002825,611,16,6,1,2.37,146,2
CUST004175,745,20,4,0,36.83,204,5
CUST003071,811,5,1,0,8.96,108,1
CUST003177,487,6,12,0,20.18,90,0
CUST004135,653,17,10,0,14.17,358,0
CUST000311,783,19,8,0,34.21,20,0
CUST003972,747,13,7,0,31.68,54,4
CUST003072,613,7,6,0,34.45,347,3
CUST001886,710,2,5,0,54.65,189,1
CUST001809,776,11,13,1,13.51,317,0
CUST002408,999,12,11,0,14.79,353,2
CUST001647,732,2,2,0,29.33,89,3
CUST001496,781,17,1,2,47.12,359,2
CUST001801,673,5,12,0,16.96,206,0
CUST002834,687,10,14,2,46.02,94,0
CUST000085,762,20,7,0,19.42,305,3
CUST001917,737,21,4,0,22.46,280,1
CUST001498,788,23,2,0,21.25,178,0
CUST003453,754,12,13,1,39.11,248,1
CUST004959,820,13,12,0,18.92,140,1
CUST001616,633,6,3,0,31.22,47,1
CUST003027,706,15,2,1,33.43,295,0
CUST001111,668,17,9,0,41.7,70,2
CUST004323,547,13,4,3,37.88,52,1
CUST003944,601,8,14,0,11.86,8,3
CUST003987,768,21,1,1,22.36,51,3
CUST004650,733,22,5,0,30.35,129,4
CUST003882,758,24,13,3,15.31,211,2
CUST002399,664,23,7,0,8.01,318,0
CUST003866,694,15,1,0,5.26,16,0
CUST004377,715,19,12,0,27.78,32,2
CUST001847,657,8,13,2,15.23,74,0
CUST004512,712,6,4,0,37.57,14,2
CUST000806,512,7,12,0,42.14,139,0
CUST001391,685,11,13,0,19.25,132,0
CUST004800,643,21,12,2,38.15,344,1
CUST001870,721,3,11,0,17.07,107,0
CUST004158,817,2,13,0,42.76,289,2
CUST002739,726,18,9,0,14.54,296,1
CUST000801,731,10,3,0,46.5,313,1
CUST001418,850,14,8,0,30.47,13,0
CUST003387,654,10,8,0,24.74,262,1
CUST000572,611,13,9,0,54.94,175,2
CUST004874,572,15,7,0,21.59,152,2
CUST000135,801,16,5,0,40.48,138,1
CUST000677,772,9,10,0,49.18,64,0
CUST000486,566,13,4,0,34.83,62,1
CUST001210,770,13,6,0,31.04,172,2
CUST004811,721,2,3,0,44.32,8,1
CUST002618,570,15,8,0,12.56,77,2
CUST003268,715,19,4,0,24.44,302,0
CUST001601,696,5,11,0,46.52,215,0
CUST004726,681,9,10,1,78.78,260,4
CUST002659,571,9,2,0,18.39,90,4
CUST002296,850,5,5,2,66.74,43,0
CUST000699,587,9,14,0,16.07,159,0
CUST003589,605,3,8,1,12.57,39,1
CUST003310,576,18,6,0,26.23,220,1
CUST004442,788,13,9,2,30.52,154,0
CUST003617,591,21,6,0,18.63,166,4
CUST001291,651,14,3,3,39.44,25,2
CUST001246,717,10,1,2,34.94,131,2
CUST002647,510,20,10,0,21.68,349,2
CUST004093,606,16,8,0,0.58,106,0
CUST003295,619,20,12,0,34.75,8,0
CUST003162,767,22,8,1,17.6,64,0
CUST002513,667,15,7,0,33.31,359,6
CUST000114,645,23,12,0,32.24,56,0
CUST003407,765,6,14,1,4.62,8,1
CUST001321,641,8,7,0,26.0,280,2
CUST003204,785,13,13,1,43.24,274,1
CUST000962,850,21,14,0,14.01,77,1
CUST003619,782,21,12,1,50.13,286,0
CUST003831,844,5,4,0,57.77,345,0
CUST000131,730,2,2,0,29.8,32,2
CUST004694,702,8,7,2,32.23,328,2
CUST000095,678,4,3,0,39.32,182,1
CUST002589,765,11,13,0,49.89,146,4
CUST001512,578,13,14,1,23.17,176,0
CUST004403,767,9,1,0,14.07,326,2
CUST002718,649,16,1,0,14.79,70,2
CUST000833,733,10,14,1,27.93,251,1
CUST004619,695,7,14,0,14.26,224,3
CUST000287,737,17,10,0,51.0,55,1
CUST004797,745,8,8,0,49.81,62,1
CUST000985,704,16,7,0,31.76,30,0
CUST000281,699,8,1,0,11.69,303,2
CUST002798,643,9,4,0,36.32,155,2
CUST000649,684,15,12,2,45.74,143,4
CUST003965,618,17,4,0,25.56,153,0
CUST003147,588,17,4,0,37.92,126,0
CUST000299,551,2,10,0,25.03,16,1
CUST002120,741,6,6,1,12.24,338,0
CUST003262,597,3,12,0,21.04,295,0
CUST001555,726,13,4,0,23.53,288,0
CUST002936,687,21,14,0,39.9,315,2
CUST003595,584,11,13,3,26.11,223,2
CUST003759,549,3,2,1,37.27,150,3
CUST001989,709,15,1,0,57.74,114,0
CUST000447,590,11,11,0,32.71,26,1
CUST000791,701,8,6,0,13.32,21,0
CUST002397,723,22,13,0,45.63,313,0
CUST004792,593,24,6,1,39.17,158,0
CUST000383,570,16,7,0,19.11,158,0
CUST002596,665,6,7,2,48.29,163,0
CUST000836,655,8,8,0,22.31,129,1
CUST000719,622,15,4,0,32.84,47,1
CUST000579,517,6,14,0,30.64,43,1
CUST003239,760,14,11,0,22.75,149,0
CUST000763,672,3,9,0,57.33,225,1
CUST004558,725,4,1,0,27.12,352,1
CUST000987,674,17,1,0,19.2,328,2
CUST004591,750,21,1,0,16.13,357,4
CUST003818,999,11,2,1,19.46,138,2
CUST004084,653,9,2,0,27.86,308,2
CUST003891,611,7,3,0,21.47,239,0
CUST004064,700,11,8,0,48.83,344,1
CUST002109,650,2,5,0,32.92,25,1
CUST001701,638,15,13,0,15.41,24,5
CUST003531,543,20,1,0,69.08,81,2
CUST000195,646,18,11,0,33.49,28,0
CUST003946,712,23,10,0,47.41,60,3
CUST004547,669,15,12,1,71.61,316,1
CUST004527,725,5,3,0,38.95,62,0
CUST003460,597,13,5,2,6.31,197,3
CUST000557,634,19,14,1,16.83,356,1
CUST001530,710,24,9,2,62.92,80,0
CUST001328,677,17,5,0,43.1,233,0
CUST003306,440,12,13,2,18.47,219,1
CUST002219,634,20,6,0,21.75,174,0
CUST002041,592,11,2,0,25.8,19,0
CUST003084,667,12,14,1,27.29,276,0
CUST004523,432,18,6,0,15.41,211,2
CUST001626,696,7,11,2,23.56,122,0
CUST002312,733,12,13,0,33.57,252,0
CUST002635,630,2,5,0,34.26,194,0
CUST003139,657,14,4,3,13.99,37,1
CUST004014,622,17,10,1,64.69,50,2
CUST001671,806,12,9,1,36.48,40,0
CUST001889,786,23,8,1,8.58,267,3
CUST001781,771,5,11,1,22.44,235,3
CUST002439,831,4,14,0,43.42,42,1
CUST002186,784,17,7,0,7.56,117,3
CUST001662,637,6,4,3,10.72,267,0
CUST000310,688,23,11,1,29.89,262,0
CUST004301,724,4,3,0,65.43,340,3
CUST002386,705,3,1,1,59.29,131,2
CUST000208,563,19,3,0,51.23,40,0
CUST003716,733,17,13,0,44.31,317,0
CUST002080,721,5,2,0,25.94,152,2
CUST000059,726,20,14,0,63.58,186,0
CUST004400,706,11,5,3,20.45,312,0
CUST001354,679,8,8,2,13.82,125,0
CUST000589,730,22,4,1,38.67,191,1
CUST004810,517,7,12,0,12.36,193,0
CUST002675,720,9,7,0,21.03,120,0
CUST004197,762,13,9,0,40.12,326,0
CUST004501,816,8,11,1,21.86,31,1
CUST000846,724,12,4,0,5.01,45,2
CUST002552,606,6,5,0,13.02,295,2
CUST002768,639,16,9,0,45.73,46,0
CUST001820,719,16,2,0,20.47,126,1
CUST003273,714,3,2,0,28.72,12,3
CUST002301,596,5,10,2,51.67,102,0
CUST004724,691,3,2,0,19.38,359,1
CUST000671,665,22,1,0,27.64,340,1
CUST001919,657,4,6,0,26.2,332,3
CUST000123,686,11,11,0,23.58,312,1
CUST000964,684,3,1,0,17.73,179,0
CUST003498,805,17,13,0,35.21,271,2
CUST000050,521,9,14,0,83.36,79,1
CUST000015,676,6,5,0,41.18,79,1
CUST001317,680,6,11,1,51.14,43,0
CUST003961,533,22,10,0,25.2,225,0
CUST001085,736,21,4,1,19.58,99,4
CUST000225,747,11,13,2,28.59,296,3
CUST001162,553,4,1,0,10.23,313,4
CUST000479,743,17,11,0,28.35,77,4
CUST001091,611,12,8,0,56.8,334,0
CUST000775,709,24,5,1,42.69,252,0
CUST000950,697,18,6,0,12.72,79,1
CUST000206,699,14,7,0,25.45,65,1
CUST001950,509,2,8,0,47.66,26,5
CUST000582,545,5,12,0,13.48,94,0
CUST001448,697,7,3,0,15.08,309,0
CUST003800,722,21,6,0,17.72,228,1
CUST003467,606,22,9,2,44.76,189,1
CUST003560,789,4,11,2,38.31,24,1
CUST004216,628,14,4,2,49.96,35,2
CUST004716,652,20,12,0,11.72,86,1
CUST002154,667,2,8,0,20.19,334,0
CUST000224,699,24,14,0,27.08,24,1
CUST000679,671,14,3,1,33.54,135,3
CUST002835,655,3,1,0,39.09,151,3
CUST000030,672,12,2,0,23.09,199,2
CUST003098,698,17,13,0,16.71,288,2
CUST004488,699,22,12,0,20.55,232,1
CUST002495,702,12,5,0,30.37,57,0
CUST004235,679,2,7,0,44.3,20,1
CUST003586,734,23,6,1,4.24,313,1
CUST000721,693,10,9,0,58.72,325,1
CUST004290,703,8,4,0,29.88,308,3
CUST004183,711,22,7,0,46.17,83,0
CUST000407,730,19,4,0,26.09,266,1
CUST001068,746,2,3,0,30.34,168,0
CUST002084,673,20,6,0,32.24,190,2
CUST000559,723,11,11,0,14.41,115,0
CUST000940,772,14,11,1,3.79,357,0
CUST000838,606,19,13,0,42.73,337,0
CUST000506,676,12,13,0,32.29,226,4
CUST001286,653,22,5,0,31.74,281,0
CUST000140,781,10,11,0,26.32,110,0
CUST004778,579,20,10,0,56.99,309,0
CUST003775,627,15,11,0,24.4,200,0
CUST001367,781,9,8,0,43.05,306,0
CUST000168,692,18,10,0,33.51,240,2
CUST001426,715,5,14,0,56.88,311,2
CUST001492,662,21,2,0,28.76,350,2
CUST004121,711,23,4,0,39.7,239,1
CUST003994,673,10,8,0,43.42,336,1
CUST000924,593,14,13,0,14.48,99,0
CUST000939,795,6,12,0,44.49,229,3
CUST001637,683,20,1,2,107.61,207,0
CUST001621,698,15,10,1,56.49,85,1
CUST003092,658,14,3,0,12.08,63,0
CUST001487,802,12,7,0,30.18,97,0
CUST000493,725,20,13,0,44.55,208,2
CUST002139,660,8,2,0,50.53,257,0
CUST004409,700,8,7,0,55.95,47,1
CUST001214,607,12,6,0,4.34,65,0
CUST000023,673,22,7,1,28.29,252,1
CUST004444,641,13,8,0,37.22,209,0
CUST003287,567,12,6,0,11.66,69,2
CUST002829,690,22,6,1,53.47,48,1
CUST003219,649,7,11,0,10.29,174,2
CUST001844,798,14,7,2,36.08,323,3
CUST001981,561,13,2,0,33.09,171,1
CUST001679,645,9,3,0,47.58,86,3
CUST004208,701,12,10,0,51.44,237,0
CUST000197,752,18,1,0,10.81,352,0
CUST001574,644,19,14,0,28.71,203,3
CUST003799,850,5,8,0,67.77,162,0
CUST000026,649,24,3,1,17.44,300,0
CUST004398,599,6,3,1,45.11,333,0
CUST000879,670,5,11,0,33.61,87,0
CUST004325,825,10,1,0,46.79,149,3
CUST000448,762,21,13,0,46.25,92,3
CUST001672,818,13,6,0,19.66,147,0
CUST001164,793,15,14,1,56.14,280,2
CUST003125,829,14,14,0,45.39,204,2
CUST001377,681,7,3,0,6.22,210,0
CUST004528,830,22,11,0,5.89,106,0
CUST003367,714,5,4,0,191.16,309,1
CUST003368,734,24,1,1,17.15,190,1
CUST004758,795,11,12,0,25.43,351,1
CUST004956,850,17,2,0,44.26,75,2
CUST000955,816,21,14,0,40.6,176,6
CUST003583,577,12,1,0,64.51,201,3
CUST004333,683,23,13,2,27.27,29,3
CUST004548,681,4,6,0,54.95,99,0
CUST002311,598,12,13,0,16.28,323,4
CUST002921,588,11,9,1,40.23,75,6
CUST003361,638,14,14,3,44.07,122,1
CUST003771,738,11,11,3,35.94,133,2
CUST001289,746,13,9,0,29.59,334,1
CUST000201,655,6,7,0,12.28,228,6
CUST003538,527,22,10,2,25.07,303,1
CUST004438,693,16,10,3,22.61,189,1
CUST000022,809,11,6,0,46.73,40,0
CUST004753,624,24,1,0,27.3,236,3
CUST001876,807,12,3,1,51.85,93,0
CUST001384,676,3,13,0,26.32,123,2
CUST003943,763,18,7,0,19.11,97,0
CUST004701,773,12,5,0,33.51,150,2
CUST002970,637,14,12,1,5.42,353,0
CUST002020,672,9,9,0,25.88,143,0
CUST002066,729,3,14,0,15.15,338,2
CUST002760,680,10,7,1,19.16,319,1
CUST004367,579,22,3,1,33.35,101,1
CUST001157,690,21,10,3,27.31,230,0
CUST001953,723,19,1,0,15.18,92,3
CUST003526,649,17,12,0,10.7,31,1
CUST001165,578,19,7,0,29.02,170,1
CUST001600,824,13,11,0,44.55,147,5
CUST004657,723,10,8,0,23.56,210,1
CUST000928,772,20,13,0,15.94,186,3
CUST004783,696,17,3,0,4.69,245,0
CUST000654,685,10,11,0,38.65,289,0
CUST002903,778,21,13,0,22.12,107,2
CUST001268,671,6,8,1,13.0,222,1
CUST003309,659,21,11,1,17.94,338,0
CUST000803,762,20,6,0,17.64,181,0
CUST000278,787,16,13,0,8.22,52,0
CUST001500,641,5,10,0,27.13,62,1
CUST000770,747,23,11,0,33.85,255,2
CUST002316,575,9,10,3,19.64,72,0
CUST001812,670,17,1,0,23.34,49,0
CUST002168,721,13,1,0,13.63,81,1
CUST002230,633,4,13,0,52.11,73,0
CUST003107,726,10,13,1,29.99,74,0
CUST001899,714,17,12,0,7.71,295,1
CUST001756,725,23,11,2,6.36,85,5
CUST000049,755,16,1,0,34.93,157,0
CUST003210,670,21,3,3,7.88,268,3
CUST001292,605,4,2,0,25.12,144,5
CUST000631,635,6,12,2,58.04,259,3
CUST000909,648,9,12,1,28.06,249,1
CUST000983,850,24,10,3,28.76,165,3
CUST001255,567,8,1,0,30.3,9,0
CUST001430,611,14,6,0,17.43,217,3
CUST003285,612,17,4,2,42.22,249,1
CUST003711,805,12,2,0,17.6,283,1
CUST003471,700,15,14,1,35.97,257,2
CUST001443,592,8,5,2,48.21,51,4
CUST003664,686,22,2,0,25.46,352,0
CUST001465,654,9,1,0,21.5,134,1
CUST002979,648,10,3,1,27.97,161,2
CUST001115,728,14,10,0,36.89,79,1
CUST001741,644,5,10,0,13.17,171,0
CUST001678,728,5,12,0,18.77,34,0
CUST001300,732,7,3,0,44.93,281,0
CUST002040,608,13,13,0,75.26,332,0
CUST004723,999,8,14,0,15.21,210,0
CUST000321,676,12,8,1,13.74,150,0
CUST003124,850,5,7,1,39.41,149,2
CUST004262,676,19,14,0,44.59,66,0
CUST003458,704,8,11,0,26.53,194,0
CUST001192,663,8,14,2,53.66,313,1
CUST002064,629,22,3,0,38.08,17,1
CUST004786,622,16,3,0,35.28,311,1
CUST003038,700,15,7,0,31.32,177,1
CUST002481,725,16,2,0,39.05,160,0
CUST002637,517,10,7,1,29.23,251,0
CUST000387,707,23,2,2,9.08,182,1
CUST002729,717,24,2,0,116.32,315,0
CUST004749,794,10,3,2,36.86,79,2
CUST000166,761,13,7,0,32.32,331,0
CUST002411,640,9,7,0,17.2,217,2
CUST004781,599,23,2,1,25.56,54,2
CUST000796,632,19,2,1,26.8,285,0
CUST000475,714,16,3,0,18.16,248,1
CUST004336,652,3,13,0,32.45,305,1
CUST004832,720,21,8,0,24.3,312,0
CUST004337,825,12,2,0,28.79,313,4
CUST003867,757,14,12,0,16.61,76,0
CUST000329,710,8,12,0,27.59,13,0
CUST001140,678,21,4,0,19.57,305,1
CUST000464,670,9,6,0,10.32,247,2
CUST003222,745,7,11,0,26.95,286,0
CUST004413,681,4,13,0,37.46,300,3
CUST000894,722,2,5,0,23.76,127,1
CUST001673,622,15,10,0,33.94,294,0
CUST003527,682,2,13,2,20.69,334,1
CUST003304,684,9,3,1,175.36,174,0
CUST004507,717,20,10,0,32.58,356,0
CUST001036,575,22,3,0,54.43,234,0
CUST002160,724,17,8,0,33.93,118,1
CUST000499,686,23,4,0,28.12,316,0
CUST003532,552,7,3,0,42.65,207,5
CUST000935,770,10,4,1,46.57,60,0
CUST001294,592,21,9,0,64.99,231,4
CUST001783,655,7,3,0,44.01,185,0
CUST004664,520,4,12,0,25.55,76,1
CUST004596,736,7,5,0,8.9,99,1
CUST003732,693,11,10,0,54.43,159,0
CUST004739,794,14,9,0,35.09,320,0
CUST001906,659,2,12,0,29.73,37,0
CUST004349,721,17,7,1,54.27,36,0
CUST000313,739,13,2,0,49.03,285,1
CUST001879,698,14,6,0,55.06,283,1
CUST003187,647,15,14,0,42.05,342,3
CUST001082,606,21,9,0,30.22,228,0
CUST003729,611,12,12,2,9.34,240,0
CUST000864,734,15,6,1,13.58,237,3
CUST004841,622,9,3,2,42.12,86,3
CUST001711,626,10,5,0,22.97,309,2
CUST004056,0,14,5,0,15.34,44,0
CUST001283,673,15,11,0,11.78,164,3
CUST000724,706,16,6,0,45.41,147,0
CUST003184,724,22,5,0,40.55,158,0
CUST003877,611,24,1,0,29.4,261,0
CUST002356,682,21,4,0,25.57,207,0
CUST000703,488,6,14,0,9.83,181,0
CUST000852,696,8,6,0,10.53,22,1
CUST001760,637,14,13,1,34.79,97,0
CUST004843,513,4,9,0,33.41,87,0
CUST003486,589,2,12,1,49.72,85,2
CUST004594,673,20,14,0,41.97,229,0
CUST004709,629,22,13,1,35.02,230,2
CUST000618,683,3,1,1,32.68,76,2
CUST004982,690,17,7,0,46.8,358,1
CUST000808,702,19,14,0,4.54,310,0
CUST004045,673,6,2,0,28.3,7,0
CUST003553,586,7,2,0,29.63,246,0
CUST001390,735,18,11,3,36.33,32,0
CUST004355,684,19,4,0,32.1,29,3
CUST003421,565,5,14,0,3.56,218,3
CUST003549,618,10,12,0,15.17,211,0
CUST003937,751,7,7,0,1.95,136,2
CUST004324,568,19,11,0,8.36,102,3
CUST004887,768,18,9,0,11.86,137,3
CUST004989,850,2,13,1,14.92,290,3
CUST000949,631,3,7,1,23.1,73,0
CUST001159,616,3,3,0,31.72,240,5
CUST002930,736,13,9,1,10.55,43,2
CUST002553,647,8,4,2,18.93,61,2
CUST004595,638,20,12,0,17.1,239,4
CUST001658,724,7,13,1,57.82,223,0
CUST002123,629,16,14,0,75.01,244,1
CUST001590,656,16,6,2,14.74,359,1
CUST001887,649,14,4,2,14.06,114,0
CUST001640,677,14,3,0,37.58,117,0
CUST004256,560,16,1,0,25.03,231,2
CUST004161,645,11,2,1,17.22,303,0
CUST004642,607,16,3,0,23.78,198,1
CUST001930,600,2,12,3,31.67,123,2
CUST001005,800,8,8,0,16.06,23,2
CUST001440,850,16,10,0,39.49,77,4
CUST002329,600,4,11,1,25.32,119,1
CUST003088,715,13,7,0,30.02,173,0
CUST000267,634,6,8,3,27.42,119,2
CUST002600,730,4,1,0,32.82,333,1
CUST003635,529,5,4,0,8.76,32,3
CUST000957,627,11,13,1,41.93,136,0
CUST001744,669,21,14,1,12.01,137,0
CUST001799,524,12,6,0,24.56,53,0
CUST003081,702,21,9,0,49.8,227,0
CUST000926,554,17,2,1,23.22,356,2
CUST002505,742,10,14,2,31.22,92,1
CUST004835,618,14,8,3,35.64,335,0
CUST000784,635,6,5,0,22.44,348,0
CUST004876,677,10,13,0,10.49,207,0
CUST003550,655,22,1,3,69.76,206,4
CUST003504,702,10,3,0,10.46,46,0
CUST001386,825,11,5,1,20.0,174,1
CUST004115,771,15,3,2,11.02,13,3
CUST000354,563,23,8,0,53.45,299,0
CUST000788,615,14,13,1,20.88,23,3
CUST001180,656,13,5,1,20.72,6,0
CUST003958,567,23,6,0,24.17,318,1
CUST001706,691,9,11,3,35.15,217,0
CUST002622,794,4,1,1,15.82,149,1
CUST002677,652,21,8,3,60.21,7,0
CUST001470,700,18,6,0,11.46,319,3
CUST003788,602,14,6,0,26.61,286,1
CUST000312,686,11,2,0,31.27,345,4
CUST000599,662,19,4,1,22.44,126,1
CUST003967,658,7,4,0,22.73,105,3
CUST003260,630,19,7,0,41.8,149,3
CUST002737,761,20,3,2,47.41,256,1
CUST001274,724,12,14,0,5.2,328,2
CUST003366,731,2,5,0,43.09,189,1
CUST002784,660,10,14,0,47.23,65,0
CUST002002,673,12,3,0,23.66,239,2
CUST001067,621,13,7,0,40.55,191,6
CUST002770,635,22,1,0,16.71,90,3
CUST000553,644,22,4,0,13.23,138,0
CUST004415,627,11,10,0,14.97,260,4
CUST000316,648,10,13,0,13.96,22,0
CUST001298,812,13,2,3,9.78,209,0
CUST001269,723,22,3,3,18.14,84,0
CUST001983,696,19,6,0,13.05,94,1
CUST001025,602,19,3,2,13.98,169,0
CUST002595,599,10,14,0,27.81,327,0
CUST004973,564,8,11,0,29.05,93,0
CUST000107,787,6,6,0,11.82,310,0
CUST004568,697,6,8,1,23.89,280,0
CUST004310,644,13,11,0,22.35,164,1
CUST004890,686,8,12,0,9.78,168,0
CUST001263,725,15,2,2,30.08,19,1
CUST003942,577,10,11,3,20.59,344,2
CUST003054,705,23,6,0,39.36,170,0
CUST004780,671,2,2,0,9.4,157,0
CUST004498,655,4,14,0,8.51,214,0
CUST000683,694,12,11,0,5.18,318,2
CUST004330,761,16,7,0,10.79,86,0
CUST004710,850,19,12,1,47.92,114,2
CUST000147,736,9,8,0,20.67,177,2
CUST003138,528,2,9,0,21.29,317,1
CUST002042,707,14,6,2,15.38,341,0
CUST004880,674,16,2,0,15.25,6,2
CUST000397,763,8,7,2,11.1,138,3
CUST002916,705,4,12,0,14.48,178,0
CUST004624,695,19,6,1,6.46,192,0
CUST004449,679,5,14,1,26.39,33,5
CUST001399,667,9,2,2,14.23,220,3
CUST004734,999,6,6,1,85.33,290,0
CUST004192,850,14,11,1,18.13,273,0
CUST001000,647,10,13,1,34.51,171,1
CUST002660,619,10,5,2,41.97,101,1
CUST004166,678,12,9,0,6.1,79,0
CUST001342,541,20,1,0,61.75,55,0
CUST002137,557,19,4,0,12.26,213,3
CUST003614,577,5,5,0,18.29,114,4
CUST000571,606,24,7,1,24.73,343,0
CUST003146,850,20,13,3,17.38,147,3
CUST004798,599,24,13,0,32.88,150,1
CUST001502,672,15,10,0,42.92,225,0
CUST000695,624,5,13,0,13.21,345,0
CUST002852,684,18,11,0,57.06,257,3
CUST001905,801,5,13,0,34.49,90,0
CUST000904,794,11,10,0,11.24,323,0
CUST003075,630,13,8,0,34.33,238,5
CUST003573,647,3,3,0,6.22,270,0
CUST001495,730,15,14,0,5.89,103,3
CUST000581,735,8,7,0,50.58,268,1
CUST003767,673,6,7,1,22.8,138,0
CUST000331,731,21,14,0,23.03,83,0
CUST004630,588,4,5,0,42.62,290,1
CUST000897,594,2,4,0,46.0,137,0
CUST004930,639,5,14,0,28.81,116,2
CUST003323,594,8,11,0,19.65,123,1
CUST004169,730,6,10,2,39.23,143,3
CUST003365,516,16,10,0,39.52,311,4
CUST001014,667,23,9,0,22.71,265,4
CUST002969,655,14,6,0,35.64,309,1
CUST000470,709,22,1,0,13.69,78,1
CUST004220,659,14,5,1,35.45,154,0
CUST001054,720,23,5,0,18.97,146,2
CUST000346,636,8,6,2,33.91,91,0
CUST001225,607,3,10,2,38.82,112,0
CUST004280,625,9,13,1,21.77,157,3
CUST004090,664,5,5,0,29.67,297,3
CUST002935,631,2,14,1,35.77,96,1
CUST002560,621,17,6,0,7.63,297,2
CUST004696,516,7,7,0,23.19,239,0
CUST003727,769,9,4,0,46.55,16,3
CUST004814,698,17,9,0,33.6,162,2
CUST000812,637,9,8,1,34.51,271,3
CUST004193,784,16,8,1,19.36,86,0
CUST004395,575,13,9,0,46.78,169,0
CUST004201,627,7,3,1,39.07,337,6
CUST003686,706,6,11,0,13.11,281,2
CUST003578,652,17,9,0,14.24,39,0
CUST004801,679,3,13,0,68.56,321,1
CUST000428,622,9,2,0,24.28,223,4
CUST004605,571,12,13,0,66.21,49,3
CUST000532,612,12,10,0,34.28,64,4
CUST003662,999,11,13,0,19.65,52,0
CUST000259,706,3,1,0,9.25,272,3
CUST001853,601,12,8,0,26.35,329,3
CUST001862,516,11,14,0,167.4,115,0
CUST002330,676,3,8,0,10.78,200,2
CUST001669,627,12,10,3,66.07,301,2
CUST000769,669,4,7,2,24.63,167,2
CUST002417,721,21,1,0,18.11,340,1
CUST003312,820,9,8,2,14.13,130,0
CUST004481,636,11,12,0,23.05,163,0
CUST002816,647,21,9,0,22.22,257,0
CUST000332,653,24,1,0,7.36,343,4
CUST001622,749,5,14,0,20.77,186,0
CUST004126,703,4,1,1,26.68,44,1
CUST002331,678,14,1,0,27.07,78,1
CUST000732,713,15,11,3,26.49,334,4
CUST000126,549,12,4,1,14.42,317,0
CUST002407,692,16,5,0,20.06,285,1
CUST004341,779,3,8,0,62.66,53,3
CUST002114,685,4,12,0,82.45,58,0
CUST000610,688,24,8,0,19.79,247,2
CUST001970,680,11,6,0,18.76,345,0
CUST002362,803,22,7,1,18.29,49,1
CUST003541,834,10,1,0,14.01,313,0
CUST001356,649,12,13,0,17.58,16,0
CUST001556,670,12,8,0,28.2,59,0
CUST003474,616,22,13,0,11.96,354,3
CUST000124,754,4,12,0,22.02,98,0
CUST002774,718,9,6,0,23.38,60,0
CUST000284,510,14,12,2,63.32,336,1
CUST003577,703,6,1,0,13.45,176,0
CUST002811,640,22,10,1,53.91,208,4
CUST001858,685,11,13,0,38.31,109,1
CUST000717,569,7,5,0,54.92,53,1
CUST004007,632,21,9,0,52.08,311,3
CUST003702,611,3,13,0,47.39,94,1
CUST000405,671,5,1,0,27.81,286,0
CUST003737,649,18,10,2,36.22,65,3
CUST000482,693,4,3,1,16.91,344,4
CUST001290,592,23,12,1,6.94,280,3
CUST004440,598,24,6,0,9.58,222,0
CUST002966,683,11,2,0,5.11,332,1
CUST001758,596,4,10,0,58.75,149,0
CUST002586,619,12,10,1,40.87,38,1
CUST000726,688,3,5,0,13.04,111,3
CUST001339,800,17,9,0,14.52,274,1
CUST001633,599,20,5,3,45.24,212,1
CUST004241,538,12,3,0,76.74,151,0
CUST002202,648,20,5,0,6.64,266,0
CUST003695,664,17,6,0,24.67,332,1
CUST003661,806,7,9,0,44.35,183,6
CUST000733,712,21,6,0,11.18,295,0
CUST001073,686,22,2,1,35.65,147,0
CUST003356,705,16,5,0,28.83,293,3
CUST003067,646,18,12,0,30.07,281,1
CUST004182,583,19,9,0,42.76,91,6
CUST003955,781,16,10,0,11.51,293,0
CUST000190,643,11,11,0,22.49,301,0
CUST003083,766,18,13,2,41.19,242,0
CUST001245,656,23,11,1,51.15,173,1
CUST000577,749,9,1,0,47.2,282,0
CUST003910,757,24,8,1,55.24,273,0
CUST004607,636,16,5,0,62.64,41,0
CUST003491,668,11,7,3,48.14,274,2
CUST000898,704,20,12,2,27.95,113,0
CUST002147,748,3,11,0,45.67,56,5
CUST004447,577,16,4,0,26.35,31,0
CUST003438,829,5,4,0,63.72,252,3
CUST003446,632,2,8,1,10.71,357,0
CUST002830,623,13,12,1,84.61,81,2
CUST001907,792,9,13,0,4.25,304,4
CUST001042,628,11,9,0,48.58,193,2
CUST001480,729,5,13,0,20.05,167,0
CUST001028,605,19,10,2,48.56,84,2
CUST004160,723,9,1,0,7.38,249,0
CUST003636,626,4,6,0,34.88,33,2
CUST001466,669,12,13,0,31.08,47,1
CUST000222,752,15,2,0,72.31,196,1
CUST004445,573,17,13,0,13.44,315,0
CUST003011,744,2,14,3,36.49,160,0
CUST000040,669,21,10,2,14.91,121,0
CUST000503,739,16,12,1,21.63,241,1
CUST004831,542,13,13,0,21.26,309,3
CUST003900,678,16,3,0,37.4,201,0
CUST004496,632,17,9,0,25.14,176,2
CUST002910,626,5,7,0,26.44,135,0
CUST000810,589,8,3,0,7.43,207,0
CUST002445,673,6,10,0,18.1,187,1
CUST003613,557,22,11,0,26.53,25,0
CUST000513,563,15,12,2,17.33,192,0
CUST000653,527,11,5,1,159.13,200,0
CUST004035,549,13,6,0,41.47,135,0
CUST000627,614,15,6,0,46.21,294,0
CUST000415,569,20,14,1,11.93,182,2
CUST002263,605,19,9,0,20.72,245,2
CUST003606,593,22,1,0,11.25,154,0
CUST001764,620,19,12,2,11.66,323,0
CUST001934,656,24,2,2,34.34,286,0
CUST001547,631,3,11,0,21.27,149,2
CUST000976,718,12,7,0,15.13,162,1
CUST003041,599,16,11,2,23.36,284,1
CUST002270,740,6,4,1,34.43,348,0
CUST002003,519,6,6,1,31.58,130,3
CUST004586,688,21,9,0,28.3,326,0
CUST001360,564,8,9,2,25.12,20,1
CUST001665,559,3,4,0,44.37,66,1
CUST001160,693,23,7,0,30.61,39,3
CUST000262,664,2,3,0,27.65,123,3
CUST001705,796,2,3,0,25.38,294,0
CUST001314,615,16,4,0,25.95,223,0
CUST003888,613,2,5,3,21.72,26,1
CUST002551,573,7,13,2,26.0,149,0
CUST004354,665,14,9,0,12.03,151,0
CUST003042,756,8,12,1,37.75,16,3
CUST002162,571,13,2,0,24.89,274,2
CUST002428,594,5,1,0,26.64,273,0
CUST003028,665,11,11,0,27.65,229,1
CUST004149,753,9,1,0,1.54,36,0
CUST001018,650,19,1,0,23.25,20,2
CUST002434,736,23,9,0,52.54,181,0
CUST003899,680,12,7,0,6.91,312,2
CUST004759,713,7,2,0,20.0,148,3
CUST000767,658,17,12,1,14.61,11,1
CUST000318,584,20,6,0,14.75,22,0
CUST000827,736,23,6,0,80.2,289,1
CUST000973,706,4,4,0,27.67,88,0
CUST004006,693,7,1,1,28.39,234,0
CUST003357,596,12,13,0,17.85,221,0
CUST003233,518,6,5,0,15.16,215,0
CUST003966,710,19,13,0,19.92,227,3
CUST002157,547,15,8,0,34.79,7,0
CUST002210,617,6,1,0,24.17,149,1
CUST003169,705,18,1,1,12.37,278,1
CUST002185,529,9,12,0,31.03,247,0
CUST001316,677,21,2,1,52.34,242,2
CUST000052,623,19,7,1,57.83,131,1
CUST004858,647,24,8,0,8.98,256,2
CUST001114,521,24,11,0,50.63,150,0
CUST004225,652,23,14,2,33.07,348,0
CUST003801,757,17,7,0,16.91,340,0
CUST000463,653,5,4,2,48.25,123,1
CUST001236,827,13,1,1,52.28,119,1
CUST003489,575,20,9,0,52.12,89,2
CUST002917,843,4,13,3,33.91,106,4
CUST000071,741,23,9,0,47.37,76,0
CUST002650,806,3,6,1,14.44,265,3
CUST003473,999,9,1,2,35.42,146,0
CUST002208,716,6,8,0,31.14,349,0
CUST000861,561,2,5,0,9.38,71,1
CUST003134,693,6,7,0,10.58,154,2
CUST000238,519,15,11,0,37.72,232,0
CUST000562,999,5,9,0,24.08,141,0
CUST003186,843,9,5,0,44.74,157,0
CUST001826,713,17,6,0,25.75,171,1
CUST001817,632,6,5,0,21.42,107,1
CUST004612,753,12,2,0,20.15,206,0
CUST001813,745,14,1,0,19.47,250,0
CUST001642,702,9,7,0,39.55,149,0
CUST003861,717,12,3,0,85.05,201,2
CUST000760,612,4,8,0,43.04,177,0
CUST003288,700,2,3,1,6.98,226,0
CUST004399,728,5,12,2,25.34,180,1
CUST004539,658,20,14,0,24.61,319,3
CUST002018,640,15,8,1,12.15,222,0
CUST002029,678,23,1,0,53.04,333,1
CUST004450,693,3,13,0,19.91,100,4
CUST001805,682,15,5,1,24.73,197,0
CUST003821,700,8,2,1,19.75,97,4
CUST004597,676,12,5,2,16.23,9,0
CUST002150,709,4,13,2,53.17,195,0
CUST000794,732,18,14,0,16.64,195,1
CUST000014,665,16,4,2,20.92,175,1
CUST003924,669,22,6,0,42.48,329,6
CUST002056,652,5,5,0,13.51,325,0
CUST003518,612,20,2,0,11.23,243,6
CUST002602,670,11,2,1,31.53,233,3
CUST004537,493,18,12,0,26.43,174,0
CUST003118,705,18,6,1,18.04,162,0
CUST001464,826,13,3,0,4.89,63,0
CUST000204,630,16,12,1,28.34,358,4
CUST000911,779,12,6,0,67.13,327,0
CUST000688,686,15,1,0,3.8,200,0
CUST004152,587,16,4,0,38.35,237,1
CUST001044,589,14,11,0,36.08,88,0
CUST000840,704,3,8,2,10.82,112,0
CUST003133,629,6,4,0,12.22,259,1
CUST004849,823,21,9,0,18.39,82,0
CUST004157,657,7,3,1,34.42,53,1
CUST002981,567,16,9,0,44.06,147,0
CUST001357,653,12,11,1,23.79,167,2
CUST001580,538,2,14,0,15.5,322,0
CUST001852,502,13,3,0,28.17,202,4
CUST004521,671,18,7,0,21.88,178,2
CUST004879,666,2,6,0,25.41,9,0
CUST003060,719,3,8,1,8.68,181,0
CUST003044,999,3,11,0,21.15,239,0
CUST004029,845,19,1,0,10.73,111,0
CUST000563,692,23,9,2,16.4,205,0
CUST004300,777,4,7,0,14.98,142,2
CUST001205,698,17,9,0,34.28,312,0
CUST003228,731,11,11,1,8.25,132,0
CUST002568,739,16,1,0,32.12,126,0
CUST004565,746,13,10,0,51.92,31,6
CUST003385,652,14,6,0,22.48,140,4
CUST000484,775,13,14,0,31.55,40,0
CUST005000,570,22,10,0,33.07,82,0
CUST001100,829,8,12,0,23.03,296,0
CUST001045,603,20,4,0,20.37,38,0
CUST002690,624,16,13,0,16.69,151,0
CUST004764,566,21,11,1,47.39,213,1
CUST003918,666,8,10,0,29.09,84,0
CUST004920,708,22,13,0,13.02,62,0
CUST004474,737,15,6,0,51.39,161,1
CUST000421,696,14,3,0,30.75,342,2
CUST002814,834,15,7,0,32.18,289,1
CUST002747,665,21,9,2,33.84,56,2
CUST002516,703,13,3,0,29.31,21,0
CUST002047,810,8,9,0,26.63,216,0
CUST001860,775,3,3,1,40.7,241,3
CUST000257,642,17,7,2,48.96,195,5
CUST003680,600,19,9,3,19.28,67,3
CUST003505,691,2,1,1,15.49,24,2
CUST004253,649,2,11,1,31.92,70,0
CUST004214,736,16,2,2,45.42,62,6
CUST001796,560,11,8,0,43.01,233,0
CUST000895,677,14,7,0,33.02,117,1
CUST000159,592,4,7,1,22.73,275,1
CUST003501,678,24,7,0,25.27,330,1
CUST003502,752,6,13,0,21.16,209,6
CUST002141,850,18,9,0,34.41,156,1
CUST002479,999,9,8,0,20.73,325,0
CUST001109,783,3,13,2,37.78,169,1
CUST002095,609,8,13,2,14.72,333,0
CUST002463,487,22,7,0,32.76,156,2
CUST000680,769,13,1,0,18.65,46,0
CUST004608,707,7,4,0,17.31,57,0
CUST003208,660,22,5,0,38.78,191,1
CUST004327,628,23,9,0,22.26,354,2
CUST000766,711,22,11,0,21.08,218,3
CUST001457,515,21,12,1,29.57,171,4
CUST001343,583,23,2,0,19.64,93,0
CUST000942,630,22,11,0,72.99,356,1
CUST000113,713,3,9,0,22.32,27,1
CUST003704,716,8,3,0,34.36,116,3
CUST004866,734,7,10,1,32.2,271,3
CUST003254,669,2,3,0,36.42,119,1
CUST000009,737,18,14,0,59.93,173,1
CUST001419,577,23,5,0,19.21,188,4
CUST000982,641,7,5,0,37.83,97,6
CUST002459,601,5,3,0,22.19,290,2
CUST002780,718,11,13,0,19.28,324,0
CUST001191,638,23,4,0,24.4,288,3
CUST000035,726,20,9,0,35.2,214,1
CUST002269,710,7,5,0,34.51,233,0
CUST000244,669,3,1,0,48.39,224,0
CUST003761,617,9,2,0,17.6,302,3
CUST001532,702,7,13,0,7.06,352,3
CUST001699,670,10,11,0,38.47,87,2
CUST001875,745,16,7,0,22.29,141,0
CUST000826,538,20,14,0,15.67,129,6
CUST004005,685,23,3,0,42.65,155,1
CUST004320,644,16,10,2,67.52,178,3
CUST001266,629,23,10,1,191.36,28,2
CUST004870,798,5,14,2,65.23,211,0
CUST000598,635,10,1,0,22.49,114,4
CUST000556,504,23,7,0,4.19,85,0
CUST003517,723,19,13,0,49.25,347,5
CUST004506,764,14,6,1,71.81,38,6
CUST000462,716,12,11,0,23.79,278,0
CUST000169,522,4,13,1,6.72,197,0
CUST001942,676,4,7,0,40.96,20,0
CUST000932,607,19,3,0,11.02,241,0
CUST000137,801,21,8,1,72.18,320,2
CUST001267,646,8,12,0,18.56,246,0
CUST002976,706,18,1,1,62.08,34,4
CUST001331,701,14,8,0,37.72,95,1
CUST001634,748,15,2,3,33.47,28,1
CUST000676,798,13,6,2,15.84,315,1
CUST004526,671,9,14,0,43.13,101,1
CUST001885,586,20,12,0,38.45,115,1
CUST002093,809,2,6,0,14.14,112,0
CUST001944,641,19,1,0,12.46,190,1
CUST002224,731,15,3,2,68.63,138,0
CUST003571,648,19,8,0,30.82,56,0
CUST002021,672,21,6,0,28.69,248,0
CUST001400,558,24,7,0,26.36,213,2
CUST003990,667,6,13,0,9.54,329,0
CUST000274,716,10,2,0,30.7,170,0
CUST004736,608,15,13,0,11.19,313,0
CUST000096,778,6,5,1,35.04,147,6
CUST001773,803,4,4,0,33.05,333,0
CUST004767,686,23,2,1,32.58,201,0
CUST000787,711,18,14,1,23.99,54,5
CUST000233,709,17,5,0,33.96,130,1
CUST000203,643,8,1,0,12.73,45,2
CUST003148,623,17,3,0,29.42,269,3
CUST004806,616,15,12,0,23.36,82,1
CUST002444,583,13,6,3,12.04,49,1
CUST003843,632,2,4,1,35.11,349,6
CUST000017,760,20,10,1,43.66,105,2
CUST003826,641,14,11,0,12.83,152,2
CUST002695,722,4,12,2,18.52,108,0
CUST002722,718,7,4,0,31.09,151,0
CUST001010,688,3,9,1,43.4,309,1
CUST001218,702,18,4,0,36.07,23,2
CUST004752,585,5,4,0,25.82,158,2
CUST001945,687,11,3,1,51.03,94,2
CUST003824,632,4,2,0,24.79,32,2
CUST004997,777,13,8,0,6.25,203,0
CUST003642,716,3,11,1,5.57,346,3
CUST003063,743,8,3,0,49.59,51,2
CUST002991,667,12,12,1,8.86,118,0
CUST003605,620,22,12,0,23.82,165,1
CUST000853,660,22,11,0,17.85,163,1
CUST000021,556,22,6,0,5.48,217,6
CUST001437,607,24,2,0,22.45,58,2
CUST002287,569,5,13,0,31.09,303,3
CUST004203,660,16,8,0,23.54,132,0
CUST001081,748,2,9,0,22.98,72,1
CUST000121,656,21,5,0,24.53,293,1
CUST004027,590,20,9,0,49.18,20,0
CUST002036,725,2,1,0,6.25,92,0
CUST002499,539,7,8,0,33.14,222,0
CUST000665,583,11,2,0,147.56,151,3
CUST003174,702,15,10,0,62.3,84,2
CUST003490,769,16,8,0,4.62,349,1
CUST004386,664,24,1,1,4.86,50,2
CUST001700,532,19,14,0,18.22,174,1
CUST000173,688,8,1,2,12.11,103,4
CUST002841,830,11,11,1,11.17,294,0
CUST002699,760,8,9,3,6.59,31,0
CUST001306,636,3,10,0,67.39,273,0
CUST000036,654,11,3,0,6.56,60,1
CUST003981,724,3,1,1,38.03,225,0
CUST003841,721,11,11,0,7.74,224,5
CUST002592,544,18,8,0,8.73,215,3
CUST000490,686,4,4,0,63.87,332,1
CUST003115,787,8,1,0,9.85,285,0
CUST004867,668,19,9,0,55.77,356,0
CUST002380,655,16,2,1,3.51,272,0
CUST002540,818,8,11,0,7.11,77,0
CUST002846,681,4,11,0,51.16,74,3
CUST001092,738,22,1,0,9.17,85,3
CUST004418,743,2,1,0,10.38,157,6
CUST004948,698,15,2,0,42.22,341,1
CUST001023,999,20,14,0,23.64,330,4
CUST001648,538,10,9,0,32.88,54,2
CUST001474,623,21,8,1,16.01,183,1
CUST003566,643,23,4,0,29.8,87,0
CUST002868,765,21,2,0,54.8,134,4
CUST003638,725,5,11,0,24.31,329,3
CUST001490,606,5,9,0,23.8,235,3
CUST000373,646,4,8,0,27.15,27,5
CUST001351,621,15,12,2,17.64,327,3
CUST003226,590,17,11,0,39.37,238,0
CUST002929,666,7,5,0,61.31,73,2
CUST003688,752,23,10,0,21.83,139,1
CUST003748,570,8,10,1,29.87,223,4
CUST002101,774,18,10,0,0.34,18,2
CUST004504,695,17,11,0,35.74,273,3
CUST004954,691,19,2,0,16.89,330,0
CUST004823,659,11,10,0,0.98,312,1
CUST002292,687,9,3,2,31.1,186,1
CUST000478,674,15,8,0,27.18,129,1
CUST000353,687,10,12,1,14.48,300,2
CUST002730,637,21,13,0,13.61,33,0
CUST002421,731,17,13,0,49.36,219,0
CUST003412,510,22,8,0,31.33,338,3
CUST001754,742,9,7,0,51.67,325,3
CUST003934,725,11,14,0,55.46,204,2
CUST001370,721,21,9,2,62.5,33,0
CUST004541,713,15,7,0,31.56,261,2
CUST005001,702,3,13,0,6.32,84,0
CUST005002,740,9,10,0,25.51,287,0
CUST005003,710,9,3,3,23.31,209,3
CUST005004,650,8,1,0,18.85,114,0
CUST005005,628,16,3,0,26.53,43,1
CUST005006,675,24,2,0,21.22,157,1
CUST005007,793,15,6,0,66.8,201,0
CUST005008,742,12,5,0,45.96,315,0
CUST005009,719,10,10,2,59.41,165,0
CUST005010,432,3,11,0,32.58,135,3
CUST005011,550,2,9,1,34.66,234,0
CUST005012,706,11,13,0,10.71,165,5
CUST005013,774,15,8,0,18.37,347,0
CUST005014,641,21,5,0,47.59,298,2
CUST005015,684,7,2,0,29.55,204,1
CUST005016,642,20,13,1,28.53,295,0
CUST005017,587,8,10,0,22.81,354,4
CUST005018,0,14,12,0,24.71,90,0
CUST005019,690,19,6,0,55.4,131,2
CUST005020,817,12,10,0,32.04,192,2
CUST005021,668,4,14,2,26.13,79,3
CUST005022,679,19,5,0,135.72,123,3
CUST005023,796,8,4,0,17.81,205,1
CUST005024,728,20,8,0,58.12,52,2
CUST005025,727,11,14,2,47.14,59,1
CUST005026,730,8,8,0,43.58,256,1
CUST005027,643,3,8,0,55.11,155,0
CUST005028,685,15,5,0,24.69,84,5
CUST005029,714,23,6,1,56.62,172,0
CUST005030,645,15,3,0,29.88,84,1
CUST005031,667,4,6,2,51.5,293,2
CUST005032,663,10,3,0,36.17,213,0
CUST005033,582,21,8,0,16.84,325,0
CUST005034,791,16,12,1,36.19,287,3
CUST005035,647,7,9,0,41.72,204,1
CUST005036,629,13,11,1,10.04,273,0
CUST005037,708,15,5,1,6.49,12,3
CUST005038,806,17,9,1,40.52,67,0
CUST005039,630,9,8,0,63.42,18,2
CUST005040,677,11,11,0,47.65,277,3
CUST005041,441,5,8,0,48.98,148,1
CUST005042,831,22,11,0,16.98,8,0
CUST005043,629,4,2,1,30.64,297,1
CUST005044,451,4,8,0,18.88,321,1
CUST005045,763,8,5,0,12.94,258,1
CUST005046,574,4,13,3,50.12,26,0
CUST005047,568,11,11,0,23.41,248,1
CUST005048,588,21,6,2,59.24,344,0
CUST005049,633,6,9,0,8.83,81,1
CUST005050,809,15,2,2,4.6,159,0
CUST005051,562,11,10,0,40.93,327,0
CUST005052,740,10,14,1,5.12,317,0
CUST005053,614,7,1,0,15.41,190,3
CUST005054,628,4,2,0,10.47,217,0
CUST005055,649,12,2,3,24.52,162,1
CUST005056,666,4,8,0,36.55,353,1
CUST005057,704,7,11,1,33.99,167,0
CUST005058,538,17,7,0,55.35,63,1
CUST005059,850,7,2,0,7.52,300,5
CUST005060,675,8,2,0,26.36,136,0
CUST005061,577,10,9,0,16.04,252,3
CUST005062,794,12,2,0,59.97,296,1
CUST005063,663,14,9,0,12.36,77,2
CUST005064,661,15,6,0,14.61,349,1
CUST005065,748,4,11,0,10.05,35,0
CUST005066,519,7,1,1,12.51,85,1
CUST005067,731,15,10,1,38.55,333,1
CUST005068,693,11,6,2,23.5,298,1
CUST005069,627,15,1,0,12.27,84,1
CUST005070,653,17,11,2,21.07,14,2
CUST005071,620,13,6,0,7.26,171,2
CUST005072,685,18,1,0,24.71,162,1
CUST005073,695,23,13,0,14.28,301,3
CUST005074,581,23,6,0,42.12,179,2
CUST005075,612,12,10,0,31.45,226,0
CUST005076,517,6,3,0,25.98,179,4
CUST005077,582,12,6,3,5.55,97,0
CUST005078,608,20,3,0,47.99,83,1
CUST005079,491,20,12,0,39.81,73,1
CUST005080,709,22,13,0,20.01,172,1
CUST005081,734,17,10,0,16.77,185,1
CUST005082,850,9,6,0,11.9,167,2
CUST005083,709,9,11,1,41.85,22,2
CUST005084,608,22,6,0,31.3,121,1
CUST005085,676,20,7,3,66.6,210,0
CUST005086,712,6,6,1,29.6,195,0
CUST005087,706,15,6,0,38.94,339,2
CUST005088,595,19,14,3,48.88,217,2
CUST005089,787,5,6,1,65.04,284,0
CUST005090,732,5,9,0,34.75,73,5
CUST005091,760,8,7,0,2.07,317,2
CUST005092,770,13,8,0,40.44,323,2
CUST005093,745,14,2,0,38.09,278,1
CUST005094,725,13,3,0,11.05,160,1
CUST005095,716,15,2,0,17.4,58,6
CUST005096,693,11,13,0,24.71,67,3
CUST005097,662,13,13,0,15.93,297,1
CUST005098,690,9,11,0,14.27,287,0
CUST005099,608,6,5,2,56.86,279,2
CUST005100,748,12,8,0,11.92,211,3
